date_ut,time_ut,jd,observer,site,resolving_power,lambda_min,lambda_max,r_class,ha_loose,ha_strict,file
2012-04-01,22:01,2456019.418,SCH,DUR-FR,10000.0,4277.0,7120.0,high,True,True,spectra/asdb_tcrb_20120401_917.fit
2013-02-17,03:31,2456340.647,FTE,ORS-FR,967.0,4001.0,7000.0,low,True,True,spectra/asdb_tcrb_20130217_146.fit
2013-04-02,02:24,2456384.6,FTE,ORS-FR,751.0,4000.0,7550.0,low,True,True,spectra/asdb_tcrb_20130402_100.fit
2013-04-03,01:00,2456385.542,BUI,CAS-FR,617.0,3741.0,7561.0,low,True,True,spectra/asdb_tcrb_20130403_041.fit
2013-04-18,03:07,2456400.63,FTE,ORS-FR,773.0,4000.0,7501.0,low,True,True,spectra/asdb_tcrb_20130418_129.fit
2013-05-02,23:29,2456415.479,FTE,ORS-FR,757.0,3800.0,7500.0,low,True,True,spectra/asdb_tcrb_20130502_979.fit
2013-05-06,23:22,2456419.474,FTE,ORS-FR,801.0,4001.0,7500.0,low,True,True,spectra/asdb_tcrb_20130506_974.fit
2013-07-19,21:08,2456493.381,FTE,ORS-FR,836.0,4000.0,7501.0,low,True,True,spectra/asdb_tcrb_20130719_880.fit
2013-07-20,21:24,2456494.392,FTE,ORS-FR,851.0,4001.0,7500.0,low,True,True,spectra/asdb_tcrb_20130720_892.fit
2013-08-01,20:34,2456506.357,FTE,ORS-FR,817.0,4001.0,7500.0,low,True,True,spectra/asdb_tcrb_20130801_857.fit
2013-08-09,21:07,2456514.38,FTE,ORS-FR,811.0,4001.0,7500.0,low,True,True,spectra/asdb_tcrb_20130809_879.fit
2014-03-20,02:18,2456736.596,JMO,CAL-FR,601.0,3813.0,7391.0,low,True,True,spectra/asdb_tcrb_20140320_096.fit
2014-04-03,06:30,2456750.771,LES,MRO-CA,1345.0,4024.0,7482.0,low,True,True,spectra/asdb_tcrb_20140403_271.fit
2014-04-05,23:05,2456753.462,REV,OHP-FR,765.0,3901.0,7400.0,low,True,True,spectra/asdb_tcrb_20140405_961.fit
2014-04-06,00:43,2456753.53,JPM,OHP-FR,429.0,3603.0,7404.0,low,True,True,spectra/asdb_tcrb_20140406_030.fit
2014-04-14,00:21,2456761.515,JMO,CAL-FR,623.0,3841.0,7500.0,low,True,True,spectra/asdb_tcrb_20140414_015.fit
2014-04-15,22:39,2456763.444,DBO,WCO-UK,919.0,3900.0,7591.0,low,True,True,spectra/asdb_tcrb_20140415_944.fit
2014-04-16,23:06,2456764.463,JMO,CAL-FR,600.0,3895.0,7578.0,low,True,True,spectra/asdb_tcrb_20140416_962.fit
2014-04-17,23:19,2456765.472,BUI,CAS-FR,2080.0,5745.0,6657.0,mid,True,False,spectra/asdb_tcrb_20140417_972.fit
2014-04-18,22:45,2456766.448,JGF,SMM-SP,732.0,3955.0,7567.0,low,True,True,spectra/asdb_tcrb_20140418_948.fit
2014-05-03,22:00,2456781.417,JGF,SMM-SP,650.0,3853.0,7571.0,low,True,True,spectra/asdb_tcrb_20140503_916.fit
2014-05-04,00:30,2456781.521,FTE,ORS-FR,987.0,4000.0,7551.0,low,True,True,spectra/asdb_tcrb_20140504_021.fit
2014-05-04,23:16,2456782.47,JMO,CAL-FR,636.0,3883.0,7396.0,low,True,True,spectra/asdb_tcrb_20140504_969.fit
2014-05-30,21:10,2456808.382,FTE,ORS-FR,1010.0,4001.0,7550.0,low,True,True,spectra/asdb_tcrb_20140530_881.fit
2014-05-31,22:22,2456809.432,JMO,CAL-FR,651.0,3914.0,7385.0,low,True,True,spectra/asdb_tcrb_20140531_932.fit
2014-06-20,21:47,2456829.408,FTE,ORS-FR,1030.0,4001.0,7500.0,low,True,True,spectra/asdb_tcrb_20140620_907.fit
2014-08-08,23:03,2456878.461,MRO,MAD-SP,492.0,3765.0,7605.0,low,True,True,spectra/asdb_tcrb_20140808_961.fit
2015-02-15,00:04,2457068.503,PSO,TAT-HU,532.0,3651.0,7924.0,low,True,True,spectra/asdb_tcrb_20150215_003.fit
2015-02-18,03:12,2457071.634,FTE,ORS-FR,1066.0,3900.0,7501.0,low,True,True,spectra/asdb_tcrb_20150218_134.fit
2015-03-01,07:07,2457082.797,LES,MRO-CA,8723.0,5992.0,7096.0,high,True,True,spectra/asdb_tcrb_20150301_297.fit
2015-03-21,00:05,2457102.504,PSO,TAT-HU,3723.0,6037.0,6764.0,mid,True,True,spectra/asdb_tcrb_20150321_004.fit
2015-04-07,00:40,2457119.528,JMO,CAL-FR,611.0,3838.0,7387.0,low,True,True,spectra/asdb_tcrb_20150407_027.fit
2015-04-11,00:00,2457123.5,PSO,TAT-HU,4055.0,6048.0,6766.0,mid,True,True,spectra/asdb_tcrb_20150411_000.fit
2015-04-13,23:51,2457126.494,JMO,CAL-FR,631.0,3944.0,7388.0,low,True,True,spectra/asdb_tcrb_20150413_994.fit
2015-04-14,23:49,2457127.493,OGA,OHP-FR,524.0,3801.0,8071.0,low,True,True,spectra/asdb_tcrb_20150414_993.fit
2015-04-16,04:06,2457128.671,LES,MRO-CA,1971.0,4000.0,7475.0,low,True,True,spectra/asdb_tcrb_20150416_170.fit
2015-04-17,22:43,2457130.447,JGF,SMM-SP,1028.0,3726.0,7448.0,low,True,True,spectra/asdb_tcrb_20150417_946.fit
2015-04-18,22:46,2457131.449,FTE,ORS-FR,11000.0,4210.0,7163.0,high,True,True,spectra/asdb_tcrb_20150418_949.fit
2015-04-19,22:46,2457132.449,DBO,WCO-UK,897.0,3900.0,8100.0,low,True,True,spectra/asdb_tcrb_20150419_949.fit
2015-04-20,22:30,2457133.438,PSO,TAT-HU,12432.0,6498.0,6611.0,high,False,False,spectra/asdb_tcrb_20150420_937.fit
2015-04-27,21:15,2457140.386,FTE,ORS-FR,11000.0,4210.0,7167.0,high,True,True,spectra/asdb_tcrb_20150427_885.fit
2015-05-08,21:38,2457151.402,FTE,ORS-FR,11000.0,4210.0,7167.0,high,True,True,spectra/asdb_tcrb_20150508_902.fit
2015-05-11,22:03,2457154.419,PSO,TAT-HU,16924.0,6502.0,6614.0,high,False,False,spectra/asdb_tcrb_20150511_919.fit
2015-05-16,21:24,2457159.392,FTE,ORS-FR,11000.0,4210.0,7167.0,high,True,True,spectra/asdb_tcrb_20150516_891.fit
2015-05-18,20:39,2457161.361,BER,BVO-IT,5873.0,6339.0,6789.0,mid,True,True,spectra/asdb_tcrb_20150518_861.fit
2015-05-22,03:31,2457164.647,GKA,MAN-US,543.0,3710.0,7348.0,low,True,True,spectra/asdb_tcrb_20150522_146.fit
2015-05-25,12:53,2457168.037,DLI,JAD-CH,14791.0,6501.0,6612.0,high,False,False,spectra/asdb_tcrb_20150525_537.fit
2015-05-27,21:30,2457170.396,JGF,SMM-SP,976.0,3768.0,7391.0,low,True,True,spectra/asdb_tcrb_20150527_896.fit
2015-06-06,20:16,2457180.345,PSO,TAT-HU,12051.0,6512.0,6623.0,high,False,False,spectra/asdb_tcrb_20150606_845.fit
2015-06-13,04:19,2457186.68,GKA,GRL-US,535.0,3774.0,7368.0,low,True,True,spectra/asdb_tcrb_20150613_179.fit
2015-07-11,22:06,2457215.421,PSO,TAT-HU,3583.0,6069.0,6792.0,mid,True,True,spectra/asdb_tcrb_20150711_921.fit
2015-07-11,22:49,2457215.451,PSO,TAT-HU,3090.0,5106.0,5833.0,mid,False,False,spectra/asdb_tcrb_20150711_950.fit
2015-08-29,21:20,2457264.389,VBO,OAO-FR,655.0,3800.0,7800.0,low,True,True,spectra/asdb_tcrb_20150829_888.fit
2015-12-31,05:08,2457387.714,PSO,TAT-HU,3331.0,6356.0,7076.0,mid,True,True,spectra/asdb_tcrb_20151231_214.fit
2016-02-07,03:02,2457425.627,PSO,TAT-HU,2414.0,6385.0,7095.0,mid,True,True,spectra/asdb_tcrb_20160207_127.fit
2016-02-17,03:53,2457435.662,FTE,ORS-FR,11000.0,4144.0,7162.0,high,True,True,spectra/asdb_tcrb_20160217_162.fit
2016-02-27,02:21,2457445.598,PSO,TAT-HU,1866.0,4608.0,5331.0,low,False,False,spectra/asdb_tcrb_20160227_097.fit
2016-02-27,04:01,2457445.668,PSO,TAT-HU,2014.0,5456.0,6176.0,mid,False,False,spectra/asdb_tcrb_20160227_167.fit
2016-02-29,04:09,2457447.673,FTE,ORS-FR,11000.0,4144.0,7162.0,high,True,True,spectra/asdb_tcrb_20160229_173.fit
2016-03-12,07:01,2457459.793,LES,MRO-CA,9000.0,6000.0,7102.0,high,True,True,spectra/asdb_tcrb_20160312_292.fit
2016-03-13,00:31,2457460.522,JGF,SMM-SP,1040.0,3858.0,7531.0,low,True,True,spectra/asdb_tcrb_20160313_022.fit
2016-03-15,02:06,2457462.588,OGA,OTO-FR,11000.0,4480.0,7310.0,high,True,True,spectra/asdb_tcrb_20160315_087.fit
2016-03-18,00:04,2457465.503,PSO,TAT-HU,1911.0,4567.0,5290.0,low,False,False,spectra/asdb_tcrb_20160318_003.fit
2016-03-18,00:25,2457465.518,PSO,TAT-HU,1907.0,4568.0,5291.0,low,False,False,spectra/asdb_tcrb_20160318_017.fit
2016-03-18,00:46,2457465.532,PSO,TAT-HU,1878.0,4568.0,5291.0,low,False,False,spectra/asdb_tcrb_20160318_032.fit
2016-03-18,01:07,2457465.547,PSO,TAT-HU,1862.0,4568.0,5291.0,low,False,False,spectra/asdb_tcrb_20160318_046.fit
2016-03-18,01:27,2457465.561,PSO,TAT-HU,1856.0,4568.0,5291.0,low,False,False,spectra/asdb_tcrb_20160318_061.fit
2016-03-18,01:49,2457465.576,PSO,TAT-HU,1858.0,4568.0,5291.0,low,False,False,spectra/asdb_tcrb_20160318_075.fit
2016-03-18,02:09,2457465.59,PSO,TAT-HU,1843.0,4567.0,5291.0,low,False,False,spectra/asdb_tcrb_20160318_089.fit
2016-03-18,02:29,2457465.604,PSO,TAT-HU,1841.0,4568.0,5291.0,low,False,False,spectra/asdb_tcrb_20160318_104.fit
2016-03-18,02:51,2457465.619,PSO,TAT-HU,1832.0,4568.0,5291.0,low,False,False,spectra/asdb_tcrb_20160318_118.fit
2016-03-30,07:32,2457477.814,LES,MRO-CA,6500.0,4263.0,5418.0,mid,False,False,spectra/asdb_tcrb_20160330_313.fit
2016-04-01,02:41,2457479.612,FTE,ORS-FR,11000.0,4144.0,7162.0,high,True,True,spectra/asdb_tcrb_20160401_111.fit
2016-04-03,00:57,2457481.54,PSO,TAT-HU,466.0,4190.0,7122.0,low,True,True,spectra/asdb_tcrb_20160403_039.fit
2016-04-09,22:39,2457488.444,DBO,WCO-UK,854.0,3901.0,7400.0,low,True,True,spectra/asdb_tcrb_20160409_944.fit
2016-04-12,22:29,2457491.437,DBO,WCO-UK,840.0,3900.0,7400.0,low,True,True,spectra/asdb_tcrb_20160412_936.fit
2016-04-14,03:18,2457492.638,FTE,ORS-FR,11000.0,4144.0,7162.0,high,True,True,spectra/asdb_tcrb_20160414_138.fit
2016-04-15,23:11,2457494.466,FCA,PAG-SP,810.0,3777.0,7310.0,low,True,True,spectra/asdb_tcrb_20160415_965.fit
2016-04-16,23:38,2457495.485,FTE,ORS-FR,11000.0,4144.0,7162.0,high,True,True,spectra/asdb_tcrb_20160416_985.fit
2016-04-19,23:44,2457498.489,PSO,TAT-HU,2402.0,6375.0,7096.0,mid,True,True,spectra/asdb_tcrb_20160419_988.fit
2016-04-22,00:43,2457500.53,PSO,TAT-HU,1898.0,4554.0,5279.0,low,False,False,spectra/asdb_tcrb_20160422_029.fit
2016-04-23,22:52,2457502.453,FTE,ORS-FR,11000.0,4144.0,7162.0,high,True,True,spectra/asdb_tcrb_20160423_953.fit
2016-04-27,21:17,2457506.387,AJW,YAT-UK,13454.0,6475.0,6633.0,high,True,False,spectra/asdb_tcrb_20160427_886.fit
2016-04-28,22:03,2457507.419,FTE,ORS-FR,11000.0,4144.0,7162.0,high,True,True,spectra/asdb_tcrb_20160428_919.fit
2016-04-28,22:35,2457507.441,JGF,SMM-SP,871.0,3815.0,7442.0,low,True,True,spectra/asdb_tcrb_20160428_940.fit
2016-04-30,00:04,2457508.503,OGA,OTO-FR,30000.0,4178.0,7314.0,high,True,True,spectra/asdb_tcrb_20160430_002.fit
2016-04-30,01:10,2457508.549,PSO,TAT-HU,1697.0,4543.0,5270.0,low,False,False,spectra/asdb_tcrb_20160430_049.fit
2016-04-30,22:43,2457509.447,FTE,ORS-FR,11000.0,4144.0,7162.0,high,True,True,spectra/asdb_tcrb_20160430_946.fit
2016-04-30,22:55,2457509.455,FCA,PAG-SP,813.0,3806.0,7293.0,low,True,True,spectra/asdb_tcrb_20160430_954.fit
2016-05-03,21:31,2457512.397,DBO,WCO-UK,806.0,3900.0,7400.0,low,True,True,spectra/asdb_tcrb_20160503_897.fit
2016-05-05,00:59,2457513.541,JMO,CAL-FR,667.0,3792.0,7383.0,low,True,True,spectra/asdb_tcrb_20160505_040.fit
2016-05-11,04:13,2457519.676,LES,MRO-CA,9000.0,5995.0,7097.0,high,True,True,spectra/asdb_tcrb_20160511_175.fit
2016-05-14,21:51,2457523.411,FTE,ORS-FR,11000.0,4144.0,7162.0,high,True,True,spectra/asdb_tcrb_20160514_911.fit
2016-05-15,22:27,2457524.436,PSO,TAT-HU,2463.0,6377.0,7098.0,mid,True,True,spectra/asdb_tcrb_20160515_936.fit
2016-05-16,22:14,2457525.427,PSO,TAT-HU,1887.0,4543.0,5271.0,low,False,False,spectra/asdb_tcrb_20160516_926.fit
2016-05-20,22:55,2457529.455,PSO,TAT-HU,1884.0,4545.0,5273.0,low,False,False,spectra/asdb_tcrb_20160520_954.fit
2016-05-26,21:04,2457535.378,PSO,TAT-HU,2490.0,6451.0,7172.0,mid,True,False,spectra/asdb_tcrb_20160526_877.fit
2016-05-27,00:12,2457535.509,PSO,TAT-HU,1890.0,4527.0,5256.0,low,False,False,spectra/asdb_tcrb_20160527_009.fit
2016-05-27,21:20,2457536.389,BER,BVO-IT,5448.0,6336.0,6798.0,mid,True,True,spectra/asdb_tcrb_20160527_889.fit
2016-05-30,22:24,2457539.434,DBO,WCO-UK,766.0,3901.0,7400.0,low,True,True,spectra/asdb_tcrb_20160530_934.fit
2016-06-04,22:26,2457544.435,FRA,BAL-IT,532.0,3831.0,7231.0,low,True,True,spectra/asdb_tcrb_20160604_934.fit
2016-06-05,04:16,2457544.678,GKA,GRL-US,523.0,3603.0,7404.0,low,True,True,spectra/asdb_tcrb_20160605_178.fit
2016-06-06,22:48,2457546.45,PSO,TAT-HU,1670.0,4585.0,5313.0,low,False,False,spectra/asdb_tcrb_20160606_949.fit
2016-06-08,21:20,2457548.389,FTE,ORS-FR,11000.0,4143.0,7162.0,high,True,True,spectra/asdb_tcrb_20160608_888.fit
2016-06-11,22:40,2457551.445,JGF,SMM-SP,1089.0,3812.0,7471.0,low,True,True,spectra/asdb_tcrb_20160611_944.fit
2016-06-17,03:34,2457556.649,GKA,GRL-US,540.0,3700.0,7382.0,low,True,True,spectra/asdb_tcrb_20160617_149.fit
2016-06-18,21:48,2457558.409,FCA,PAG-SP,714.0,3772.0,7309.0,low,True,True,spectra/asdb_tcrb_20160618_909.fit
2016-06-18,23:42,2457558.488,PSO,TAT-HU,1867.0,4548.0,5276.0,low,False,False,spectra/asdb_tcrb_20160618_987.fit
2016-06-22,21:31,2457562.397,JGF,SMM-SP,1060.0,3792.0,7439.0,low,True,True,spectra/asdb_tcrb_20160622_897.fit
2016-06-24,21:04,2457564.378,BER,BVO-IT,5237.0,6334.0,6797.0,mid,True,True,spectra/asdb_tcrb_20160624_878.fit
2016-06-25,21:33,2457565.398,FTE,ORS-FR,11000.0,4143.0,7162.0,high,True,True,spectra/asdb_tcrb_20160625_898.fit
2016-06-25,22:14,2457565.427,JGF,SMM-SP,1163.0,3838.0,7446.0,low,True,True,spectra/asdb_tcrb_20160625_926.fit
2016-07-01,21:43,2457571.405,CHK,OAF-FR,670.0,3800.0,8000.0,low,True,True,spectra/asdb_tcrb_20160701_904.fit
2016-07-01,22:53,2457571.454,PSO,TAT-HU,1851.0,4548.0,5276.0,low,False,False,spectra/asdb_tcrb_20160701_954.fit
2016-07-02,21:48,2457572.409,JGF,SMM-SP,1226.0,3745.0,7455.0,low,True,True,spectra/asdb_tcrb_20160702_908.fit
2016-07-06,21:48,2457576.409,FTE,ORS-FR,11000.0,4143.0,7162.0,high,True,True,spectra/asdb_tcrb_20160706_908.fit
2016-07-09,21:48,2457579.409,JGF,SMM-SP,1057.0,3775.0,7446.0,low,True,True,spectra/asdb_tcrb_20160709_909.fit
2016-07-16,21:50,2457586.41,FTE,ORS-FR,11000.0,4144.0,7162.0,high,True,True,spectra/asdb_tcrb_20160716_909.fit
2016-07-16,22:58,2457586.457,GMAYBU,OSM-FR,1166.0,3950.0,7590.0,low,True,True,spectra/asdb_tcrb_20160716_956.fit
2016-07-18,21:00,2457588.375,JGF,SMM-SP,975.0,3841.0,7424.0,low,True,True,spectra/asdb_tcrb_20160718_875.fit
2016-07-20,20:49,2457590.368,PSO,TAT-HU,2491.0,6460.0,7182.0,mid,True,False,spectra/asdb_tcrb_20160720_868.fit
2016-07-23,21:27,2457593.394,JGF,SMM-SP,1046.0,3792.0,7446.0,low,True,True,spectra/asdb_tcrb_20160723_893.fit
2016-07-24,20:45,2457594.365,FCA,PAG-SP,757.0,3791.0,7317.0,low,True,True,spectra/asdb_tcrb_20160724_864.fit
2016-07-25,00:27,2457594.519,MRO,MAD-SP,830.0,5715.0,7228.0,low,True,True,spectra/asdb_tcrb_20160725_019.fit
2016-07-31,20:54,2457601.371,JGF,SMM-SP,1137.0,3784.0,7433.0,low,True,True,spectra/asdb_tcrb_20160731_871.fit
2016-08-05,21:33,2457606.398,FTE,ORS-FR,11000.0,4210.0,7162.0,high,True,True,spectra/asdb_tcrb_20160805_897.fit
2016-08-06,20:15,2457607.344,PSO,TAT-HU,2546.0,6448.0,7169.0,mid,True,False,spectra/asdb_tcrb_20160806_843.fit
2016-08-06,21:37,2457607.401,PSO,TAT-HU,1891.0,4545.0,5272.0,low,False,False,spectra/asdb_tcrb_20160806_901.fit
2016-08-06,23:13,2457607.468,MRO,MAD-SP,728.0,5468.0,6981.0,low,True,True,spectra/asdb_tcrb_20160806_968.fit
2016-08-10,20:57,2457611.373,JGF,SMM-SP,1046.0,3812.0,7444.0,low,True,True,spectra/asdb_tcrb_20160810_873.fit
2016-08-12,21:31,2457613.397,VLE,OHP-FR,509.0,3760.0,7300.0,low,True,True,spectra/asdb_tcrb_20160812_897.fit
2016-08-13,22:06,2457614.421,JMO,CAL-FR,660.0,3753.0,7392.0,low,True,True,spectra/asdb_tcrb_20160813_921.fit
2016-08-20,22:30,2457621.438,MRO,MAD-SP,11000.0,5741.0,7283.0,high,True,True,spectra/asdb_tcrb_20160820_937.fit
2016-08-22,20:42,2457623.363,FTE,ORS-FR,11000.0,4300.0,7150.0,high,True,True,spectra/asdb_tcrb_20160822_862.fit
2016-08-22,22:27,2457623.436,CBO,OHP-FR,519.0,3700.0,7570.0,low,True,True,spectra/asdb_tcrb_20160822_935.fit
2016-08-24,20:29,2457625.354,FCA,PAG-SP,760.0,3838.0,7379.0,low,True,True,spectra/asdb_tcrb_20160824_854.fit
2016-09-07,19:46,2457639.324,PSO,TAT-HU,2516.0,6442.0,7162.0,mid,True,False,spectra/asdb_tcrb_20160907_823.fit
2016-09-07,20:45,2457639.365,PSO,TAT-HU,1828.0,4538.0,5266.0,low,False,False,spectra/asdb_tcrb_20160907_865.fit
2016-09-10,19:09,2457642.298,PSO,TAT-HU,11378.0,5839.0,5966.0,high,False,False,spectra/asdb_tcrb_20160910_797.fit
2016-09-26,17:54,2457658.246,PSO,TAT-HU,1575.0,4548.0,5277.0,low,False,False,spectra/asdb_tcrb_20160926_745.fit
2016-09-26,19:12,2457658.3,PSO,TAT-HU,2499.0,6438.0,7158.0,mid,True,False,spectra/asdb_tcrb_20160926_799.fit
2016-11-13,16:32,2457706.189,PSO,TAT-HU,1807.0,4563.0,5289.0,low,False,False,spectra/asdb_tcrb_20161113_690.fit
2016-11-13,17:16,2457706.22,PSO,TAT-HU,2436.0,6596.0,7314.0,mid,False,False,spectra/asdb_tcrb_20161113_719.fit
2016-11-13,18:01,2457706.251,PSO,TAT-HU,2431.0,5999.0,6720.0,mid,True,True,spectra/asdb_tcrb_20161113_752.fit
2016-11-26,16:52,2457719.203,PSO,TAT-HU,2448.0,6473.0,7191.0,mid,True,False,spectra/asdb_tcrb_20161126_702.fit
2016-12-29,05:11,2457751.716,PSO,TAT-HU,2525.0,6438.0,7162.0,mid,True,False,spectra/asdb_tcrb_20161229_217.fit
2017-01-21,04:33,2457774.69,PSO,TAT-HU,730.0,4234.0,7197.0,low,True,True,spectra/asdb_tcrb_20170121_189.fit
2017-01-21,04:50,2457774.702,FTE,ORS-FR,11000.0,4207.0,7162.0,high,True,True,spectra/asdb_tcrb_20170121_201.fit
2017-02-16,03:02,2457800.627,FRA,BAL-IT,545.0,3846.0,7235.0,low,True,True,spectra/asdb_tcrb_20170216_126.fit
2017-02-26,03:21,2457810.64,PSO,TAT-HU,16984.0,6492.0,6602.0,high,False,False,spectra/asdb_tcrb_20170226_139.fit
2017-03-05,03:15,2457817.636,FTE,ORS-FR,11000.0,4141.0,7162.0,high,True,True,spectra/asdb_tcrb_20170305_136.fit
2017-03-11,00:36,2457823.525,FCA,PAG-SP,875.0,3756.0,7289.0,low,True,True,spectra/asdb_tcrb_20170311_024.fit
2017-03-24,12:21,2457837.015,JRF,UHO-US,964.0,3900.0,7591.0,low,True,True,spectra/asdb_tcrb_20170324_514.fit
2017-03-24,23:21,2457837.473,DBO,WCO-UK,731.0,3901.0,7380.0,low,True,True,spectra/asdb_tcrb_20170324_972.fit
2017-03-25,02:19,2457837.597,FTE,ORS-FR,11000.0,4208.0,7397.0,high,True,True,spectra/asdb_tcrb_20170325_096.fit
2017-03-26,06:15,2457838.761,LES,MRO-CA,9000.0,6022.0,7123.0,high,True,True,spectra/asdb_tcrb_20170326_260.fit
2017-03-26,23:28,2457839.478,PSO,TAT-HU,14106.0,6499.0,6609.0,high,False,False,spectra/asdb_tcrb_20170326_978.fit
2017-03-30,08:29,2457842.854,FAS,DCO-US,742.0,3865.0,7451.0,low,True,True,spectra/asdb_tcrb_20170330_354.fit
2017-04-01,12:08,2457845.006,JRF,UHO-US,885.0,3801.0,7596.0,low,True,True,spectra/asdb_tcrb_20170401_505.fit
2017-04-02,01:39,2457845.569,PSO,TAT-HU,7733.0,4815.0,4961.0,high,False,False,spectra/asdb_tcrb_20170402_069.fit
2017-04-02,23:34,2457846.482,PSO,TAT-HU,20068.0,6502.0,6611.0,high,False,False,spectra/asdb_tcrb_20170402_982.fit
2017-04-03,05:22,2457846.724,LES,MRO-CA,6200.0,4292.0,5446.0,mid,False,False,spectra/asdb_tcrb_20170403_224.fit
2017-04-08,00:24,2457851.517,JMO,CAL-FR,662.0,3843.0,7389.0,low,True,True,spectra/asdb_tcrb_20170408_016.fit
2017-04-09,23:08,2457853.464,PSO,TAT-HU,19809.0,6501.0,6611.0,high,False,False,spectra/asdb_tcrb_20170409_963.fit
2017-04-09,23:41,2457853.487,FCA,PAG-SP,873.0,3734.0,7274.0,low,True,True,spectra/asdb_tcrb_20170409_987.fit
2017-04-11,23:21,2457855.473,FTE,ORS-FR,11000.0,4208.0,7397.0,high,True,True,spectra/asdb_tcrb_20170411_972.fit
2017-04-12,23:03,2457856.461,TRO,PON-UK,562.0,3800.0,7380.0,low,True,True,spectra/asdb_tcrb_20170412_960.fit
2017-04-13,04:20,2457856.681,JPGMERCBO,PDM-FR,577.0,2137.0,8750.0,low,True,True,spectra/asdb_tcrb_20170413_180.fit
2017-04-13,23:31,2457857.48,BUI,CAS-FR,46891.0,4674.0,4706.0,high,False,False,spectra/asdb_tcrb_20170413_979.fit
2017-04-15,22:04,2457859.42,DBO,WCO-UK,726.0,3901.0,7380.0,low,True,True,spectra/asdb_tcrb_20170415_919.fit
2017-04-20,23:26,2457864.477,MER,MAU-FR,567.0,3940.0,7800.0,low,True,True,spectra/asdb_tcrb_20170420_976.fit
2017-04-21,06:33,2457864.773,FAS,DCO-US,742.0,3867.0,7452.0,low,True,True,spectra/asdb_tcrb_20170421_272.fit
2017-04-22,00:43,2457865.53,FTE,ORS-FR,11000.0,4208.0,7397.0,high,True,True,spectra/asdb_tcrb_20170422_030.fit
2017-04-22,22:14,2457866.427,FCA,PAG-SP,983.0,3728.0,7273.0,low,True,True,spectra/asdb_tcrb_20170422_926.fit
2017-04-29,23:02,2457873.46,PSO,TAT-HU,1808.0,4481.0,5200.0,low,False,False,spectra/asdb_tcrb_20170429_959.fit
2017-04-30,00:37,2457873.526,PSO,TAT-HU,16819.0,6500.0,6610.0,high,False,False,spectra/asdb_tcrb_20170430_026.fit
2017-05-01,00:34,2457874.524,PSO,TAT-HU,10536.0,4812.0,4957.0,high,False,False,spectra/asdb_tcrb_20170501_024.fit
2017-05-01,06:34,2457874.774,FAS,DCO-US,816.0,3866.0,7451.0,low,True,True,spectra/asdb_tcrb_20170501_273.fit
2017-05-06,23:35,2457880.483,FCA,PAG-SP,796.0,3723.0,7261.0,low,True,True,spectra/asdb_tcrb_20170506_983.fit
2017-05-11,22:48,2457885.45,JGF,PIE-SP,9000.0,4052.0,7498.0,high,True,True,spectra/asdb_tcrb_20170511_950.fit
2017-05-13,21:20,2457887.389,FCA,PAG-SP,848.0,3773.0,7312.0,low,True,True,spectra/asdb_tcrb_20170513_888.fit
2017-05-13,22:32,2457887.439,FTE,ORS-FR,11000.0,4208.0,7160.0,high,True,True,spectra/asdb_tcrb_20170513_939.fit
2017-05-13,22:32,2457887.439,PSO,TAT-HU,1916.0,4493.0,5213.0,low,False,False,spectra/asdb_tcrb_20170513_940.fit
2017-05-19,21:02,2457893.377,FCA,PAG-SP,761.0,3747.0,7190.0,low,True,True,spectra/asdb_tcrb_20170519_876.fit
2017-05-25,22:30,2457899.438,DBO,WCO-UK,756.0,3901.0,7380.0,low,True,True,spectra/asdb_tcrb_20170525_938.fit
2017-05-25,22:42,2457899.446,FTE,ORS-FR,11000.0,4210.0,7150.0,high,True,True,spectra/asdb_tcrb_20170525_945.fit
2017-05-26,00:02,2457899.502,MER,MAU-FR,607.0,3740.0,7800.0,low,True,True,spectra/asdb_tcrb_20170526_001.fit
2017-05-26,21:11,2457900.383,FRA,BAL-IT,531.0,3832.0,7235.0,low,True,True,spectra/asdb_tcrb_20170526_882.fit
2017-05-26,21:43,2457900.405,FCA,PAG-SP,884.0,3765.0,7303.0,low,True,True,spectra/asdb_tcrb_20170526_905.fit
2017-05-29,03:14,2457902.635,GKA,GRL-US,518.0,3603.0,7404.0,low,True,True,spectra/asdb_tcrb_20170529_134.fit
2017-05-31,22:48,2457905.45,JGF,SMM-SP,9000.0,4052.0,7761.0,high,True,True,spectra/asdb_tcrb_20170531_949.fit
2017-06-15,03:23,2457919.641,GKA,GRL-US,543.0,3682.0,7388.0,low,True,True,spectra/asdb_tcrb_20170615_141.fit
2017-06-19,20:41,2457924.362,FRA,BAL-IT,530.0,3841.0,7231.0,low,True,True,spectra/asdb_tcrb_20170619_862.fit
2017-06-23,23:00,2457928.459,FCA,PAG-SP,924.0,3851.0,7371.0,low,True,True,spectra/asdb_tcrb_20170623_959.fit
2017-06-25,05:38,2457929.735,JRF,MTP-US,893.0,3941.0,7400.0,low,True,True,spectra/asdb_tcrb_20170625_235.fit
2017-06-29,20:39,2457934.361,PSO,TAT-HU,669.0,3546.0,7890.0,low,True,True,spectra/asdb_tcrb_20170629_861.fit
2017-07-03,20:47,2457938.366,FRA,BAL-IT,535.0,3841.0,7236.0,low,True,True,spectra/asdb_tcrb_20170703_865.fit
2017-07-06,03:40,2457940.653,LES,MRO-CA,13000.0,4030.0,7950.0,high,True,True,spectra/asdb_tcrb_20170706_153.fit
2017-07-16,21:15,2457951.386,FCA,PAG-SP,955.0,3756.0,7297.0,low,True,True,spectra/asdb_tcrb_20170716_885.fit
2017-08-15,19:29,2457981.312,FRA,BAL-IT,530.0,3841.0,7231.0,low,True,True,spectra/asdb_tcrb_20170815_811.fit
2017-08-26,04:55,2457991.705,JRF,MTP-US,957.0,3880.0,7399.0,low,True,True,spectra/asdb_tcrb_20170826_204.fit
2017-08-28,20:58,2457994.374,DBO,WCO-UK,904.0,3901.0,7380.0,low,True,True,spectra/asdb_tcrb_20170828_874.fit
2017-09-16,19:42,2458013.321,FCA,PAG-SP,517.0,3818.0,7346.0,low,True,True,spectra/asdb_tcrb_20170916_821.fit
2017-09-22,03:31,2458018.647,JRF,MTP-US,606.0,3864.0,7400.0,low,True,True,spectra/asdb_tcrb_20170922_146.fit
2017-09-23,03:23,2458019.641,JRF,MTP-US,640.0,3863.0,7401.0,low,True,True,spectra/asdb_tcrb_20170923_141.fit
2017-10-07,19:22,2458034.307,FCA,PAG-SP,871.0,3723.0,7275.0,low,True,True,spectra/asdb_tcrb_20171007_806.fit
2017-10-12,19:04,2458039.295,DBO,WCO-UK,1043.0,3901.0,7380.0,low,True,True,spectra/asdb_tcrb_20171012_794.fit
2017-12-28,05:42,2458115.738,FTE,ORS-FR,11000.0,4142.0,7395.0,high,True,True,spectra/asdb_tcrb_20171228_238.fit
2018-02-10,03:44,2458159.656,FTE,ORS-FR,11000.0,4209.0,7395.0,high,True,True,spectra/asdb_tcrb_20180210_155.fit
2018-02-24,03:50,2458173.66,FTE,ORS-FR,11000.0,4209.0,7395.0,high,True,True,spectra/asdb_tcrb_20180224_160.fit
2018-03-03,08:55,2458180.872,FAS,DCO-US,1041.0,3726.0,7290.0,low,True,True,spectra/asdb_tcrb_20180303_371.fit
2018-03-10,03:33,2458187.648,FTE,ORS-FR,11000.0,4209.0,7395.0,high,True,True,spectra/asdb_tcrb_20180310_148.fit
2018-03-23,00:53,2458200.537,PSO,TAT-HU,676.0,3625.0,7875.0,low,True,True,spectra/asdb_tcrb_20180323_037.fit
2018-03-23,23:52,2458201.495,PSO,TAT-HU,3384.0,6453.0,7152.0,mid,True,False,spectra/asdb_tcrb_20180323_995.fit
2018-03-24,00:50,2458201.535,PSO,TAT-HU,1861.0,4510.0,5225.0,low,False,False,spectra/asdb_tcrb_20180324_035.fit
2018-03-24,01:48,2458201.575,PSO,TAT-HU,1012.0,3616.0,4279.0,low,False,False,spectra/asdb_tcrb_20180324_075.fit
2018-04-04,09:47,2458212.908,FAS,DCO-US,1053.0,3727.0,7291.0,low,True,True,spectra/asdb_tcrb_20180404_408.fit
2018-04-04,21:51,2458213.411,JGF,SMM-SP,9000.0,4062.0,7748.0,high,True,True,spectra/asdb_tcrb_20180404_910.fit
2018-04-14,00:48,2458222.534,PSO,TAT-HU,662.0,3550.0,7892.0,low,True,True,spectra/asdb_tcrb_20180414_034.fit
2018-04-15,06:50,2458223.785,FAS,DCO-US,1057.0,3726.0,7290.0,low,True,True,spectra/asdb_tcrb_20180415_284.fit
2018-04-17,23:57,2458226.498,BUI,CAS-FR,11000.0,3987.0,5285.0,high,False,False,spectra/asdb_tcrb_20180417_997.fit
2018-04-18,06:37,2458226.776,FAS,DCO-US,1017.0,3726.0,7290.0,low,True,True,spectra/asdb_tcrb_20180418_276.fit
2018-04-19,23:34,2458228.482,DBO,WCO-UK,1024.0,3901.0,7380.0,low,True,True,spectra/asdb_tcrb_20180419_982.fit
2018-04-21,00:24,2458229.517,BUI,CAS-FR,11000.0,3930.0,5287.0,high,False,False,spectra/asdb_tcrb_20180421_016.fit
2018-04-21,22:20,2458230.431,BUI,CAS-FR,11000.0,3951.0,7357.0,high,True,True,spectra/asdb_tcrb_20180421_931.fit
2018-04-22,01:35,2458230.566,CBO,OCT-FR,505.0,3700.0,7570.0,low,True,True,spectra/asdb_tcrb_20180422_066.fit
2018-04-22,04:14,2458230.677,LES,MRO-CA,12000.0,4031.0,7948.0,high,True,True,spectra/asdb_tcrb_20180422_177.fit
2018-05-04,06:50,2458242.785,FAS,DCO-US,1016.0,3840.0,7281.0,low,True,True,spectra/asdb_tcrb_20180504_285.fit
2018-05-05,00:11,2458243.508,CBO,OCT-FR,503.0,3700.0,7570.0,low,True,True,spectra/asdb_tcrb_20180505_007.fit
2018-05-05,00:59,2458243.541,JMO,CAL-FR,636.0,3734.0,7763.0,low,True,True,spectra/asdb_tcrb_20180505_040.fit
2018-05-05,07:50,2458243.827,FAS,DCO-US,1004.0,3726.0,7289.0,low,True,True,spectra/asdb_tcrb_20180505_326.fit
2018-05-05,22:14,2458244.427,PSO,TAT-HU,674.0,3586.0,7891.0,low,True,True,spectra/asdb_tcrb_20180505_927.fit
2018-05-07,21:38,2458246.402,DBO,WCO-UK,854.0,3901.0,7381.0,low,True,True,spectra/asdb_tcrb_20180507_901.fit
2018-05-08,02:57,2458246.623,GKA,MAN-US,541.0,3946.0,7347.0,low,True,True,spectra/asdb_tcrb_20180508_122.fit
2018-05-09,06:25,2458247.768,FAS,DCO-US,940.0,3726.0,7290.0,low,True,True,spectra/asdb_tcrb_20180509_268.fit
2018-05-11,00:08,2458249.506,JMO,CAL-FR,651.0,3855.0,7555.0,low,True,True,spectra/asdb_tcrb_20180511_005.fit
2018-05-11,08:26,2458249.852,FAS,DCO-US,1028.0,3726.0,7290.0,low,True,True,spectra/asdb_tcrb_20180511_352.fit
2018-05-15,06:34,2458253.774,FAS,DCO-US,1047.0,3727.0,7291.0,low,True,True,spectra/asdb_tcrb_20180515_273.fit
2018-05-18,22:49,2458257.451,GMAYBU,OSM-FR,785.0,3604.0,7404.0,low,True,True,spectra/asdb_tcrb_20180518_951.fit
2018-05-19,22:55,2458258.455,FTE,ORS-FR,11000.0,4286.0,7395.0,high,True,True,spectra/asdb_tcrb_20180519_955.fit
2018-05-21,22:43,2458260.447,DBO,WCO-UK,956.0,3901.0,7381.0,low,True,True,spectra/asdb_tcrb_20180521_946.fit
2018-06-03,05:55,2458272.747,FAS,DCO-US,1043.0,3726.0,7289.0,low,True,True,spectra/asdb_tcrb_20180603_246.fit
2018-06-04,06:30,2458273.771,FAS,DCO-US,1051.0,3726.0,7291.0,low,True,True,spectra/asdb_tcrb_20180604_271.fit
2018-06-05,03:56,2458274.664,GKA,GRL-US,536.0,3603.0,7405.0,low,True,True,spectra/asdb_tcrb_20180605_164.fit
2018-06-09,05:29,2458278.729,FAS,DCO-US,1002.0,3726.0,7289.0,low,True,True,spectra/asdb_tcrb_20180609_229.fit
2018-06-09,22:14,2458279.427,FRA,BAL-IT,525.0,3835.0,7236.0,low,True,True,spectra/asdb_tcrb_20180609_926.fit
2018-06-12,00:04,2458281.503,PCA,LEC-IT,545.0,3703.0,7201.0,low,True,True,spectra/asdb_tcrb_20180612_002.fit
2018-06-12,07:32,2458281.814,JRF,MTP-US,917.0,3920.0,7395.0,low,True,True,spectra/asdb_tcrb_20180612_313.fit
2018-06-16,21:07,2458286.38,SOL,AQL-IT,7199.0,6378.0,6762.0,high,True,True,spectra/asdb_tcrb_20180616_879.fit
2018-06-20,23:44,2458290.489,CBO,OCT-FR,508.0,3700.0,7570.0,low,True,True,spectra/asdb_tcrb_20180620_989.fit
2018-06-22,06:46,2458291.782,FAS,DCO-US,1008.0,3726.0,7290.0,low,True,True,spectra/asdb_tcrb_20180622_281.fit
2018-07-01,04:35,2458300.691,FAS,DCO-US,903.0,3726.0,7290.0,low,True,True,spectra/asdb_tcrb_20180701_190.fit
2018-07-08,06:20,2458307.764,JRF,MTP-US,817.0,3865.0,7400.0,low,True,True,spectra/asdb_tcrb_20180708_263.fit
2018-07-12,22:43,2458312.447,DBO,WCO-UK,1046.0,3901.0,7380.0,low,True,True,spectra/asdb_tcrb_20180712_947.fit
2018-08-05,21:20,2458336.389,FTE,ORS-FR,11000.0,4290.0,7350.0,high,True,True,spectra/asdb_tcrb_20180805_888.fit
2018-08-27,05:13,2458357.718,JRF,UHO-US,8972.0,6421.0,6694.0,high,True,False,spectra/asdb_tcrb_20180827_218.fit
2018-08-31,21:36,2458362.4,JMO,CAL-FR,654.0,3874.0,7356.0,low,True,True,spectra/asdb_tcrb_20180831_899.fit
2018-09-19,03:37,2458380.651,JRF,UHO-US,7261.0,6430.0,6694.0,high,True,False,spectra/asdb_tcrb_20180919_151.fit
2018-09-23,19:49,2458385.326,FCA,PAG-SP,671.0,3874.0,7420.0,low,True,True,spectra/asdb_tcrb_20180923_825.fit
2019-02-15,03:40,2458529.653,FTE,ORS-FR,11000.0,4500.0,7100.0,high,True,True,spectra/asdb_tcrb_20190215_152.fit
2019-02-16,02:54,2458530.621,CBO,OCT-FR,503.0,3700.0,7570.0,low,True,True,spectra/asdb_tcrb_20190216_120.fit
2019-02-24,00:50,2458538.535,PSO,TAT-HU,685.0,3602.0,7880.0,low,True,True,spectra/asdb_tcrb_20190224_034.fit
2019-03-16,23:54,2458559.496,FCA,PAG-SP,909.0,3886.0,7427.0,low,True,True,spectra/asdb_tcrb_20190316_995.fit
2019-03-23,00:53,2458565.537,PSO,TAT-HU,3393.0,7993.0,8692.0,mid,False,False,spectra/asdb_tcrb_20190323_037.fit
2019-03-23,23:24,2458566.475,PSO,TAT-HU,13429.0,6503.0,6613.0,high,False,False,spectra/asdb_tcrb_20190323_974.fit
2019-03-30,00:54,2458572.538,CBO,OCT-FR,504.0,3700.0,7570.0,low,True,True,spectra/asdb_tcrb_20190330_037.fit
2019-03-30,23:19,2458573.472,PSO,TAT-HU,1901.0,4506.0,5221.0,low,False,False,spectra/asdb_tcrb_20190330_973.fit
2019-04-04,22:45,2458578.448,JGF,PIE-SP,9000.0,3980.0,7762.0,high,True,True,spectra/asdb_tcrb_20190404_948.fit
2019-04-12,00:37,2458585.526,MER,MAU-FR,586.0,3750.0,7790.0,low,True,True,spectra/asdb_tcrb_20190412_025.fit
2019-04-12,01:23,2458585.558,CBO,OCT-FR,505.0,3700.0,7570.0,low,True,True,spectra/asdb_tcrb_20190412_058.fit
2019-04-13,07:09,2458586.798,FAS,DCO-US,985.0,3726.0,7275.0,low,True,True,spectra/asdb_tcrb_20190413_297.fit
2019-04-14,00:23,2458587.516,JCO,STO-UK,519.0,3800.0,7400.0,low,True,True,spectra/asdb_tcrb_20190414_015.fit
2019-04-19,22:53,2458593.454,DBO,WCO-UK,1082.0,3901.0,7379.0,low,True,True,spectra/asdb_tcrb_20190419_954.fit
2019-04-25,22:32,2458599.439,PAD,KOL-SK,616.0,3750.0,7400.0,low,True,True,spectra/asdb_tcrb_20190425_939.fit
2019-04-28,23:03,2458602.461,FTE,ORS-FR,11000.0,4300.0,7300.0,high,True,True,spectra/asdb_tcrb_20190428_960.fit
2019-05-02,07:32,2458605.814,FAS,DCO-US,1032.0,3727.0,7276.0,low,True,True,spectra/asdb_tcrb_20190502_313.fit
2019-05-06,03:20,2458609.639,LES,MRO-CA,14000.0,4031.0,7950.0,high,True,True,spectra/asdb_tcrb_20190506_138.fit
2019-05-07,06:27,2458610.769,FAS,DCO-US,987.0,3725.0,7274.0,low,True,True,spectra/asdb_tcrb_20190507_269.fit
2019-05-08,21:37,2458612.401,PAD,KOL-SK,653.0,3750.0,7550.0,low,True,True,spectra/asdb_tcrb_20190508_900.fit
2019-05-11,22:43,2458615.447,FTE,ORS-FR,11000.0,4060.0,7200.0,high,True,True,spectra/asdb_tcrb_20190511_946.fit
2019-05-12,22:45,2458616.448,JGF,PIE-SP,9000.0,4052.0,7763.0,high,True,True,spectra/asdb_tcrb_20190512_947.fit
2019-05-21,21:12,2458625.384,JGF,PIE-SP,9000.0,4052.0,7763.0,high,True,True,spectra/asdb_tcrb_20190521_884.fit
2019-05-24,05:24,2458627.725,FAS,DCO-US,1048.0,3725.0,7275.0,low,True,True,spectra/asdb_tcrb_20190524_224.fit
2019-05-25,08:02,2458628.835,JRF,UHO-US,438.0,3700.0,7395.0,low,True,True,spectra/asdb_tcrb_20190525_334.fit
2019-05-27,02:32,2458630.606,GKA,MAN-US,566.0,3977.0,7396.0,low,True,True,spectra/asdb_tcrb_20190527_106.fit
2019-05-29,09:00,2458632.875,JRF,UHO-US,470.0,3850.0,7396.0,low,True,True,spectra/asdb_tcrb_20190529_374.fit
2019-05-30,22:32,2458634.439,JGF,PIE-SP,9000.0,3980.0,7763.0,high,True,True,spectra/asdb_tcrb_20190530_938.fit
2019-06-01,22:07,2458636.422,FTE,ORS-FR,11000.0,4035.0,7353.0,high,True,True,spectra/asdb_tcrb_20190601_922.fit
2019-06-06,05:22,2458640.724,FAS,DCO-US,907.0,3721.0,7305.0,low,True,True,spectra/asdb_tcrb_20190606_223.fit
2019-06-06,21:31,2458641.397,JGF,PIE-SP,9000.0,3980.0,7763.0,high,True,True,spectra/asdb_tcrb_20190606_896.fit
2019-06-15,22:36,2458650.442,DBO,WCO-UK,1031.0,3901.0,7380.0,low,True,True,spectra/asdb_tcrb_20190615_941.fit
2019-06-16,00:07,2458650.505,CBO,OCT-FR,507.0,3700.0,7570.0,low,True,True,spectra/asdb_tcrb_20190616_005.fit
2019-06-17,21:53,2458652.412,JGF,PIE-SP,9000.0,4763.0,6986.0,high,True,True,spectra/asdb_tcrb_20190617_912.fit
2019-06-21,23:28,2458656.478,SCH,DUR-FR,11000.0,4524.0,7593.0,high,True,True,spectra/asdb_tcrb_20190621_977.fit
2019-06-24,03:28,2458658.645,LES,MRO-CA,14000.0,4031.0,7950.0,high,True,True,spectra/asdb_tcrb_20190624_144.fit
2019-06-24,21:02,2458659.377,PAD,KOL-SK,679.0,3700.0,7550.0,low,True,True,spectra/asdb_tcrb_20190624_876.fit
2019-06-26,03:59,2458660.666,GKA,GRL-US,509.0,3603.0,7404.0,low,True,True,spectra/asdb_tcrb_20190626_165.fit
2019-06-27,21:54,2458662.413,JGF,PIE-SP,9000.0,4052.0,8041.0,high,True,True,spectra/asdb_tcrb_20190627_913.fit
2019-07-01,06:17,2458665.762,JRF,MTP-US,669.0,3700.0,7396.0,low,True,True,spectra/asdb_tcrb_20190701_262.fit
2019-07-02,22:55,2458667.455,DBO,WCO-UK,1143.0,3901.0,7380.0,low,True,True,spectra/asdb_tcrb_20190702_955.fit
2019-07-04,05:05,2458668.712,FAS,DCO-US,1021.0,3711.0,7296.0,low,True,True,spectra/asdb_tcrb_20190704_211.fit
2019-07-05,05:52,2458669.745,JRF,MTP-US,915.0,6306.0,9591.0,low,True,True,spectra/asdb_tcrb_20190705_245.fit
2019-07-12,21:43,2458677.405,FTE,ORS-FR,11000.0,4300.0,7300.0,high,True,True,spectra/asdb_tcrb_20190712_905.fit
2019-07-19,20:12,2458684.342,FRA,BAL-IT,528.0,3871.0,7231.0,low,True,True,spectra/asdb_tcrb_20190719_842.fit
2019-07-20,05:16,2458684.72,JRF,UHO-US,598.0,3750.0,7401.0,low,True,True,spectra/asdb_tcrb_20190720_219.fit
2019-08-05,20:32,2458701.356,VLE,OHP-FR,568.0,3650.0,7300.0,low,True,True,spectra/asdb_tcrb_20190805_856.fit
2019-08-07,21:11,2458703.383,FTE,ORS-FR,11000.0,4200.0,7340.0,high,True,True,spectra/asdb_tcrb_20190807_882.fit
2019-08-10,04:43,2458705.697,JRF,UHO-US,1047.0,6207.0,9621.0,low,True,True,spectra/asdb_tcrb_20190810_196.fit
2019-08-13,04:26,2458708.685,JRF,UHO-US,2034.0,5818.0,6827.0,mid,True,True,spectra/asdb_tcrb_20190813_184.fit
2019-08-14,05:42,2458709.738,JRF,UHO-US,1807.0,4841.0,5845.0,low,False,False,spectra/asdb_tcrb_20190814_237.fit
2019-08-15,23:02,2458711.46,MRO,MAD-SP,493.0,3805.0,7001.0,low,True,True,spectra/asdb_tcrb_20190815_959.fit
2019-08-20,05:11,2458715.716,JRF,UHO-US,13238.0,6484.0,6640.0,high,True,False,spectra/asdb_tcrb_20190820_216.fit
2019-08-22,22:36,2458718.442,DBO,WCO-UK,1098.0,3901.0,7370.0,low,True,True,spectra/asdb_tcrb_20190822_941.fit
2019-08-23,22:55,2458719.455,GMAYBU,OSM-FR,1150.0,3700.0,7400.0,low,True,True,spectra/asdb_tcrb_20190823_955.fit
2019-08-25,20:38,2458721.36,FCA,PAG-SP,863.0,3846.0,7390.0,low,True,True,spectra/asdb_tcrb_20190825_860.fit
2019-09-01,21:01,2458728.376,DBO,WCO-UK,1143.0,3901.0,7381.0,low,True,True,spectra/asdb_tcrb_20190901_875.fit
2019-09-02,19:52,2458729.328,FTE,ORS-FR,11000.0,4500.0,7200.0,high,True,True,spectra/asdb_tcrb_20190902_828.fit
2019-09-13,21:25,2458740.393,DBO,WCO-UK,1154.0,3901.0,7380.0,low,True,True,spectra/asdb_tcrb_20190913_892.fit
2019-10-02,02:48,2458758.617,FAS,DCO-US,1055.0,3716.0,7274.0,low,True,True,spectra/asdb_tcrb_20191002_117.fit
2019-10-02,19:26,2458759.31,DBO,WCO-UK,1155.0,3802.0,7390.0,low,True,True,spectra/asdb_tcrb_20191002_810.fit
2020-02-15,14:00,2458895.084,JRF,UHO-US,518.0,3650.0,7400.0,low,True,True,spectra/asdb_tcrb_20200215_584.fit
2020-03-03,12:38,2458912.027,JRF,UHO-US,509.0,3606.0,7400.0,low,True,True,spectra/asdb_tcrb_20200303_528.fit
2020-03-18,01:00,2458926.542,PCA,LEC-IT,524.0,3802.0,7300.0,low,True,True,spectra/asdb_tcrb_20200318_042.fit
2020-03-24,04:22,2458932.682,FTE,ORS-FR,11000.0,4500.0,7250.0,high,True,True,spectra/asdb_tcrb_20200324_182.fit
2020-03-24,08:32,2458932.856,FAS,DCO-US,1028.0,3717.0,7305.0,low,True,True,spectra/asdb_tcrb_20200324_356.fit
2020-03-29,11:21,2458937.973,JRF,UHO-US,919.0,6255.0,9601.0,low,True,True,spectra/asdb_tcrb_20200329_474.fit
2020-03-30,10:36,2458938.942,FAS,DCO-US,1041.0,3717.0,7306.0,low,True,True,spectra/asdb_tcrb_20200330_442.fit
2020-03-31,11:54,2458939.996,JRF,UHO-US,527.0,3650.0,7400.0,low,True,True,spectra/asdb_tcrb_20200331_496.fit
2020-04-01,05:51,2458940.744,LES,MRO-CA,14000.0,4031.0,7955.0,high,True,True,spectra/asdb_tcrb_20200401_244.fit
2020-04-01,23:05,2458941.462,TMEPAD,KOL-SK,690.0,3800.0,7590.0,low,True,True,spectra/asdb_tcrb_20200401_962.fit
2020-04-04,23:32,2458944.481,DBO,WCO-UK,1009.0,3900.0,7381.0,low,True,True,spectra/asdb_tcrb_20200404_981.fit
2020-04-05,00:43,2458944.53,CBO,OCT-FR,505.0,3700.0,7570.0,low,True,True,spectra/asdb_tcrb_20200405_030.fit
2020-04-05,02:11,2458944.591,FTE,ORS-FR,11000.0,4200.0,7100.0,high,True,True,spectra/asdb_tcrb_20200405_090.fit
2020-04-05,09:44,2458944.906,FAS,DCO-US,1016.0,3717.0,7305.0,low,True,True,spectra/asdb_tcrb_20200405_406.fit
2020-04-05,23:29,2458945.479,JMI,CLX-FR,1224.0,3800.0,7550.0,low,True,True,spectra/asdb_tcrb_20200405_979.fit
2020-04-06,00:37,2458945.526,IBR,HVR-FR,858.0,3545.0,6044.0,low,False,False,spectra/asdb_tcrb_20200406_025.fit
2020-04-06,05:21,2458945.723,LES,MRO-CA,14000.0,4031.0,7955.0,high,True,True,spectra/asdb_tcrb_20200406_222.fit
2020-04-07,00:56,2458946.539,IBR,HVR-FR,718.0,3545.0,6044.0,low,False,False,spectra/asdb_tcrb_20200407_039.fit
2020-04-07,01:40,2458946.57,FTE,ORS-FR,11000.0,4000.0,7200.0,high,True,True,spectra/asdb_tcrb_20200407_069.fit
2020-04-07,09:36,2458946.9,FAS,DCO-US,1014.0,3716.0,7305.0,low,True,True,spectra/asdb_tcrb_20200407_399.fit
2020-04-09,00:10,2458948.507,IBR,HVR-FR,628.0,3548.0,6066.0,low,False,False,spectra/asdb_tcrb_20200409_006.fit
2020-04-11,00:30,2458950.521,PCA,LEC-IT,604.0,3801.0,7299.0,low,True,True,spectra/asdb_tcrb_20200411_021.fit
2020-04-11,00:47,2458950.533,CBO,OCT-FR,508.0,3700.0,7570.0,low,True,True,spectra/asdb_tcrb_20200411_033.fit
2020-04-13,01:22,2458952.557,IBR,HVR-FR,597.0,3426.0,6023.0,low,False,False,spectra/asdb_tcrb_20200413_057.fit
2020-04-13,06:46,2458952.782,FAS,DCO-US,960.0,3716.0,7304.0,low,True,True,spectra/asdb_tcrb_20200413_282.fit
2020-04-13,22:35,2458953.441,DBO,WCO-UK,1112.0,3900.0,7381.0,low,True,True,spectra/asdb_tcrb_20200413_940.fit
2020-04-14,00:25,2458953.518,IBR,HVR-FR,386.0,3450.0,6011.0,low,False,False,spectra/asdb_tcrb_20200414_017.fit
2020-04-14,00:46,2458953.532,CBO,OCT-FR,502.0,3700.0,7566.0,low,True,True,spectra/asdb_tcrb_20200414_031.fit
2020-04-14,22:36,2458954.442,IBR,HVR-FR,552.0,3448.0,6005.0,low,False,False,spectra/asdb_tcrb_20200414_942.fit
2020-04-15,06:43,2458954.78,FAS,DCO-US,1031.0,3714.0,7302.0,low,True,True,spectra/asdb_tcrb_20200415_279.fit
2020-04-16,09:38,2458955.902,FAS,DCO-US,1007.0,3714.0,7302.0,low,True,True,spectra/asdb_tcrb_20200416_401.fit
2020-04-20,05:09,2458959.715,LES,MRO-CA,14000.0,4031.0,7955.0,high,True,True,spectra/asdb_tcrb_20200420_214.fit
2020-04-21,02:05,2458960.587,FTE,ORS-FR,11000.0,4500.0,7200.0,high,True,True,spectra/asdb_tcrb_20200421_087.fit
2020-04-21,07:13,2458960.801,FAS,DCO-US,1017.0,3715.0,7302.0,low,True,True,spectra/asdb_tcrb_20200421_300.fit
2020-04-22,00:17,2458961.512,CBO,OCT-FR,513.0,3700.0,7566.0,low,True,True,spectra/asdb_tcrb_20200422_011.fit
2020-04-22,22:52,2458962.453,TMEPAD,KOL-SK,807.0,3750.0,7590.0,low,True,True,spectra/asdb_tcrb_20200422_952.fit
2020-04-23,00:46,2458962.532,IBR,HVR-FR,658.0,3444.0,6108.0,low,False,False,spectra/asdb_tcrb_20200423_032.fit
2020-04-23,21:40,2458963.403,DBO,WCO-UK,1086.0,3901.0,7380.0,low,True,True,spectra/asdb_tcrb_20200423_903.fit
2020-04-24,00:54,2458963.538,IBR,HVR-FR,695.0,3498.0,6097.0,low,False,False,spectra/asdb_tcrb_20200424_037.fit
2020-04-26,00:59,2458965.541,IBR,HVR-FR,597.0,3542.0,6110.0,low,False,False,spectra/asdb_tcrb_20200426_041.fit
2020-04-26,01:12,2458965.55,CBO,OCT-FR,502.0,3700.0,7566.0,low,True,True,spectra/asdb_tcrb_20200426_049.fit
2020-04-27,23:57,2458967.498,PCA,LEC-IT,615.0,3801.0,7299.0,low,True,True,spectra/asdb_tcrb_20200427_997.fit
2020-04-28,07:30,2458967.813,FAS,DCO-US,1074.0,3713.0,7301.0,low,True,True,spectra/asdb_tcrb_20200428_313.fit
2020-04-30,23:00,2458970.459,JGF,PIE-SP,9500.0,4069.0,7188.0,high,True,True,spectra/asdb_tcrb_20200430_959.fit
2020-05-02,07:20,2458971.806,FAS,DCO-US,1050.0,3712.0,7301.0,low,True,True,spectra/asdb_tcrb_20200502_306.fit
2020-05-02,23:41,2458972.487,JGF,PIE-SP,8000.0,4069.0,7188.0,high,True,True,spectra/asdb_tcrb_20200502_987.fit
2020-05-05,07:10,2458974.799,FAS,DCO-US,1058.0,3712.0,7300.0,low,True,True,spectra/asdb_tcrb_20200505_299.fit
2020-05-05,22:30,2458975.438,DBO,WCO-UK,1058.0,3900.0,7380.0,low,True,True,spectra/asdb_tcrb_20200505_938.fit
2020-05-06,06:40,2458975.778,FAS,DCO-US,1058.0,3713.0,7299.0,low,True,True,spectra/asdb_tcrb_20200506_277.fit
2020-05-06,23:12,2458976.467,CBO,OCT-FR,500.0,3700.0,7566.0,low,True,True,spectra/asdb_tcrb_20200506_967.fit
2020-05-12,06:41,2458981.779,FAS,DCO-US,1043.0,3712.0,7300.0,low,True,True,spectra/asdb_tcrb_20200512_279.fit
2020-05-13,00:25,2458982.518,CBO,OCT-FR,505.0,3700.0,7566.0,low,True,True,spectra/asdb_tcrb_20200513_018.fit
2020-05-14,02:58,2458983.624,LES,MRO-CA,14000.0,4031.0,7955.0,high,True,True,spectra/asdb_tcrb_20200514_124.fit
2020-05-14,23:26,2458984.477,IBR,HVR-FR,535.0,3457.0,5928.0,low,False,False,spectra/asdb_tcrb_20200514_977.fit
2020-05-15,22:43,2458985.447,IBR,HVR-FR,579.0,3515.0,5926.0,low,False,False,spectra/asdb_tcrb_20200515_946.fit
2020-05-15,23:22,2458985.474,CBO,OCT-FR,501.0,3700.0,7566.0,low,True,True,spectra/asdb_tcrb_20200515_974.fit
2020-05-16,06:38,2458985.777,FAS,DCO-US,1062.0,3715.0,7302.0,low,True,True,spectra/asdb_tcrb_20200516_276.fit
2020-05-16,23:11,2458986.466,IBR,HVR-FR,593.0,3480.0,5932.0,low,False,False,spectra/asdb_tcrb_20200516_966.fit
2020-05-17,02:02,2458986.585,FTE,ORS-FR,11000.0,4500.0,7200.0,high,True,True,spectra/asdb_tcrb_20200517_085.fit
2020-05-18,06:30,2458987.771,FAS,DCO-US,1056.0,3715.0,7302.0,low,True,True,spectra/asdb_tcrb_20200518_271.fit
2020-05-19,22:35,2458989.441,DBO,WCO-UK,1094.0,3900.0,7380.0,low,True,True,spectra/asdb_tcrb_20200519_940.fit
2020-05-20,22:40,2458990.445,IBR,HVR-FR,597.0,3482.0,6046.0,low,False,False,spectra/asdb_tcrb_20200520_945.fit
2020-05-24,03:07,2458993.63,LES,MRO-CA,14000.0,4031.0,7955.0,high,True,True,spectra/asdb_tcrb_20200524_129.fit
2020-05-24,21:54,2458994.413,FTE,ORS-FR,11000.0,4500.0,7300.0,high,True,True,spectra/asdb_tcrb_20200524_913.fit
2020-05-25,22:27,2458995.436,IBR,HVR-FR,554.0,3321.0,6034.0,low,False,False,spectra/asdb_tcrb_20200525_935.fit
2020-05-26,06:02,2458995.752,FAS,DCO-US,1059.0,3713.0,7302.0,low,True,True,spectra/asdb_tcrb_20200526_252.fit
2020-05-26,22:26,2458996.435,DBO,WCO-UK,1043.0,3900.0,7380.0,low,True,True,spectra/asdb_tcrb_20200526_934.fit
2020-05-26,22:35,2458996.441,CBO,OCT-FR,501.0,3700.0,7566.0,low,True,True,spectra/asdb_tcrb_20200526_940.fit
2020-05-27,06:31,2458996.772,FAS,DCO-US,1050.0,3714.0,7302.0,low,True,True,spectra/asdb_tcrb_20200527_271.fit
2020-05-28,22:03,2458998.419,OGA,OTO-FR,11000.0,4100.0,7591.0,high,True,True,spectra/asdb_tcrb_20200528_918.fit
2020-05-29,06:05,2458998.754,FAS,DCO-US,1036.0,3717.0,7305.0,low,True,True,spectra/asdb_tcrb_20200529_254.fit
2020-05-29,23:36,2458999.484,CBO,OCT-FR,501.0,3700.0,7566.0,low,True,True,spectra/asdb_tcrb_20200529_983.fit
2020-05-30,01:30,2458999.563,IBR,HVR-FR,570.0,3521.0,6026.0,low,False,False,spectra/asdb_tcrb_20200530_062.fit
2020-05-30,07:35,2458999.816,JRF,MTP-US,842.0,6254.0,9602.0,low,True,True,spectra/asdb_tcrb_20200530_317.fit
2020-05-30,23:36,2459000.484,MER,MAU-FR,605.0,3705.0,7850.0,low,True,True,spectra/asdb_tcrb_20200530_985.fit
2020-05-31,00:30,2459000.521,IBR,HVR-FR,448.0,3534.0,6039.0,low,False,False,spectra/asdb_tcrb_20200531_020.fit
2020-06-01,00:30,2459001.521,CBO,OCT-FR,503.0,3700.0,7566.0,low,True,True,spectra/asdb_tcrb_20200601_020.fit
2020-06-02,23:47,2459003.491,CBO,OCT-FR,502.0,3700.0,7566.0,low,True,True,spectra/asdb_tcrb_20200602_990.fit
2020-06-03,04:32,2459003.689,FAS,DCO-US,1022.0,3718.0,7303.0,low,True,True,spectra/asdb_tcrb_20200603_189.fit
2020-06-04,06:14,2459004.76,FAS,DCO-US,1018.0,3718.0,7305.0,low,True,True,spectra/asdb_tcrb_20200604_259.fit
2020-06-05,04:22,2459005.682,LES,MRO-CA,14000.0,4031.0,7955.0,high,True,True,spectra/asdb_tcrb_20200605_181.fit
2020-06-05,22:58,2459006.457,JGF,PIE-SP,9500.0,4062.0,8998.0,high,True,True,spectra/asdb_tcrb_20200605_957.fit
2020-06-07,08:22,2459007.849,FAS,DCO-US,1050.0,3718.0,7305.0,low,True,True,spectra/asdb_tcrb_20200607_349.fit
2020-06-08,03:00,2459008.625,LES,MRO-CA,14000.0,4031.0,7955.0,high,True,True,spectra/asdb_tcrb_20200608_125.fit
2020-06-08,05:05,2459008.712,FAS,DCO-US,1041.0,3718.0,7305.0,low,True,True,spectra/asdb_tcrb_20200608_212.fit
2020-06-09,06:01,2459009.751,FAS,DCO-US,1066.0,3717.0,7305.0,low,True,True,spectra/asdb_tcrb_20200609_251.fit
2020-06-10,05:08,2459010.714,FAS,DCO-US,1064.0,3718.0,7304.0,low,True,True,spectra/asdb_tcrb_20200610_214.fit
2020-06-10,23:49,2459011.493,CBO,OCT-FR,512.0,3700.0,7566.0,low,True,True,spectra/asdb_tcrb_20200610_992.fit
2020-06-12,03:34,2459012.649,LES,MRO-CA,14000.0,4031.0,7955.0,high,True,True,spectra/asdb_tcrb_20200612_148.fit
2020-06-12,05:18,2459012.721,FAS,DCO-US,1053.0,3717.0,7305.0,low,True,True,spectra/asdb_tcrb_20200612_220.fit
2020-06-13,06:38,2459013.777,FAS,DCO-US,1060.0,3718.0,7305.0,low,True,True,spectra/asdb_tcrb_20200613_276.fit
2020-06-13,22:49,2459014.451,JGF,PIE-SP,9500.0,3990.0,8907.0,high,True,True,spectra/asdb_tcrb_20200613_951.fit
2020-06-14,00:34,2459014.524,IBR,HVR-FR,652.0,3223.0,6026.0,low,False,False,spectra/asdb_tcrb_20200614_023.fit
2020-06-14,05:19,2459014.722,FAS,DCO-US,1049.0,3718.0,7304.0,low,True,True,spectra/asdb_tcrb_20200614_221.fit
2020-06-14,23:49,2459015.493,DBO,WCO-UK,1105.0,3900.0,7380.0,low,True,True,spectra/asdb_tcrb_20200614_992.fit
2020-06-16,06:08,2459016.756,FAS,DCO-US,1077.0,3719.0,7305.0,low,True,True,spectra/asdb_tcrb_20200616_256.fit
2020-06-18,05:41,2459018.737,FAS,DCO-US,1061.0,3719.0,7305.0,low,True,True,spectra/asdb_tcrb_20200618_236.fit
2020-06-22,00:31,2459022.522,IBR,HVR-FR,647.0,3327.0,6024.0,low,False,False,spectra/asdb_tcrb_20200622_021.fit
2020-06-22,05:48,2459022.742,FAS,DCO-US,1074.0,3719.0,7305.0,low,True,True,spectra/asdb_tcrb_20200622_242.fit
2020-06-23,06:08,2459023.756,JRF,MTP-US,478.0,3636.0,7400.0,low,True,True,spectra/asdb_tcrb_20200623_256.fit
2020-06-25,00:08,2459025.506,CBO,OCT-FR,503.0,3700.0,7566.0,low,True,True,spectra/asdb_tcrb_20200625_005.fit
2020-06-27,05:02,2459027.71,FAS,DCO-US,1069.0,3718.0,7306.0,low,True,True,spectra/asdb_tcrb_20200627_209.fit
2020-07-01,04:36,2459031.692,FAS,DCO-US,1073.0,3720.0,7306.0,low,True,True,spectra/asdb_tcrb_20200701_191.fit
2020-07-11,21:48,2459042.409,JGF,SMM-SP,10000.0,4318.0,7733.0,high,True,True,spectra/asdb_tcrb_20200711_908.fit
2020-07-14,21:41,2459045.404,TMEPAD,KOL-SK,879.0,4000.0,7590.0,low,True,True,spectra/asdb_tcrb_20200714_903.fit
2020-07-20,23:28,2459051.478,IBR,HVR-FR,662.0,3257.0,6046.0,low,False,False,spectra/asdb_tcrb_20200720_977.fit
2020-07-22,04:36,2459052.692,JRF,MTP-US,476.0,3606.0,7397.0,low,True,True,spectra/asdb_tcrb_20200722_192.fit
2020-07-24,05:22,2459054.724,JRF,MTP-US,827.0,6256.0,9596.0,low,True,True,spectra/asdb_tcrb_20200724_224.fit
2020-07-25,21:37,2459056.401,FCA,PAG-SP,884.0,3743.0,7285.0,low,True,True,spectra/asdb_tcrb_20200725_900.fit
2020-07-27,00:18,2459057.513,MRO,MAD-SP,502.0,3848.0,7381.0,low,True,True,spectra/asdb_tcrb_20200727_012.fit
2020-07-29,20:05,2459060.337,TMEPAD,KOL-SK,1062.0,4000.0,7590.0,low,True,True,spectra/asdb_tcrb_20200729_836.fit
2020-08-04,23:48,2459066.492,IBR,HVR-FR,627.0,3332.0,6042.0,low,False,False,spectra/asdb_tcrb_20200804_992.fit
2020-08-08,21:30,2459070.396,DBO,WCO-UK,959.0,3900.0,7380.0,low,True,True,spectra/asdb_tcrb_20200808_895.fit
2020-08-10,21:31,2459072.397,FRA,BAL-IT,537.0,3830.0,7236.0,low,True,True,spectra/asdb_tcrb_20200810_897.fit
2020-08-11,05:05,2459072.712,JRF,UHO-US,510.0,3616.0,7400.0,low,True,True,spectra/asdb_tcrb_20200811_212.fit
2020-08-11,20:58,2459073.374,PAD,KOL-SK,1014.0,3800.0,7590.0,low,True,True,spectra/asdb_tcrb_20200811_873.fit
2020-08-17,04:40,2459078.695,JRF,UHO-US,749.0,6251.0,9601.0,low,True,True,spectra/asdb_tcrb_20200817_196.fit
2020-08-21,21:24,2459083.392,FCA,PAG-SP,890.0,3747.0,7282.0,low,True,True,spectra/asdb_tcrb_20200821_891.fit
2020-09-01,21:12,2459094.384,DBO,WCO-UK,1045.0,3900.0,7380.0,low,True,True,spectra/asdb_tcrb_20200901_884.fit
2020-09-03,20:28,2459096.353,JGF,SMM-SP,9500.0,4059.0,7749.0,high,True,True,spectra/asdb_tcrb_20200903_853.fit
2020-09-13,19:55,2459106.33,JGF,SMM-SP,9500.0,4052.0,7761.0,high,True,True,spectra/asdb_tcrb_20200913_829.fit
2020-09-19,01:06,2459111.546,LES,MRO-CA,14000.0,4031.0,7955.0,high,True,True,spectra/asdb_tcrb_20200919_045.fit
2020-09-21,20:41,2459114.362,DBO,WCO-UK,1101.0,3901.0,7380.0,low,True,True,spectra/asdb_tcrb_20200921_862.fit
2020-09-29,02:38,2459121.61,FAS,DCO-US,1068.0,3709.0,7297.0,low,True,True,spectra/asdb_tcrb_20200929_109.fit
2020-10-05,02:38,2459127.61,FAS,DCO-US,1083.0,3710.0,7296.0,low,True,True,spectra/asdb_tcrb_20201005_110.fit
2021-02-05,12:17,2459251.012,FAS,DCO-US,1020.0,3714.0,7305.0,low,True,True,spectra/asdb_tcrb_20210205_512.fit
2021-02-07,13:39,2459253.069,JRF,UHO-US,530.0,3615.0,7400.0,low,True,True,spectra/asdb_tcrb_20210207_569.fit
2021-02-18,13:19,2459264.055,JRF,UHO-US,523.0,3615.0,7400.0,low,True,True,spectra/asdb_tcrb_20210218_555.fit
2021-02-25,01:40,2459270.57,PAD,KOL-SK,798.0,3800.0,7590.0,low,True,True,spectra/asdb_tcrb_20210225_070.fit
2021-02-27,12:56,2459273.039,JRF,UHO-US,538.0,3625.0,7400.0,low,True,True,spectra/asdb_tcrb_20210227_539.fit
2021-03-03,01:17,2459276.554,PAD,KOL-SK,762.0,3800.0,7590.0,low,True,True,spectra/asdb_tcrb_20210303_054.fit
2021-03-10,23:26,2459284.477,TMEPAD,KOL-SK,724.0,3800.0,7500.0,low,True,True,spectra/asdb_tcrb_20210310_976.fit
2021-03-16,12:38,2459290.027,JRF,UHO-US,539.0,3626.0,7401.0,low,True,True,spectra/asdb_tcrb_20210316_527.fit
2021-03-17,11:55,2459290.997,JRF,UHO-US,878.0,6256.0,9604.0,low,True,True,spectra/asdb_tcrb_20210317_496.fit
2021-03-19,23:26,2459293.477,PAD,KOL-SK,774.0,3800.0,7590.0,low,True,True,spectra/asdb_tcrb_20210319_977.fit
2021-03-20,06:04,2459293.753,KSH,CAR-US,1000.0,3950.0,7250.0,low,True,True,spectra/asdb_tcrb_20210320_252.fit
2021-03-21,01:13,2459294.551,PAD,KOL-SK,729.0,3800.0,7590.0,low,True,True,spectra/asdb_tcrb_20210321_050.fit
2021-03-22,12:15,2459296.011,JRF,UHO-US,531.0,3616.0,7400.0,low,True,True,spectra/asdb_tcrb_20210322_510.fit
2021-03-24,23:57,2459298.498,TMEPAD,KOL-SK,724.0,3800.0,7590.0,low,True,True,spectra/asdb_tcrb_20210324_998.fit
2021-04-02,22:40,2459307.445,PAD,KOL-SK,898.0,3800.0,7590.0,low,True,True,spectra/asdb_tcrb_20210402_944.fit
2021-04-08,10:55,2459312.955,FAS,DCO-US,1060.0,3721.0,7310.0,low,True,True,spectra/asdb_tcrb_20210408_455.fit
2021-04-15,00:20,2459319.514,IBR,HVR-FR,587.0,3340.0,6007.0,low,False,False,spectra/asdb_tcrb_20210415_013.fit
2021-04-15,22:29,2459320.437,DBO,WCO-UK,1105.0,3901.0,7381.0,low,True,True,spectra/asdb_tcrb_20210415_936.fit
2021-04-21,06:05,2459325.754,FAS,DCO-US,1064.0,3722.0,7310.0,low,True,True,spectra/asdb_tcrb_20210421_254.fit
2021-04-23,21:21,2459328.39,DBO,WCO-UK,1030.0,3900.0,7380.0,low,True,True,spectra/asdb_tcrb_20210423_890.fit
2021-04-23,22:29,2459328.437,IBR,HVR-FR,652.0,3342.0,6006.0,low,False,False,spectra/asdb_tcrb_20210423_936.fit
2021-05-01,23:35,2459336.483,FTE,SMM-SP,9500.0,4000.0,7300.0,high,True,True,spectra/asdb_tcrb_20210501_983.fit
2021-05-08,23:11,2459343.466,IBR,HVR-FR,661.0,3301.0,6004.0,low,False,False,spectra/asdb_tcrb_20210508_965.fit
2021-05-09,21:00,2459344.375,PAD,KOL-SK,934.0,3800.0,7590.0,low,True,True,spectra/asdb_tcrb_20210509_874.fit
2021-05-10,21:47,2459345.408,DBO,WCO-UK,1017.0,3900.0,7381.0,low,True,True,spectra/asdb_tcrb_20210510_908.fit
2021-05-12,04:23,2459346.683,FAS,DCO-US,1026.0,3755.0,7295.0,low,True,True,spectra/asdb_tcrb_20210512_182.fit
2021-05-13,05:41,2459347.737,JRF,MTP-US,480.0,3630.0,7401.0,low,True,True,spectra/asdb_tcrb_20210513_236.fit
2021-05-16,04:59,2459350.708,JRF,MTP-US,805.0,6253.0,9601.0,low,True,True,spectra/asdb_tcrb_20210516_207.fit
2021-05-25,21:36,2459360.4,JGF,SMM-SP,9500.0,3869.0,8788.0,high,True,True,spectra/asdb_tcrb_20210525_899.fit
2021-05-26,20:48,2459361.367,PSO,TAT-HU,21361.0,6505.0,6613.0,high,False,False,spectra/asdb_tcrb_20210526_866.fit
2021-05-29,20:45,2459364.365,PSO,TAT-HU,11660.0,4856.0,5000.0,high,False,False,spectra/asdb_tcrb_20210529_865.fit
2021-05-29,22:07,2459364.422,PSO,TAT-HU,12687.0,4981.0,5123.0,high,False,False,spectra/asdb_tcrb_20210529_922.fit
2021-05-31,01:16,2459365.553,IBR,HVR-FR,706.0,3275.0,6009.0,low,False,False,spectra/asdb_tcrb_20210531_053.fit
2021-06-01,05:00,2459366.709,FAS,DCO-US,994.0,3723.0,7311.0,low,True,True,spectra/asdb_tcrb_20210601_209.fit
2021-06-03,22:37,2459369.443,DBO,WCO-UK,1032.0,3901.0,7381.0,low,True,True,spectra/asdb_tcrb_20210603_942.fit
2021-06-04,00:53,2459369.537,TMEPAD,KOL-SK,904.0,3800.0,7550.0,low,True,True,spectra/asdb_tcrb_20210604_037.fit
2021-06-06,21:44,2459372.406,JGF,SMM-SP,9500.0,3863.0,8787.0,high,True,True,spectra/asdb_tcrb_20210606_905.fit
2021-06-09,01:06,2459374.546,IBR,HVR-FR,661.0,3250.0,6013.0,low,False,False,spectra/asdb_tcrb_20210609_045.fit
2021-06-10,22:13,2459376.426,PAD,KOL-SK,964.0,3850.0,7550.0,low,True,True,spectra/asdb_tcrb_20210610_925.fit
2021-06-13,00:41,2459378.529,IBR,HVR-FR,660.0,3235.0,6019.0,low,False,False,spectra/asdb_tcrb_20210613_028.fit
2021-06-13,20:47,2459379.366,FRA,BAL-IT,553.0,3834.0,7236.0,low,True,True,spectra/asdb_tcrb_20210613_866.fit
2021-06-14,00:53,2459379.537,IBR,HVR-FR,632.0,3237.0,6022.0,low,False,False,spectra/asdb_tcrb_20210614_037.fit
2021-06-15,01:17,2459380.554,IBR,HVR-FR,667.0,3232.0,6017.0,low,False,False,spectra/asdb_tcrb_20210615_054.fit
2021-06-20,05:49,2459385.743,JRF,UHO-US,528.0,3625.0,7400.0,low,True,True,spectra/asdb_tcrb_20210620_243.fit
2021-06-22,05:09,2459387.715,JRF,UHO-US,539.0,3651.0,7400.0,low,True,True,spectra/asdb_tcrb_20210622_215.fit
2021-07-01,22:10,2459397.424,JGF,PIE-SP,8500.0,3816.0,9633.0,high,True,True,spectra/asdb_tcrb_20210701_923.fit
2021-07-05,05:21,2459400.723,JRF,MTP-US,511.0,3651.0,7401.0,low,True,True,spectra/asdb_tcrb_20210705_222.fit
2021-07-14,22:23,2459410.433,DBO,WCO-UK,990.0,3901.0,7380.0,low,True,True,spectra/asdb_tcrb_20210714_932.fit
2021-07-16,23:21,2459412.473,IBR,HVR-FR,636.0,3232.0,6018.0,low,False,False,spectra/asdb_tcrb_20210716_973.fit
2021-07-17,04:45,2459412.698,JRF,UHO-US,734.0,6251.0,9601.0,low,True,True,spectra/asdb_tcrb_20210717_198.fit
2021-07-18,00:27,2459413.519,IBR,HVR-FR,666.0,3353.0,6008.0,low,False,False,spectra/asdb_tcrb_20210718_018.fit
2021-08-02,20:54,2459429.371,VLE,OHP-FR,600.0,3700.0,7500.0,low,True,True,spectra/asdb_tcrb_20210802_872.fit
2021-08-06,22:49,2459433.451,DBO,WCO-UK,1080.0,3901.0,7381.0,low,True,True,spectra/asdb_tcrb_20210806_951.fit
2021-08-07,19:30,2459434.313,PAD,KOL-SK,1091.0,3850.0,7500.0,low,True,True,spectra/asdb_tcrb_20210807_814.fit
2021-08-07,20:16,2459434.345,PSO,TAT-HU,19977.0,6507.0,6617.0,high,False,False,spectra/asdb_tcrb_20210807_845.fit
2021-08-11,21:11,2459438.383,FRA,BAL-IT,516.0,3830.0,7236.0,low,True,True,spectra/asdb_tcrb_20210811_882.fit
2021-08-13,20:22,2459440.349,PSO,TAT-HU,11467.0,4820.0,4965.0,high,False,False,spectra/asdb_tcrb_20210813_848.fit
2021-08-14,20:39,2459441.361,PSO,TAT-HU,11804.0,4579.0,4727.0,high,False,False,spectra/asdb_tcrb_20210814_860.fit
2021-08-14,22:37,2459441.443,IBR,HVR-FR,683.0,3330.0,6016.0,low,False,False,spectra/asdb_tcrb_20210814_943.fit
2021-08-18,20:13,2459445.343,PSO,TAT-HU,21669.0,6508.0,6617.0,high,False,False,spectra/asdb_tcrb_20210818_843.fit
2021-08-20,05:42,2459446.738,JRF,UHO-US,540.0,3666.0,7401.0,low,True,True,spectra/asdb_tcrb_20210820_237.fit
2021-08-22,03:47,2459448.658,KSH,CAR-US,1000.0,3800.0,7200.0,low,True,True,spectra/asdb_tcrb_20210822_158.fit
2021-08-23,22:09,2459450.423,IBR,HVR-FR,667.0,3396.0,6021.0,low,False,False,spectra/asdb_tcrb_20210823_923.fit
2021-08-24,04:06,2459450.671,JRF,UHO-US,731.0,6210.0,9596.0,low,True,True,spectra/asdb_tcrb_20210824_170.fit
2021-08-27,19:30,2459454.313,PSO,TAT-HU,22080.0,6508.0,6617.0,high,False,False,spectra/asdb_tcrb_20210827_812.fit
2021-08-27,20:42,2459454.363,JGF,PIE-SP,8500.0,3848.0,9833.0,high,True,True,spectra/asdb_tcrb_20210827_863.fit
2021-08-27,20:57,2459454.373,VLE,ORL-FR,508.0,3700.0,7701.0,low,True,True,spectra/asdb_tcrb_20210827_872.fit
2021-08-31,21:40,2459458.403,IBR,HVR-FR,674.0,3384.0,6012.0,low,False,False,spectra/asdb_tcrb_20210831_903.fit
2021-09-01,20:58,2459459.374,IBR,HVR-FR,685.0,3315.0,6011.0,low,False,False,spectra/asdb_tcrb_20210901_873.fit
2021-09-03,20:29,2459461.354,PSO,TAT-HU,9101.0,4579.0,4727.0,high,False,False,spectra/asdb_tcrb_20210903_854.fit
2021-09-04,19:39,2459462.319,PSO,TAT-HU,21306.0,6508.0,6617.0,high,False,False,spectra/asdb_tcrb_20210904_818.fit
2021-09-06,04:10,2459463.674,JRF,UHO-US,646.0,6208.0,9601.0,low,True,True,spectra/asdb_tcrb_20210906_173.fit
2021-09-06,21:11,2459464.383,DBO,WCO-UK,1098.0,3901.0,7380.0,low,True,True,spectra/asdb_tcrb_20210906_883.fit
2021-09-06,21:41,2459464.404,IBR,HVR-FR,641.0,3320.0,6007.0,low,False,False,spectra/asdb_tcrb_20210906_903.fit
2021-09-08,02:13,2459465.593,KSH,CAR-US,1000.0,3800.0,7200.0,low,True,True,spectra/asdb_tcrb_20210908_092.fit
2021-09-11,03:51,2459468.661,JRF,UHO-US,532.0,3651.0,7401.0,low,True,True,spectra/asdb_tcrb_20210911_160.fit
2021-09-12,19:10,2459470.299,PSO,TAT-HU,22324.0,6508.0,6617.0,high,False,False,spectra/asdb_tcrb_20210912_798.fit
2021-09-14,03:59,2459471.666,JRF,UHO-US,715.0,6211.0,9597.0,low,True,True,spectra/asdb_tcrb_20210914_166.fit
2021-09-20,03:25,2459477.643,JRF,UHO-US,533.0,3651.0,7394.0,low,True,True,spectra/asdb_tcrb_20210920_143.fit
2021-09-25,18:59,2459483.291,PSO,TAT-HU,20830.0,6508.0,6617.0,high,False,False,spectra/asdb_tcrb_20210925_790.fit
2021-10-02,18:30,2459490.271,PSO,TAT-HU,21361.0,6508.0,6617.0,high,False,False,spectra/asdb_tcrb_20211002_771.fit
2021-10-10,19:39,2459498.319,DBO,WCO-UK,1126.0,3900.0,7380.0,low,True,True,spectra/asdb_tcrb_20211010_818.fit
2021-10-16,17:54,2459504.246,PSO,TAT-HU,21160.0,6507.0,6616.0,high,False,False,spectra/asdb_tcrb_20211016_745.fit
2022-01-12,04:49,2459591.701,HBO,K21-FR,917.0,3805.0,7383.0,low,True,True,spectra/asdb_tcrb_20220112_201.fit
2022-01-16,03:33,2459595.648,PAD,KOL-SK,823.0,3850.0,7550.0,low,True,True,spectra/asdb_tcrb_20220116_147.fit
2022-01-16,03:54,2459595.663,PSO,TAT-HU,2103.0,4534.0,5249.0,mid,False,False,spectra/asdb_tcrb_20220116_162.fit
2022-01-28,12:30,2459608.021,FAS,DCO-US,1055.0,3719.0,7309.0,low,True,True,spectra/asdb_tcrb_20220128_521.fit
2022-02-03,04:45,2459613.698,FTE,SMM-SP,8500.0,3750.0,9000.0,high,True,True,spectra/asdb_tcrb_20220203_197.fit
2022-02-11,13:07,2459622.047,FAS,DCO-US,985.0,3721.0,7311.0,low,True,True,spectra/asdb_tcrb_20220211_546.fit
2022-02-13,01:40,2459623.57,PAD,KOL-SK,869.0,3850.0,7500.0,low,True,True,spectra/asdb_tcrb_20220213_069.fit
2022-02-13,03:25,2459623.643,CBO,OCT-FR,527.0,3700.0,7566.0,low,True,True,spectra/asdb_tcrb_20220213_142.fit
2022-02-19,12:47,2459630.033,FAS,DCO-US,980.0,3728.0,7299.0,low,True,True,spectra/asdb_tcrb_20220219_532.fit
2022-03-01,02:15,2459639.594,JMI,CLX-FR,1441.0,4660.0,6735.0,low,True,True,spectra/asdb_tcrb_20220301_093.fit
2022-03-02,11:44,2459640.989,FAS,DCO-US,1034.0,3728.0,7300.0,low,True,True,spectra/asdb_tcrb_20220302_488.fit
2022-03-06,01:19,2459644.555,SDV,XXX-FR,468.0,3603.0,7692.0,low,True,True,spectra/asdb_tcrb_20220306_056.fit
2022-03-06,02:36,2459644.609,VLE,ORL-FR,498.0,3700.0,7701.0,low,True,True,spectra/asdb_tcrb_20220306_109.fit
2022-03-07,11:47,2459645.991,FAS,DCO-US,955.0,3727.0,7300.0,low,True,True,spectra/asdb_tcrb_20220307_491.fit
2022-03-08,12:25,2459647.018,FAS,DCO-US,1045.0,3728.0,7300.0,low,True,True,spectra/asdb_tcrb_20220308_517.fit
2022-03-09,11:47,2459647.991,FAS,DCO-US,984.0,3728.0,7299.0,low,True,True,spectra/asdb_tcrb_20220309_491.fit
2022-03-10,12:30,2459649.021,FAS,DCO-US,956.0,3729.0,7300.0,low,True,True,spectra/asdb_tcrb_20220310_521.fit
2022-03-13,00:48,2459651.534,PSO,TAT-HU,2244.0,4540.0,5255.0,mid,False,False,spectra/asdb_tcrb_20220313_034.fit
2022-03-14,01:22,2459652.557,PAD,KOL-SK,962.0,3850.0,7400.0,low,True,True,spectra/asdb_tcrb_20220314_057.fit
2022-03-14,11:35,2459652.983,FAS,DCO-US,1036.0,3728.0,7300.0,low,True,True,spectra/asdb_tcrb_20220314_483.fit
2022-03-17,23:57,2459656.498,PAD,KOL-SK,916.0,3850.0,7400.0,low,True,True,spectra/asdb_tcrb_20220317_997.fit
2022-03-23,01:09,2459661.548,IBR,HVR-FR,678.0,3414.0,6013.0,low,False,False,spectra/asdb_tcrb_20220323_047.fit
2022-03-23,01:19,2459661.555,PAD,KOL-SK,997.0,3900.0,7400.0,low,True,True,spectra/asdb_tcrb_20220323_054.fit
2022-03-24,23:12,2459663.467,MLA,LOR-FR,600.0,3900.0,7405.0,low,True,True,spectra/asdb_tcrb_20220324_967.fit
2022-03-24,23:34,2459663.482,PAD,KOL-SK,921.0,3900.0,7400.0,low,True,True,spectra/asdb_tcrb_20220324_982.fit
2022-03-26,00:01,2459664.501,PSO,TAT-HU,2063.0,4539.0,5253.0,mid,False,False,spectra/asdb_tcrb_20220326_000.fit
2022-03-26,22:24,2459665.434,FBO,SJI-FR,1000.0,4050.0,7502.0,low,True,True,spectra/asdb_tcrb_20220326_934.fit
2022-03-28,00:40,2459666.528,PAD,KOL-SK,904.0,3850.0,7400.0,low,True,True,spectra/asdb_tcrb_20220328_028.fit
2022-03-28,02:16,2459666.595,JCO,EES-UK,506.0,3900.0,8000.0,low,True,True,spectra/asdb_tcrb_20220328_095.fit
2022-04-02,22:56,2459672.456,VLE,OHP-FR,503.0,3701.0,7701.0,low,True,True,spectra/asdb_tcrb_20220402_956.fit
2022-04-09,21:25,2459679.393,FBO,SJI-FR,1000.0,4050.0,7501.0,low,True,True,spectra/asdb_tcrb_20220409_892.fit
2022-04-09,23:38,2459679.485,JGF,SMM-SP,9000.0,3706.0,9986.0,high,True,True,spectra/asdb_tcrb_20220409_985.fit
2022-04-15,23:44,2459685.489,IBR,HVR-FR,588.0,3310.0,6007.0,low,False,False,spectra/asdb_tcrb_20220415_989.fit
2022-04-17,00:02,2459686.502,CBO,OCT-FR,543.0,3700.0,7566.0,low,True,True,spectra/asdb_tcrb_20220417_002.fit
2022-04-17,08:15,2459686.844,FAS,DCO-US,1043.0,3729.0,7300.0,low,True,True,spectra/asdb_tcrb_20220417_343.fit
2022-04-18,22:16,2459688.428,JGF,SMM-SP,9000.0,3706.0,9986.0,high,True,True,spectra/asdb_tcrb_20220418_928.fit
2022-04-24,23:00,2459694.459,JGF,SMM-SP,9000.0,3706.0,9986.0,high,True,True,spectra/asdb_tcrb_20220424_958.fit
2022-04-27,20:41,2459697.362,JMI,CLX-FR,1390.0,4645.0,6720.0,low,True,True,spectra/asdb_tcrb_20220427_861.fit
2022-04-29,22:39,2459699.444,DBO,WCO-UK,1055.0,3900.0,7381.0,low,True,True,spectra/asdb_tcrb_20220429_944.fit
2022-04-30,22:24,2459700.434,VLE,ORL-FR,495.0,3602.0,7764.0,low,True,True,spectra/asdb_tcrb_20220430_933.fit
2022-05-01,00:08,2459700.506,CBO,OCT-FR,534.0,3700.0,7566.0,low,True,True,spectra/asdb_tcrb_20220501_005.fit
2022-05-08,01:30,2459707.563,CBO,OCT-FR,542.0,3700.0,7566.0,low,True,True,spectra/asdb_tcrb_20220508_063.fit
2022-05-09,21:27,2459709.394,ALE,NSH-FR,14115.0,6500.0,6700.0,high,True,False,spectra/asdb_tcrb_20220509_894.fit
2022-05-10,20:34,2459710.357,ALE,NSH-FR,19837.0,6500.0,6700.0,high,True,False,spectra/asdb_tcrb_20220510_856.fit
2022-05-11,20:48,2459711.367,ALE,NSH-FR,22102.0,6500.0,6700.0,high,True,False,spectra/asdb_tcrb_20220511_866.fit
2022-05-11,21:30,2459711.396,DBO,WCO-UK,1111.0,3901.0,7380.0,low,True,True,spectra/asdb_tcrb_20220511_895.fit
2022-05-13,05:34,2459712.732,FAS,DCO-US,1043.0,3726.0,7315.0,low,True,True,spectra/asdb_tcrb_20220513_232.fit
2022-05-14,06:11,2459713.758,FAS,DCO-US,1048.0,3725.0,7315.0,low,True,True,spectra/asdb_tcrb_20220514_258.fit
2022-05-14,22:52,2459714.453,PSO,TAT-HU,2185.0,4535.0,5249.0,mid,False,False,spectra/asdb_tcrb_20220514_954.fit
2022-05-19,05:02,2459718.71,FAS,DCO-US,979.0,3728.0,7301.0,low,True,True,spectra/asdb_tcrb_20220519_209.fit
2022-05-19,21:15,2459719.386,JGF,PIE-SP,9000.0,3780.0,9965.0,high,True,True,spectra/asdb_tcrb_20220519_886.fit
2022-05-19,21:25,2459719.393,ALE,NSH-FR,922.0,3700.0,7300.0,low,True,True,spectra/asdb_tcrb_20220519_893.fit
2022-05-20,20:58,2459720.374,ALE,NSH-FR,959.0,3700.0,7300.0,low,True,True,spectra/asdb_tcrb_20220520_874.fit
2022-05-25,22:12,2459725.425,VLE,ORL-FR,517.0,3700.0,7000.0,low,True,True,spectra/asdb_tcrb_20220525_925.fit
2022-05-26,04:43,2459725.697,FAS,DCO-US,1045.0,3728.0,7299.0,low,True,True,spectra/asdb_tcrb_20220526_196.fit
2022-05-26,20:45,2459726.365,JGF,PIE-SP,9000.0,3829.0,9985.0,high,True,True,spectra/asdb_tcrb_20220526_865.fit
2022-05-27,21:10,2459727.382,ALE,NSH-FR,903.0,3700.0,7300.0,low,True,True,spectra/asdb_tcrb_20220527_881.fit
2022-05-27,21:17,2459727.387,JGF,PIE-SP,9000.0,3781.0,9985.0,high,True,True,spectra/asdb_tcrb_20220527_886.fit
2022-05-28,21:50,2459728.41,MLA,LOR-FR,600.0,3900.0,7800.0,low,True,True,spectra/asdb_tcrb_20220528_909.fit
2022-05-29,22:09,2459729.423,FBO,SJI-FR,1000.0,4052.0,7501.0,low,True,True,spectra/asdb_tcrb_20220529_923.fit
2022-05-30,21:53,2459730.412,ALE,NSH-FR,795.0,3700.0,7300.0,low,True,True,spectra/asdb_tcrb_20220530_911.fit
2022-06-06,20:21,2459737.348,ALE,NSH-FR,765.0,3700.0,7300.0,low,True,True,spectra/asdb_tcrb_20220606_847.fit
2022-06-06,21:54,2459737.413,PAD,KOL-SK,1089.0,3950.0,7400.0,low,True,True,spectra/asdb_tcrb_20220606_912.fit
2022-06-07,20:29,2459738.354,ALE,NSH-FR,724.0,3700.0,7300.0,low,True,True,spectra/asdb_tcrb_20220607_853.fit
2022-06-10,21:27,2459741.394,JMI,CLX-FR,1477.0,5012.0,7090.0,low,True,True,spectra/asdb_tcrb_20220610_895.fit
2022-06-12,20:02,2459743.335,ALE,NSH-FR,779.0,3800.0,7300.0,low,True,True,spectra/asdb_tcrb_20220612_835.fit
2022-06-13,21:37,2459744.401,JGF,PIE-SP,9000.0,3704.0,9991.0,high,True,True,spectra/asdb_tcrb_20220613_900.fit
2022-06-13,23:19,2459744.472,CBO,OCT-FR,544.0,3700.0,7566.0,low,True,True,spectra/asdb_tcrb_20220613_971.fit
2022-06-14,03:17,2459744.637,KSH,CAR-US,1000.0,3801.0,7097.0,low,True,True,spectra/asdb_tcrb_20220614_136.fit
2022-06-15,04:27,2459745.686,FAS,DCO-US,999.0,3728.0,7295.0,low,True,True,spectra/asdb_tcrb_20220615_185.fit
2022-06-18,21:21,2459749.39,PSO,TAT-HU,2290.0,4542.0,5257.0,mid,False,False,spectra/asdb_tcrb_20220618_890.fit
2022-06-19,20:13,2459750.343,ALE,NSH-FR,799.0,3800.0,7300.0,low,True,True,spectra/asdb_tcrb_20220619_843.fit
2022-06-22,22:00,2459753.417,JGF,PIE-SP,9000.0,3781.0,9980.0,high,True,True,spectra/asdb_tcrb_20220622_916.fit
2022-06-24,20:12,2459755.342,ALE,NSH-FR,795.0,3800.0,7300.0,low,True,True,spectra/asdb_tcrb_20220624_841.fit
2022-06-25,20:13,2459756.343,ALE,NSH-FR,814.0,3800.0,7300.0,low,True,True,spectra/asdb_tcrb_20220625_843.fit
2022-06-27,20:03,2459758.336,ALE,NSH-FR,802.0,3800.0,7300.0,low,True,True,spectra/asdb_tcrb_20220627_836.fit
2022-06-28,23:51,2459759.494,CBO,OCT-FR,542.0,3700.0,7566.0,low,True,True,spectra/asdb_tcrb_20220628_994.fit
2022-07-01,21:53,2459762.412,JGF,SMM-SP,9000.0,3962.0,9406.0,high,True,True,spectra/asdb_tcrb_20220701_911.fit
2022-07-03,21:00,2459764.375,PSO,TAT-HU,2459.0,4539.0,5254.0,mid,False,False,spectra/asdb_tcrb_20220703_875.fit
2022-07-04,21:01,2459765.376,SOL,AQL-IT,13287.0,6458.0,6685.0,high,True,False,spectra/asdb_tcrb_20220704_875.fit
2022-07-04,22:12,2459765.425,DBO,WCO-UK,1100.0,3901.0,7381.0,low,True,True,spectra/asdb_tcrb_20220704_924.fit
2022-07-04,22:48,2459765.45,CBO,OCT-FR,535.0,3700.0,7566.0,low,True,True,spectra/asdb_tcrb_20220704_949.fit
2022-07-05,03:15,2459765.636,KSH,CAR-US,1000.0,3800.0,7200.0,low,True,True,spectra/asdb_tcrb_20220705_137.fit
2022-07-05,21:47,2459766.408,MLA,LOR-FR,600.0,3900.0,7800.0,low,True,True,spectra/asdb_tcrb_20220705_908.fit
2022-07-06,00:04,2459766.503,IBR,HVR-FR,687.0,3320.0,6004.0,low,False,False,spectra/asdb_tcrb_20220706_003.fit
2022-07-07,22:40,2459768.445,JGF,PIE-SP,9000.0,3704.0,9991.0,high,True,True,spectra/asdb_tcrb_20220707_945.fit
2022-07-07,23:26,2459768.477,CBO,OCT-FR,523.0,3700.0,7566.0,low,True,True,spectra/asdb_tcrb_20220707_976.fit
2022-07-08,04:36,2459768.692,FAS,DCO-US,944.0,3726.0,7295.0,low,True,True,spectra/asdb_tcrb_20220708_192.fit
2022-07-09,04:23,2459769.683,FAS,DCO-US,1019.0,3726.0,7296.0,low,True,True,spectra/asdb_tcrb_20220709_183.fit
2022-07-09,21:23,2459770.391,JGF,SMM-SP,9000.0,3708.0,9559.0,high,True,True,spectra/asdb_tcrb_20220709_890.fit
2022-07-09,21:47,2459770.408,FBO,SJI-FR,1000.0,4050.0,7601.0,low,True,True,spectra/asdb_tcrb_20220709_908.fit
2022-07-09,23:39,2459770.486,CBO,OCT-FR,536.0,3700.0,7566.0,low,True,True,spectra/asdb_tcrb_20220709_985.fit
2022-07-10,20:58,2459771.374,PAD,KOL-SK,1066.0,3900.0,7400.0,low,True,True,spectra/asdb_tcrb_20220710_873.fit
2022-07-11,05:34,2459771.732,CUR,YGU-US,698.0,3600.0,7550.0,low,True,True,spectra/asdb_tcrb_20220711_231.fit
2022-07-13,21:01,2459774.376,SOL,AQL-IT,12787.0,6459.0,6682.0,high,True,False,spectra/asdb_tcrb_20220713_875.fit
2022-07-14,23:44,2459775.489,CBO,OCT-FR,533.0,3800.0,7396.0,low,True,True,spectra/asdb_tcrb_20220714_989.fit
2022-07-15,03:44,2459775.656,KSH,CAR-US,1000.0,3800.0,7200.0,low,True,True,spectra/asdb_tcrb_20220715_155.fit
2022-07-15,21:05,2459776.379,VLE,ORL-FR,502.0,3701.0,7720.0,low,True,True,spectra/asdb_tcrb_20220715_879.fit
2022-07-15,23:51,2459776.494,IBR,HVR-FR,680.0,3311.0,6007.0,low,False,False,spectra/asdb_tcrb_20220715_994.fit
2022-07-16,05:38,2459776.735,CUR,YGU-US,701.0,3600.0,7550.0,low,True,True,spectra/asdb_tcrb_20220716_235.fit
2022-07-17,00:01,2459777.501,CBO,OCT-FR,526.0,3800.0,7396.0,low,True,True,spectra/asdb_tcrb_20220717_001.fit
2022-07-17,23:18,2459778.471,VLE,ORL-FR,498.0,3701.0,7720.0,low,True,True,spectra/asdb_tcrb_20220717_971.fit
2022-07-18,03:23,2459778.641,KSH,CAR-US,1000.0,3800.0,7200.0,low,True,True,spectra/asdb_tcrb_20220718_141.fit
2022-07-18,22:13,2459779.426,PAD,KOL-SK,1052.0,3850.0,7400.0,low,True,True,spectra/asdb_tcrb_20220718_926.fit
2022-07-18,23:44,2459779.489,IBR,HVR-FR,648.0,3350.0,6023.0,low,False,False,spectra/asdb_tcrb_20220718_988.fit
2022-07-19,04:10,2459779.674,KSH,CAR-US,1000.0,3800.0,7200.0,low,True,True,spectra/asdb_tcrb_20220719_173.fit
2022-07-20,03:36,2459780.65,KSH,CAR-US,1000.0,3800.0,7200.0,low,True,True,spectra/asdb_tcrb_20220720_150.fit
2022-07-20,20:29,2459781.354,PAD,KOL-SK,1127.0,3900.0,7400.0,low,True,True,spectra/asdb_tcrb_20220720_854.fit
2022-07-21,20:41,2459782.362,PAD,KOL-SK,1133.0,3900.0,7400.0,low,True,True,spectra/asdb_tcrb_20220721_862.fit
2022-07-22,20:57,2459783.373,PSO,TAT-HU,2641.0,4541.0,5254.0,mid,False,False,spectra/asdb_tcrb_20220722_872.fit
2022-07-22,21:01,2459783.376,GBE,LAM-FR,15627.0,6520.0,6700.0,high,False,False,spectra/asdb_tcrb_20220722_877.fit
2022-07-23,21:17,2459784.387,JGF,SMM-SP,9000.0,3713.0,9391.0,high,True,True,spectra/asdb_tcrb_20220723_886.fit
2022-07-24,20:31,2459785.355,SOL,AQL-IT,13151.0,6458.0,6685.0,high,True,False,spectra/asdb_tcrb_20220724_854.fit
2022-07-25,20:29,2459786.354,YAM,KOL-SK,1092.0,3900.0,7400.0,low,True,True,spectra/asdb_tcrb_20220725_854.fit
2022-07-26,20:52,2459787.37,VLE,OHP-FR,13068.0,6500.0,6700.0,high,True,False,spectra/asdb_tcrb_20220726_869.fit
2022-07-26,21:07,2459787.38,JGF,SMM-SP,9000.0,3708.0,9559.0,high,True,True,spectra/asdb_tcrb_20220726_879.fit
2022-07-27,02:49,2459787.618,EHL,NHSA-MX,2.0,3801.0,7801.0,low,True,True,spectra/asdb_tcrb_20220727_119.fit
2022-07-29,21:20,2459790.389,SOL,AQL-IT,13412.0,6458.0,6685.0,high,True,False,spectra/asdb_tcrb_20220729_888.fit
2022-07-30,04:24,2459790.684,JDH,IUSB-US,600.0,3700.0,8000.0,low,True,True,spectra/asdb_tcrb_20220730_184.fit
2022-07-30,21:36,2459791.4,JGF,SMM-SP,9000.0,3797.0,9414.0,high,True,True,spectra/asdb_tcrb_20220730_900.fit
2022-08-01,02:13,2459792.593,EHL,NHSA-MX,2.0,3801.0,7801.0,low,True,True,spectra/asdb_tcrb_20220801_093.fit
2022-08-03,20:16,2459795.345,YAM,KOL-SK,1139.0,3900.0,7400.0,low,True,True,spectra/asdb_tcrb_20220803_845.fit
2022-08-04,21:12,2459796.384,JGF,SMM-SP,9000.0,3742.0,9402.0,high,True,True,spectra/asdb_tcrb_20220804_883.fit
2022-08-05,04:10,2459796.674,EHL,NHSA-MX,1000.0,3810.0,7501.0,low,True,True,spectra/asdb_tcrb_20220805_174.fit
2022-08-05,05:06,2459796.713,CUR,YGU-US,699.0,3600.0,7550.0,low,True,True,spectra/asdb_tcrb_20220805_213.fit
2022-08-05,22:22,2459797.432,DBO,WCO-UK,1129.0,3901.0,7380.0,low,True,True,spectra/asdb_tcrb_20220805_931.fit
2022-08-06,03:11,2459797.633,EHL,NHSA-MX,1000.0,3802.0,7802.0,low,True,True,spectra/asdb_tcrb_20220806_134.fit
2022-08-06,21:24,2459798.392,JMI,CLX-FR,1092.0,3596.0,5596.0,low,False,False,spectra/asdb_tcrb_20220806_892.fit
2022-08-08,22:17,2459800.429,CDZ,ELG-SP,1000.0,3880.0,7401.0,low,True,True,spectra/asdb_tcrb_20220808_929.fit
2022-08-09,03:12,2459800.634,KSH,CAR-US,1000.0,3800.0,7200.0,low,True,True,spectra/asdb_tcrb_20220809_134.fit
2022-08-09,20:51,2459801.369,JMI,CLX-FR,1135.0,3600.0,5490.0,low,False,False,spectra/asdb_tcrb_20220809_868.fit
2022-08-09,21:07,2459801.38,JGF,SMM-SP,9000.0,3783.0,9554.0,high,True,True,spectra/asdb_tcrb_20220809_880.fit
2022-08-10,21:10,2459802.382,JGF,SMM-SP,9000.0,3722.0,9458.0,high,True,True,spectra/asdb_tcrb_20220810_882.fit
2022-08-11,01:50,2459802.577,EHL,NHSA-MX,1000.0,3802.0,7802.0,low,True,True,spectra/asdb_tcrb_20220811_077.fit
2022-08-11,20:02,2459803.335,YAM,KOL-SK,1071.0,3900.0,7400.0,low,True,True,spectra/asdb_tcrb_20220811_835.fit
2022-08-11,20:48,2459803.367,JMI,CLX-FR,1081.0,3600.0,5490.0,low,False,False,spectra/asdb_tcrb_20220811_867.fit
2022-08-11,20:55,2459803.372,JGF,SMM-SP,9000.0,3741.0,9383.0,high,True,True,spectra/asdb_tcrb_20220811_871.fit
2022-08-13,04:36,2459804.692,CUR,YGU-US,669.0,3600.0,7620.0,low,True,True,spectra/asdb_tcrb_20220813_191.fit
2022-08-14,03:02,2459805.627,KSH,CAR-US,1000.0,3800.0,7200.0,low,True,True,spectra/asdb_tcrb_20220814_127.fit
2022-08-14,20:31,2459806.355,JGF,SMM-SP,9000.0,3737.0,9412.0,high,True,True,spectra/asdb_tcrb_20220814_854.fit
2022-08-14,21:57,2459806.415,CDZ,ELG-SP,1000.0,3850.0,7401.0,low,True,True,spectra/asdb_tcrb_20220814_914.fit
2022-08-16,20:48,2459808.367,JGF,SMM-SP,9000.0,3747.0,9403.0,high,True,True,spectra/asdb_tcrb_20220816_867.fit
2022-08-16,23:25,2459808.476,CDZ,ELG-SP,1000.0,3850.0,7401.0,low,True,True,spectra/asdb_tcrb_20220816_975.fit
2022-08-17,04:50,2459808.702,CUR,YGU-US,704.0,3610.0,7610.0,low,True,True,spectra/asdb_tcrb_20220817_201.fit
2022-08-18,19:32,2459810.314,YAM,KOL-SK,1168.0,3900.0,7400.0,low,True,True,spectra/asdb_tcrb_20220818_814.fit
2022-08-18,20:38,2459810.36,JGF,SMM-SP,9000.0,3742.0,9407.0,high,True,True,spectra/asdb_tcrb_20220818_860.fit
2022-08-23,20:57,2459815.373,SOL,AQL-IT,13074.0,6530.0,6685.0,high,False,False,spectra/asdb_tcrb_20220823_872.fit
2022-08-25,20:57,2459817.373,CDZ,ELG-SP,800.0,3850.0,7404.0,low,True,True,spectra/asdb_tcrb_20220825_874.fit
2022-08-27,20:58,2459819.374,CDZ,ELG-SP,1000.0,3900.0,7401.0,low,True,True,spectra/asdb_tcrb_20220827_874.fit
2022-08-27,22:39,2459819.444,IBR,HVR-FR,723.0,3234.0,6016.0,low,False,False,spectra/asdb_tcrb_20220827_943.fit
2022-08-28,20:13,2459820.343,VLE,ORL-FR,496.0,3700.0,7721.0,low,True,True,spectra/asdb_tcrb_20220828_843.fit
2022-08-29,02:11,2459820.591,KSH,CAR-US,1000.0,3800.0,7200.0,low,True,True,spectra/asdb_tcrb_20220829_090.fit
2022-08-29,20:31,2459821.355,SOL,AQL-IT,13464.0,6496.0,6684.0,high,True,False,spectra/asdb_tcrb_20220829_854.fit
2022-08-31,20:36,2459823.359,JGF,PIE-SP,9000.0,3996.0,9958.0,high,True,True,spectra/asdb_tcrb_20220831_859.fit
2022-09-03,20:02,2459826.335,JGF,SMM-SP,9000.0,3723.0,9953.0,high,True,True,spectra/asdb_tcrb_20220903_834.fit
2022-09-06,19:43,2459829.322,SOL,AQL-IT,12983.0,6497.0,6684.0,high,True,False,spectra/asdb_tcrb_20220906_821.fit
2022-09-07,02:17,2459829.596,JDH,IUSB-US,600.0,3700.0,8000.0,low,True,True,spectra/asdb_tcrb_20220907_095.fit
2022-09-11,19:32,2459834.314,VBO,GAI-FR,681.0,3700.0,8000.0,low,True,True,spectra/asdb_tcrb_20220911_813.fit
2022-09-11,19:48,2459834.325,SOL,AQL-IT,12900.0,6497.0,6684.0,high,True,False,spectra/asdb_tcrb_20220911_825.fit
2022-09-12,19:04,2459835.295,SOL,AQL-IT,13088.0,6496.0,6684.0,high,True,False,spectra/asdb_tcrb_20220912_794.fit
2022-09-14,01:56,2459836.581,KSH,CAR-US,1000.0,3800.0,7200.0,low,True,True,spectra/asdb_tcrb_20220914_082.fit
2022-09-15,19:26,2459838.31,VBO,GAI-FR,677.0,3700.0,8000.0,low,True,True,spectra/asdb_tcrb_20220915_809.fit
2022-09-16,19:20,2459839.306,VBO,GAI-FR,692.0,3700.0,8000.0,low,True,True,spectra/asdb_tcrb_20220916_805.fit
2022-09-17,19:19,2459840.305,VBO,GAI-FR,695.0,3700.0,8000.0,low,True,True,spectra/asdb_tcrb_20220917_804.fit
2022-09-18,04:09,2459840.673,FAS,DCO-US,1069.0,3730.0,7294.0,low,True,True,spectra/asdb_tcrb_20220918_172.fit
2022-09-19,19:45,2459842.323,VBO,GAI-FR,674.0,3700.0,8000.0,low,True,True,spectra/asdb_tcrb_20220919_823.fit
2022-09-20,01:33,2459842.565,JDH,IUSB-US,600.0,3701.0,8000.0,low,True,True,spectra/asdb_tcrb_20220920_065.fit
2022-09-20,19:43,2459843.322,JGF,SMM-SP,9000.0,3857.0,9400.0,high,True,True,spectra/asdb_tcrb_20220920_822.fit
2022-09-21,19:13,2459844.301,VBO,GAI-FR,689.0,3700.0,8000.0,low,True,True,spectra/asdb_tcrb_20220921_800.fit
2022-09-22,01:50,2459844.577,KSH,CAR-US,1000.0,3800.0,7200.0,low,True,True,spectra/asdb_tcrb_20220922_078.fit
2022-09-22,19:36,2459845.317,VBO,GAI-FR,678.0,3700.0,8000.0,low,True,True,spectra/asdb_tcrb_20220922_817.fit
2022-10-02,20:06,2459855.338,JCO,EES-UK,556.0,3860.0,8055.0,low,True,True,spectra/asdb_tcrb_20221002_838.fit
2022-10-03,02:36,2459855.609,FAS,DCO-US,1071.0,3717.0,7306.0,low,True,True,spectra/asdb_tcrb_20221003_109.fit
2022-10-08,20:45,2459861.365,IBR,HVR-FR,670.0,3429.0,5993.0,low,False,False,spectra/asdb_tcrb_20221008_865.fit
2022-10-13,01:35,2459865.566,KSH,CAR-US,1000.0,3800.0,7200.0,low,True,True,spectra/asdb_tcrb_20221013_065.fit
2022-10-21,01:55,2459873.58,FAS,DCO-US,1051.0,3718.0,7307.0,low,True,True,spectra/asdb_tcrb_20221021_080.fit
2023-02-18,10:12,2459993.926,JDH,IUSB-US,600.0,3700.0,8000.0,low,True,True,spectra/asdb_tcrb_20230218_426.fit
2023-02-21,13:44,2459997.073,JRF,MTP-US,783.0,6251.0,9581.0,low,True,True,spectra/asdb_tcrb_20230221_572.fit
2023-03-16,02:24,2460019.601,BUI,ANT-FR,17106.0,6482.0,6697.0,high,True,False,spectra/asdb_tcrb_20230316_100.fit
2023-03-18,13:11,2460022.049,JRF,MTP-US,556.0,3616.0,7401.0,low,True,True,spectra/asdb_tcrb_20230318_549.fit
2023-03-20,01:21,2460023.557,CBO,OCT-FR,511.0,3700.0,7566.0,low,True,True,spectra/asdb_tcrb_20230320_056.fit
2023-03-27,11:46,2460030.991,JRF,MTP-US,545.0,3626.0,7401.0,low,True,True,spectra/asdb_tcrb_20230327_490.fit
2023-04-03,23:28,2460038.478,IBR,HVR-FR,837.0,3904.0,6736.0,low,True,True,spectra/asdb_tcrb_20230403_978.fit
2023-04-05,00:37,2460039.526,IBR,HVR-FR,703.0,3295.0,6109.0,low,False,False,spectra/asdb_tcrb_20230405_025.fit
2023-04-06,07:40,2460040.82,FAS,DCO-US,975.0,3717.0,7308.0,low,True,True,spectra/asdb_tcrb_20230406_319.fit
2023-04-07,23:51,2460042.494,CBO,OCT-FR,529.0,3700.0,7566.0,low,True,True,spectra/asdb_tcrb_20230407_994.fit
2023-04-08,23:34,2460043.482,BUI,ANT-FR,18000.0,6481.0,6695.0,high,True,False,spectra/asdb_tcrb_20230408_982.fit
2023-04-10,10:57,2460044.957,JRF,MTP-US,811.0,6253.0,9585.0,low,True,True,spectra/asdb_tcrb_20230410_456.fit
2023-04-15,10:11,2460049.925,JRF,MTP-US,552.0,3651.0,7401.0,low,True,True,spectra/asdb_tcrb_20230415_424.fit
2023-04-16,00:01,2460050.501,CBO,OCT-FR,526.0,3700.0,7566.0,low,True,True,spectra/asdb_tcrb_20230416_000.fit
2023-04-20,09:40,2460054.903,JRF,MTP-US,538.0,3651.0,7401.0,low,True,True,spectra/asdb_tcrb_20230420_402.fit
2023-04-21,23:04,2460056.462,ALE,NSH-FR,772.0,3650.0,7350.0,low,True,True,spectra/asdb_tcrb_20230421_961.fit
2023-04-22,07:26,2460056.81,FAS,DCO-US,1053.0,3729.0,7300.0,low,True,True,spectra/asdb_tcrb_20230422_310.fit
2023-04-22,09:25,2460056.893,JRF,MTP-US,533.0,3651.0,7401.0,low,True,True,spectra/asdb_tcrb_20230422_392.fit
2023-04-24,22:35,2460059.441,FTE,SMM-SP,9000.0,4000.0,8000.0,high,True,True,spectra/asdb_tcrb_20230424_941.fit
2023-04-25,23:11,2460060.467,ALE,NSH-FR,784.0,3650.0,7350.0,low,True,True,spectra/asdb_tcrb_20230425_966.fit
2023-04-25,23:41,2460060.487,CBO,OCT-FR,535.0,3700.0,7566.0,low,True,True,spectra/asdb_tcrb_20230425_988.fit
2023-04-27,03:18,2460061.638,JDH,IUSB-US,600.0,3701.0,7999.0,low,True,True,spectra/asdb_tcrb_20230427_137.fit
2023-04-27,09:51,2460061.911,JRF,MTP-US,507.0,3651.0,7401.0,low,True,True,spectra/asdb_tcrb_20230427_410.fit
2023-04-28,05:55,2460062.747,CUR,YGU-US,1288.0,4610.0,6740.0,low,True,True,spectra/asdb_tcrb_20230428_246.fit
2023-04-28,09:47,2460062.908,JRF,MTP-US,778.0,6251.0,9590.0,low,True,True,spectra/asdb_tcrb_20230428_407.fit
2023-04-29,21:58,2460064.416,DBO,WCO-UK,1138.0,3900.0,7381.0,low,True,True,spectra/asdb_tcrb_20230429_915.fit
2023-04-30,00:21,2460064.515,CBO,OCT-FR,533.0,3700.0,7566.0,low,True,True,spectra/asdb_tcrb_20230430_015.fit
2023-04-30,07:16,2460064.803,FAS,DCO-US,1036.0,3729.0,7300.0,low,True,True,spectra/asdb_tcrb_20230430_303.fit
2023-04-30,23:11,2460065.467,CDZ,ELG-SP,644.0,3851.0,7377.0,low,True,True,spectra/asdb_tcrb_20230430_966.fit
2023-05-03,21:31,2460068.397,ALE,NSH-FR,685.0,3650.0,7350.0,low,True,True,spectra/asdb_tcrb_20230503_896.fit
2023-05-06,21:20,2460071.389,JGF,PIE-SP,9000.0,3898.0,9266.0,high,True,True,spectra/asdb_tcrb_20230506_889.fit
2023-05-07,22:16,2460072.428,BUI,ANT-FR,17500.0,6489.0,6694.0,high,True,False,spectra/asdb_tcrb_20230507_928.fit
2023-05-09,09:26,2460073.893,JRF,MTP-US,534.0,3651.0,7401.0,low,True,True,spectra/asdb_tcrb_20230509_393.fit
2023-05-12,05:02,2460076.71,CUR,YGU-US,1237.0,4600.0,6770.0,low,True,True,spectra/asdb_tcrb_20230512_209.fit
2023-05-12,08:45,2460076.865,JRF,MTP-US,534.0,3651.0,7401.0,low,True,True,spectra/asdb_tcrb_20230512_364.fit
2023-05-14,22:11,2460079.425,ALE,NSH-FR,685.0,3650.0,7350.0,low,True,True,spectra/asdb_tcrb_20230514_924.fit
2023-05-15,21:08,2460080.381,ALE,NSH-FR,729.0,3650.0,7350.0,low,True,True,spectra/asdb_tcrb_20230515_880.fit
2023-05-15,22:18,2460080.429,JGF,PIE-SP,9000.0,3898.0,9269.0,high,True,True,spectra/asdb_tcrb_20230515_929.fit
2023-05-17,07:09,2460081.798,JLE,SJO-US,975.0,3800.0,7198.0,low,True,True,spectra/asdb_tcrb_20230517_298.fit
2023-05-17,08:15,2460081.844,JRF,MTP-US,508.0,3651.0,7401.0,low,True,True,spectra/asdb_tcrb_20230517_343.fit
2023-05-17,22:43,2460082.447,CBO,OCT-FR,532.0,3700.0,7566.0,low,True,True,spectra/asdb_tcrb_20230517_947.fit
2023-05-18,02:50,2460082.618,CDZ,ELG-SP,661.0,3852.0,7371.0,low,True,True,spectra/asdb_tcrb_20230518_118.fit
2023-05-18,07:54,2460082.829,JRF,MTP-US,508.0,3651.0,7401.0,low,True,True,spectra/asdb_tcrb_20230518_329.fit
2023-05-18,23:41,2460083.487,IBR,HVR-FR,765.0,3385.0,6104.0,low,False,False,spectra/asdb_tcrb_20230518_987.fit
2023-05-19,22:58,2460084.457,IBR,HVR-FR,794.0,3315.0,6118.0,low,False,False,spectra/asdb_tcrb_20230519_957.fit
2023-05-20,05:26,2460084.726,CUR,YGU-US,1480.0,4610.0,6770.0,low,True,True,spectra/asdb_tcrb_20230520_226.fit
2023-05-20,22:54,2460085.455,IBR,HVR-FR,777.0,3319.0,6121.0,low,False,False,spectra/asdb_tcrb_20230520_954.fit
2023-05-21,06:28,2460085.77,FAS,DCO-US,1019.0,3727.0,7300.0,low,True,True,spectra/asdb_tcrb_20230521_270.fit
2023-05-23,06:35,2460087.775,FAS,DCO-US,1037.0,3728.0,7300.0,low,True,True,spectra/asdb_tcrb_20230523_274.fit
2023-05-24,05:04,2460088.711,CUR,YGU-US,1439.0,4595.0,6755.0,low,True,True,spectra/asdb_tcrb_20230524_211.fit
2023-05-25,04:48,2460089.701,CUR,YGU-US,1434.0,4610.0,6770.0,low,True,True,spectra/asdb_tcrb_20230525_200.fit
2023-05-26,06:30,2460090.771,FAS,DCO-US,1029.0,3729.0,7301.0,low,True,True,spectra/asdb_tcrb_20230526_271.fit
2023-05-26,20:25,2460091.351,ALE,NSH-FR,686.0,3650.0,7350.0,low,True,True,spectra/asdb_tcrb_20230526_851.fit
2023-05-26,21:35,2460091.4,JGF,PIE-SP,9000.0,3794.0,9281.0,high,True,True,spectra/asdb_tcrb_20230526_899.fit
2023-05-26,22:56,2460091.456,IBR,HVR-FR,578.0,3482.0,6104.0,low,False,False,spectra/asdb_tcrb_20230526_955.fit
2023-05-27,04:24,2460091.684,JFN,SQ-US,1447.0,5653.0,7683.0,low,True,True,spectra/asdb_tcrb_20230527_183.fit
2023-05-27,05:07,2460091.714,CUR,YGU-US,1446.0,4590.0,6765.0,low,True,True,spectra/asdb_tcrb_20230527_213.fit
2023-05-27,05:55,2460091.747,JFN,SQ-US,1015.0,3728.0,5791.0,low,False,False,spectra/asdb_tcrb_20230527_246.fit
2023-05-27,23:27,2460092.477,BUI,ANT-FR,20000.0,6491.0,6692.0,high,True,False,spectra/asdb_tcrb_20230527_977.fit
2023-05-28,21:11,2460093.383,VLE,ORL-FR,21902.0,6540.0,6590.0,high,False,False,spectra/asdb_tcrb_20230528_882.fit
2023-05-29,06:19,2460093.764,FAS,DCO-US,1005.0,3729.0,7300.0,low,True,True,spectra/asdb_tcrb_20230529_263.fit
2023-05-29,07:47,2460093.825,JRF,MTP-US,581.0,3651.0,7401.0,low,True,True,spectra/asdb_tcrb_20230529_324.fit
2023-05-29,21:50,2460094.41,EBE,SSO-FR,14460.0,6500.0,6611.0,high,False,False,spectra/asdb_tcrb_20230529_910.fit
2023-05-29,22:12,2460094.426,DBO,WCO-UK,1125.0,3901.0,7381.0,low,True,True,spectra/asdb_tcrb_20230529_925.fit
2023-05-30,06:31,2460094.772,FAS,DCO-US,1005.0,3729.0,7300.0,low,True,True,spectra/asdb_tcrb_20230530_272.fit
2023-06-01,07:40,2460096.82,JRF,MTP-US,752.0,6327.0,9570.0,low,True,True,spectra/asdb_tcrb_20230601_319.fit
2023-06-02,08:10,2460097.84,JRF,MTP-US,566.0,3651.0,7401.0,low,True,True,spectra/asdb_tcrb_20230602_340.fit
2023-06-03,21:48,2460099.409,JGF,SMM-SP,9000.0,3786.0,9892.0,high,True,True,spectra/asdb_tcrb_20230603_908.fit
2023-06-04,01:08,2460099.547,IBR,HVR-FR,780.0,3348.0,6108.0,low,False,False,spectra/asdb_tcrb_20230604_047.fit
2023-06-04,02:19,2460099.597,CBO,OCT-FR,529.0,3700.0,7566.0,low,True,True,spectra/asdb_tcrb_20230604_097.fit
2023-06-04,05:26,2460099.727,CUR,YGU-US,1494.0,4595.0,6760.0,low,True,True,spectra/asdb_tcrb_20230604_226.fit
2023-06-04,06:38,2460099.777,FAS,DCO-US,1009.0,3728.0,7299.0,low,True,True,spectra/asdb_tcrb_20230604_276.fit
2023-06-05,08:26,2460100.851,JRF,MTP-US,503.0,3651.0,7401.0,low,True,True,spectra/asdb_tcrb_20230605_351.fit
2023-06-05,20:17,2460101.345,VLE,ORL-FR,24913.0,6501.0,6699.0,high,False,False,spectra/asdb_tcrb_20230605_845.fit
2023-06-06,20:51,2460102.369,GBE,LAM-FR,17269.0,6490.0,6700.0,high,True,False,spectra/asdb_tcrb_20230606_868.fit
2023-06-07,03:00,2460102.625,KSH,CAR-US,1000.0,3800.0,7200.0,low,True,True,spectra/asdb_tcrb_20230607_125.fit
2023-06-08,04:33,2460103.69,FAS,DCO-US,1022.0,3728.0,7300.0,low,True,True,spectra/asdb_tcrb_20230608_189.fit
2023-06-09,09:41,2460104.904,JRF,MTP-US,504.0,3651.0,7401.0,low,True,True,spectra/asdb_tcrb_20230609_403.fit
2023-06-12,01:52,2460107.578,XDU,SRO-FR,17631.0,6502.0,6700.0,high,False,False,spectra/asdb_tcrb_20230612_077.fit
2023-06-12,05:41,2460107.737,FAS,DCO-US,986.0,3706.0,7294.0,low,True,True,spectra/asdb_tcrb_20230612_237.fit
2023-06-13,00:01,2460108.501,BUI,ANT-FR,19000.0,6489.0,6691.0,high,True,False,spectra/asdb_tcrb_20230613_000.fit
2023-06-13,10:14,2460108.927,JRF,MTP-US,501.0,3651.0,7401.0,low,True,True,spectra/asdb_tcrb_20230613_426.fit
2023-06-13,22:35,2460109.441,CBO,OCT-FR,520.0,3700.0,7566.0,low,True,True,spectra/asdb_tcrb_20230613_941.fit
2023-06-15,06:38,2460110.777,FAS,DCO-US,972.0,3707.0,7295.0,low,True,True,spectra/asdb_tcrb_20230615_276.fit
2023-06-15,21:40,2460111.403,JGF,PIE-SP,9000.0,3822.0,9968.0,high,True,True,spectra/asdb_tcrb_20230615_903.fit
2023-06-16,07:29,2460111.812,JRF,MTP-US,502.0,3651.0,7401.0,low,True,True,spectra/asdb_tcrb_20230616_312.fit
2023-06-16,21:34,2460112.399,SDV,MEZ-CH,23548.0,6521.0,6630.0,high,False,False,spectra/asdb_tcrb_20230616_898.fit
2023-06-16,23:53,2460112.495,CBO,OCT-FR,511.0,3700.0,7566.0,low,True,True,spectra/asdb_tcrb_20230616_995.fit
2023-06-19,09:15,2460114.885,JRF,MTP-US,741.0,6251.0,9585.0,low,True,True,spectra/asdb_tcrb_20230619_385.fit
2023-06-21,10:06,2460116.921,JRF,MTP-US,507.0,3651.0,7401.0,low,True,True,spectra/asdb_tcrb_20230621_421.fit
2023-06-22,21:59,2460118.416,JGF,PIE-SP,9000.0,3811.0,9913.0,high,True,True,spectra/asdb_tcrb_20230622_916.fit
2023-06-23,22:44,2460119.448,GBE,LAM-FR,17000.0,6490.0,6700.0,high,True,False,spectra/asdb_tcrb_20230623_947.fit
2023-06-24,00:07,2460119.505,IBR,HVR-FR,758.0,3341.0,6107.0,low,False,False,spectra/asdb_tcrb_20230624_005.fit
2023-06-24,01:00,2460119.542,CBO,OCT-FR,518.0,3700.0,7566.0,low,True,True,spectra/asdb_tcrb_20230624_042.fit
2023-06-25,03:07,2460120.63,KSH,CAR-US,1000.0,3800.0,7189.0,low,True,True,spectra/asdb_tcrb_20230625_129.fit
2023-06-25,04:49,2460120.701,DDGB,SDC-US,600.0,4001.0,8001.0,low,True,True,spectra/asdb_tcrb_20230625_200.fit
2023-06-26,04:39,2460121.694,KSH,CAR-US,1000.0,3800.0,7189.0,low,True,True,spectra/asdb_tcrb_20230626_193.fit
2023-06-27,04:35,2460122.691,FAS,DCO-US,1052.0,3705.0,7294.0,low,True,True,spectra/asdb_tcrb_20230627_190.fit
2023-06-27,09:21,2460122.89,JRF,MTP-US,496.0,3651.0,7401.0,low,True,True,spectra/asdb_tcrb_20230627_389.fit
2023-06-28,05:42,2460123.738,CUR,YGU-US,1516.0,4605.0,6740.0,low,True,True,spectra/asdb_tcrb_20230628_238.fit
2023-06-29,04:49,2460124.701,FAS,DCO-US,1000.0,3707.0,7294.0,low,True,True,spectra/asdb_tcrb_20230629_201.fit
2023-06-30,04:41,2460125.695,FAS,DCO-US,988.0,3705.0,7294.0,low,True,True,spectra/asdb_tcrb_20230630_195.fit
2023-07-01,04:39,2460126.694,FAS,DCO-US,1002.0,3706.0,7294.0,low,True,True,spectra/asdb_tcrb_20230701_193.fit
2023-07-01,21:54,2460127.413,JGF,SMM-SP,9000.0,3783.0,9029.0,high,True,True,spectra/asdb_tcrb_20230701_912.fit
2023-07-02,04:31,2460127.689,FAS,DCO-US,1016.0,3707.0,7294.0,low,True,True,spectra/asdb_tcrb_20230702_188.fit
2023-07-02,05:26,2460127.726,CUR,YGU-US,1465.0,4605.0,6745.0,low,True,True,spectra/asdb_tcrb_20230702_226.fit
2023-07-03,04:31,2460128.688,FAS,DCO-US,1047.0,3707.0,7295.0,low,True,True,spectra/asdb_tcrb_20230703_188.fit
2023-07-03,06:24,2460128.767,JRF,MTP-US,678.0,6326.0,9581.0,low,True,True,spectra/asdb_tcrb_20230703_267.fit
2023-07-04,04:35,2460129.691,FAS,DCO-US,1018.0,3707.0,7294.0,low,True,True,spectra/asdb_tcrb_20230704_191.fit
2023-07-06,04:07,2460131.672,KSH,CAR-US,1000.0,3876.0,7190.0,low,True,True,spectra/asdb_tcrb_20230706_171.fit
2023-07-06,04:31,2460131.688,FAS,DCO-US,1017.0,3706.0,7295.0,low,True,True,spectra/asdb_tcrb_20230706_188.fit
2023-07-06,07:08,2460131.797,JRF,MTP-US,737.0,6327.0,9581.0,low,True,True,spectra/asdb_tcrb_20230706_297.fit
2023-07-07,04:51,2460132.702,FAS,DCO-US,1004.0,3706.0,7295.0,low,True,True,spectra/asdb_tcrb_20230707_202.fit
2023-07-07,21:18,2460133.388,FTE,SMM-SP,9000.0,4000.0,7800.0,high,True,True,spectra/asdb_tcrb_20230707_887.fit
2023-07-07,22:19,2460133.43,DBO,WCO-UK,1047.0,3901.0,7380.0,low,True,True,spectra/asdb_tcrb_20230707_930.fit
2023-07-08,01:07,2460133.547,IBR,HVR-FR,489.0,3570.0,6092.0,low,False,False,spectra/asdb_tcrb_20230708_046.fit
2023-07-08,04:49,2460133.701,FAS,DCO-US,1036.0,3707.0,7295.0,low,True,True,spectra/asdb_tcrb_20230708_201.fit
2023-07-09,04:33,2460134.69,FAS,DCO-US,999.0,3707.0,7295.0,low,True,True,spectra/asdb_tcrb_20230709_189.fit
2023-07-09,07:14,2460134.802,JRF,MTP-US,487.0,3701.0,7398.0,low,True,True,spectra/asdb_tcrb_20230709_301.fit
2023-07-10,04:31,2460135.688,FAS,DCO-US,994.0,3707.0,7295.0,low,True,True,spectra/asdb_tcrb_20230710_188.fit
2023-07-11,04:49,2460136.701,FAS,DCO-US,1016.0,3800.0,7290.0,low,True,True,spectra/asdb_tcrb_20230711_200.fit
2023-07-11,05:57,2460136.748,DDGB,SDC-US,600.0,3901.0,6991.0,low,True,True,spectra/asdb_tcrb_20230711_248.fit
2023-07-12,04:43,2460137.697,FAS,DCO-US,1005.0,3707.0,7294.0,low,True,True,spectra/asdb_tcrb_20230712_197.fit
2023-07-12,23:04,2460138.462,XDU,SRO-FR,19387.0,6502.0,6697.0,high,False,False,spectra/asdb_tcrb_20230712_961.fit
2023-07-13,09:02,2460138.876,JRF,MTP-US,481.0,3701.0,7398.0,low,True,True,spectra/asdb_tcrb_20230713_376.fit
2023-07-13,21:50,2460139.41,FTE,SMM-SP,9000.0,4000.0,7500.0,high,True,True,spectra/asdb_tcrb_20230713_910.fit
2023-07-16,03:47,2460141.658,KSH,CAR-US,1000.0,3850.0,7250.0,low,True,True,spectra/asdb_tcrb_20230716_157.fit
2023-07-17,08:07,2460142.838,JRF,MTP-US,487.0,3701.0,7398.0,low,True,True,spectra/asdb_tcrb_20230717_338.fit
2023-07-18,05:06,2460143.713,CUR,YGU-US,1487.0,4605.0,6765.0,low,True,True,spectra/asdb_tcrb_20230718_212.fit
2023-07-18,21:49,2460144.409,FTE,SMM-SP,9000.0,4000.0,8100.0,high,True,True,spectra/asdb_tcrb_20230718_909.fit
2023-07-19,08:45,2460144.865,JRF,MTP-US,491.0,3701.0,7398.0,low,True,True,spectra/asdb_tcrb_20230719_365.fit
2023-07-21,03:01,2460146.626,KSH,CAR-US,1000.0,3850.0,7250.0,low,True,True,spectra/asdb_tcrb_20230721_126.fit
2023-07-21,04:58,2460146.707,DDGB,SDC-US,600.0,4001.0,7500.0,low,True,True,spectra/asdb_tcrb_20230721_207.fit
2023-07-21,23:23,2460147.475,VMA,TXY-FR,582.0,3672.0,7389.0,low,True,True,spectra/asdb_tcrb_20230721_974.fit
2023-07-22,21:19,2460148.389,FBO,SJI-FR,1000.0,4100.0,7502.0,low,True,True,spectra/asdb_tcrb_20230722_888.fit
2023-07-23,04:55,2460148.705,CUR,YGU-US,1461.0,4605.0,6765.0,low,True,True,spectra/asdb_tcrb_20230723_205.fit
2023-07-26,05:13,2460151.718,JRF,MTP-US,484.0,3701.0,7400.0,low,True,True,spectra/asdb_tcrb_20230726_218.fit
2023-07-26,21:18,2460152.388,FTE,SMM-SP,9000.0,4000.0,7500.0,high,True,True,spectra/asdb_tcrb_20230726_887.fit
2023-07-28,02:47,2460153.616,KSH,CAR-US,1000.0,3850.0,7250.0,low,True,True,spectra/asdb_tcrb_20230728_116.fit
2023-07-28,04:50,2460153.701,CUR,YGU-US,1470.0,4605.0,6765.0,low,True,True,spectra/asdb_tcrb_20230728_201.fit
2023-07-28,07:44,2460153.822,JRF,MTP-US,488.0,3701.0,7400.0,low,True,True,spectra/asdb_tcrb_20230728_322.fit
2023-07-28,21:19,2460154.389,JGF,PIE-SP,9000.0,3832.0,8480.0,high,True,True,spectra/asdb_tcrb_20230728_888.fit
2023-07-31,22:35,2460157.442,CUR,SMM-SP,9000.0,3800.0,8100.0,high,True,True,spectra/asdb_tcrb_20230731_941.fit
2023-08-03,05:20,2460159.723,JRF,MTP-US,678.0,6251.0,9586.0,low,True,True,spectra/asdb_tcrb_20230803_222.fit
2023-08-05,06:06,2460161.754,JRF,MTP-US,721.0,6251.0,9588.0,low,True,True,spectra/asdb_tcrb_20230805_254.fit
2023-08-06,21:43,2460163.405,JGF,SMM-SP,9000.0,3904.0,9061.0,high,True,True,spectra/asdb_tcrb_20230806_905.fit
2023-08-06,22:17,2460163.429,DBO,WCO-UK,1152.0,3900.0,7380.0,low,True,True,spectra/asdb_tcrb_20230806_929.fit
2023-08-08,21:10,2460165.382,GBE,OHP-FR,13377.0,6475.0,6694.0,high,True,False,spectra/asdb_tcrb_20230808_882.fit
2023-08-08,21:55,2460165.413,JGF,PIE-SP,9000.0,4027.0,9949.0,high,True,True,spectra/asdb_tcrb_20230808_913.fit
2023-08-08,22:52,2460165.453,CBO,OHP-FR,523.0,3700.0,7566.0,low,True,True,spectra/asdb_tcrb_20230808_953.fit
2023-08-09,05:43,2460165.739,JRF,MTP-US,487.0,3700.0,7401.0,low,True,True,spectra/asdb_tcrb_20230809_238.fit
2023-08-09,20:49,2460166.368,2SPOT,OHP-FR,654.0,3980.0,7492.0,low,True,True,spectra/asdb_tcrb_20230809_867.fit
2023-08-10,21:52,2460167.412,JMI,OHP-FR,1901.0,4672.0,6745.0,low,True,True,spectra/asdb_tcrb_20230810_911.fit
2023-08-10,22:23,2460167.433,CBO,OHP-FR,527.0,3700.0,7566.0,low,True,True,spectra/asdb_tcrb_20230810_933.fit
2023-08-12,06:46,2460168.783,JRF,MTP-US,508.0,3701.0,7401.0,low,True,True,spectra/asdb_tcrb_20230812_282.fit
2023-08-12,21:05,2460169.379,CLC,ASA-FR,600.0,5700.0,7100.0,low,True,True,spectra/asdb_tcrb_20230812_879.fit
2023-08-12,21:20,2460169.389,JMI,OHP-FR,1364.0,3800.0,5445.0,low,False,False,spectra/asdb_tcrb_20230812_888.fit
2023-08-12,22:05,2460169.42,CLC,ASA-FR,600.0,4700.0,6200.0,low,False,False,spectra/asdb_tcrb_20230812_920.fit
2023-08-12,23:03,2460169.461,CLC,ASA-FR,600.0,4000.0,5200.0,low,False,False,spectra/asdb_tcrb_20230812_960.fit
2023-08-13,04:20,2460169.681,DDGB,MEN-US,600.0,4001.0,7200.0,low,True,True,spectra/asdb_tcrb_20230813_181.fit
2023-08-14,20:52,2460171.37,FTE,SMM-SP,9000.0,4000.0,8100.0,high,True,True,spectra/asdb_tcrb_20230814_869.fit
2023-08-14,21:28,2460171.395,DBO,WCO-UK,1151.0,3900.0,7381.0,low,True,True,spectra/asdb_tcrb_20230814_895.fit
2023-08-18,06:38,2460174.777,JRF,MTP-US,509.0,3701.0,7401.0,low,True,True,spectra/asdb_tcrb_20230818_276.fit
2023-08-18,11:58,2460174.999,CEL,MAR-AU,10000.0,3985.0,7405.0,high,True,True,spectra/asdb_tcrb_20230818_499.fit
2023-08-18,21:44,2460175.406,JGF,PIE-SP,9000.0,3802.0,9922.0,high,True,True,spectra/asdb_tcrb_20230818_906.fit
2023-08-20,21:46,2460177.407,JGF,PIE-SP,9000.0,3918.0,9858.0,high,True,True,spectra/asdb_tcrb_20230820_907.fit
2023-08-31,05:46,2460187.74,JRF,MTP-US,731.0,6326.0,9581.0,low,True,True,spectra/asdb_tcrb_20230831_240.fit
2023-08-31,20:38,2460188.36,FTE,SMM-SP,9000.0,3950.0,8800.0,high,True,True,spectra/asdb_tcrb_20230831_859.fit
2023-09-03,20:01,2460191.334,RLE,THO-UK,5380.0,6398.0,6840.0,mid,True,True,spectra/asdb_tcrb_20230903_835.fit
2023-09-04,21:12,2460192.384,DBO,WCO-UK,1074.0,3900.0,7380.0,low,True,True,spectra/asdb_tcrb_20230904_883.fit
2023-09-06,05:29,2460193.729,JRF,MTP-US,748.0,6326.0,9577.0,low,True,True,spectra/asdb_tcrb_20230906_228.fit
2023-09-06,20:05,2460194.337,FTE,SMM-SP,9000.0,4050.0,8500.0,high,True,True,spectra/asdb_tcrb_20230906_837.fit
2023-09-07,05:07,2460194.714,JRF,MTP-US,512.0,3701.0,7401.0,low,True,True,spectra/asdb_tcrb_20230907_213.fit
2023-09-09,20:46,2460197.365,JGF,SMM-SP,9000.0,3811.0,9049.0,high,True,True,spectra/asdb_tcrb_20230909_865.fit
2023-09-11,20:56,2460199.373,FRP,MPO-SP,578.0,3800.0,7397.0,low,True,True,spectra/asdb_tcrb_20230911_872.fit
2023-09-14,02:36,2460201.609,JDH,IUSB-US,600.0,3700.0,8000.0,low,True,True,spectra/asdb_tcrb_20230914_108.fit
2023-09-14,21:37,2460202.401,DBO,WCO-UK,1154.0,3900.0,7380.0,low,True,True,spectra/asdb_tcrb_20230914_900.fit
2023-09-15,21:24,2460203.392,IBR,HVR-FR,763.0,3387.0,6006.0,low,False,False,spectra/asdb_tcrb_20230915_891.fit
2023-09-19,03:19,2460206.639,DDGB,SDC-US,600.0,3800.0,8000.0,low,True,True,spectra/asdb_tcrb_20230919_138.fit
2023-09-23,19:44,2460211.323,GBE,LAM-FR,900.0,3690.0,7298.0,low,True,True,spectra/asdb_tcrb_20230923_822.fit
2023-09-23,19:56,2460211.331,FTE,SMM-SP,9000.0,4000.0,7900.0,high,True,True,spectra/asdb_tcrb_20230923_830.fit
2023-09-27,02:44,2460214.614,FAS,DCO-US,997.0,3705.0,7294.0,low,True,True,spectra/asdb_tcrb_20230927_114.fit
2023-09-29,02:33,2460216.606,FAS,DCO-US,997.0,3750.0,7290.0,low,True,True,spectra/asdb_tcrb_20230929_106.fit
2023-09-29,03:58,2460216.666,JRF,MTP-US,543.0,3701.0,7401.0,low,True,True,spectra/asdb_tcrb_20230929_165.fit
2023-09-30,02:27,2460217.603,FAS,DCO-US,994.0,3707.0,7295.0,low,True,True,spectra/asdb_tcrb_20230930_102.fit
2023-10-04,01:34,2460221.566,JDH,IUSB-US,600.0,3850.0,8000.0,low,True,True,spectra/asdb_tcrb_20231004_065.fit
2023-10-04,02:54,2460221.621,FAS,DCO-US,1058.0,3751.0,7291.0,low,True,True,spectra/asdb_tcrb_20231004_121.fit
2023-10-05,02:25,2460222.601,FAS,DCO-US,1058.0,3710.0,7298.0,low,True,True,spectra/asdb_tcrb_20231005_100.fit
2023-10-06,02:26,2460223.601,FAS,DCO-US,1031.0,3726.0,7291.0,low,True,True,spectra/asdb_tcrb_20231006_101.fit
2023-10-06,20:11,2460224.341,FTE,SMM-SP,9000.0,4000.0,8000.0,high,True,True,spectra/asdb_tcrb_20231006_841.fit
2023-10-07,02:24,2460224.6,FAS,DCO-US,1025.0,3725.0,7291.0,low,True,True,spectra/asdb_tcrb_20231007_099.fit
2023-10-09,03:30,2460226.646,JRF,MTP-US,535.0,3701.0,7401.0,low,True,True,spectra/asdb_tcrb_20231009_146.fit
2023-10-10,02:15,2460227.594,FAS,DCO-US,1017.0,3725.0,7291.0,low,True,True,spectra/asdb_tcrb_20231010_093.fit
2023-10-28,18:59,2460246.292,JGF,PIE-SP,9000.0,3705.0,9982.0,high,True,True,spectra/asdb_tcrb_20231028_791.fit
2023-10-29,03:09,2460246.631,JRF,MTP-US,537.0,3701.0,7401.0,low,True,True,spectra/asdb_tcrb_20231029_131.fit
2023-10-30,02:47,2460247.616,JRF,MTP-US,798.0,6325.0,9571.0,low,True,True,spectra/asdb_tcrb_20231030_115.fit
2023-11-06,18:48,2460255.284,JGF,PIE-SP,9000.0,4042.0,9787.0,high,True,True,spectra/asdb_tcrb_20231106_783.fit
2024-01-15,12:42,2460325.03,FAS,DCO-US,981.0,3726.0,7266.0,low,True,True,spectra/asdb_tcrb_20240115_530.fit
2024-01-27,12:37,2460337.026,FAS,DCO-US,941.0,3726.0,7266.0,low,True,True,spectra/asdb_tcrb_20240127_526.fit
2024-02-14,12:48,2460355.034,JRF,MTP-US,10171.0,6484.0,6640.0,high,True,False,spectra/asdb_tcrb_20240214_533.fit
2024-02-28,02:17,2460368.595,CBO,OCT-FR,515.0,3700.0,7566.0,low,True,True,spectra/asdb_tcrb_20240228_095.fit
2024-02-28,13:24,2460369.059,JRF,MTP-US,554.0,3651.0,7400.0,low,True,True,spectra/asdb_tcrb_20240228_558.fit
2024-02-29,12:05,2460370.004,JRF,MTP-US,11323.0,6485.0,6640.0,high,True,False,spectra/asdb_tcrb_20240229_503.fit
2024-02-29,13:07,2460370.047,JRF,MTP-US,542.0,3651.0,7400.0,low,True,True,spectra/asdb_tcrb_20240229_546.fit
2024-03-01,10:54,2460370.954,FAS,DCO-US,1009.0,3776.0,7265.0,low,True,True,spectra/asdb_tcrb_20240301_454.fit
2024-03-01,11:09,2460370.965,JPE,DHO-US,1055.0,3911.0,7574.0,low,True,True,spectra/asdb_tcrb_20240301_465.fit
2024-03-06,01:38,2460375.569,XDU,SRO-FR,15934.0,6500.0,6700.0,high,True,False,spectra/asdb_tcrb_20240306_068.fit
2024-03-07,01:30,2460376.563,XDU,SRO-FR,15928.0,6500.0,6700.0,high,True,False,spectra/asdb_tcrb_20240307_063.fit
2024-03-08,02:27,2460377.602,CBO,OCT-FR,514.0,3700.0,7566.0,low,True,True,spectra/asdb_tcrb_20240308_102.fit
2024-03-12,23:18,2460382.471,JGF,PIE-SP,9000.0,3845.0,9353.0,high,True,True,spectra/asdb_tcrb_20240312_971.fit
2024-03-13,09:51,2460382.911,FAS,DCO-US,1013.0,3725.0,7265.0,low,True,True,spectra/asdb_tcrb_20240313_410.fit
2024-03-14,01:26,2460383.56,XDU,SRO-FR,16081.0,6500.0,6700.0,high,True,False,spectra/asdb_tcrb_20240314_060.fit
2024-03-15,09:25,2460384.893,CUR,YGU-US,1492.0,4620.0,6770.0,low,True,True,spectra/asdb_tcrb_20240315_392.fit
2024-03-16,11:49,2460385.993,CUR,YGU-US,1490.0,4620.0,6770.0,low,True,True,spectra/asdb_tcrb_20240316_492.fit
2024-03-17,11:28,2460386.978,CUR,YGU-US,1493.0,4620.0,6770.0,low,True,True,spectra/asdb_tcrb_20240317_478.fit
2024-03-18,11:14,2460387.968,CUR,YGU-US,1512.0,4621.0,6770.0,low,True,True,spectra/asdb_tcrb_20240318_468.fit
2024-03-18,11:37,2460387.985,JRF,MTP-US,11609.0,6486.0,6640.0,high,True,False,spectra/asdb_tcrb_20240318_484.fit
2024-03-19,11:37,2460388.985,CUR,YGU-US,1459.0,4620.0,6770.0,low,True,True,spectra/asdb_tcrb_20240319_484.fit
2024-03-20,11:14,2460389.968,JRF,MTP-US,6148.0,3818.0,4036.0,mid,False,False,spectra/asdb_tcrb_20240320_468.fit
2024-03-20,11:29,2460389.979,CUR,YGU-US,1504.0,4620.0,6770.0,low,True,True,spectra/asdb_tcrb_20240320_478.fit
2024-03-21,09:51,2460390.911,JPE,DHO-US,1068.0,3891.0,7390.0,low,True,True,spectra/asdb_tcrb_20240321_410.fit
2024-03-22,00:27,2460391.519,EBE,SSO-FR,14730.0,6500.0,6611.0,high,False,False,spectra/asdb_tcrb_20240322_018.fit
2024-03-22,02:22,2460391.599,EBE,SSO-FR,491.0,3825.0,7452.0,low,True,True,spectra/asdb_tcrb_20240322_098.fit
2024-03-22,11:27,2460391.977,JRF,MTP-US,7666.0,4763.0,4969.0,high,False,False,spectra/asdb_tcrb_20240322_477.fit
2024-03-24,01:06,2460393.546,RLE,THO-UK,903.0,3800.0,7360.0,low,True,True,spectra/asdb_tcrb_20240324_046.fit
2024-03-24,22:14,2460394.427,ALE,NSH-FR,804.0,3900.0,7349.0,low,True,True,spectra/asdb_tcrb_20240324_926.fit
2024-03-24,22:32,2460394.439,BUI,ANT-FR,15453.0,6485.0,6710.0,high,True,False,spectra/asdb_tcrb_20240324_939.fit
2024-03-27,22:03,2460397.419,ALE,NSH-FR,1111.0,3900.0,7349.0,low,True,True,spectra/asdb_tcrb_20240327_918.fit
2024-03-29,23:30,2460399.479,DBO,WCO-UK,1001.0,3901.0,7381.0,low,True,True,spectra/asdb_tcrb_20240329_979.fit
2024-04-01,09:58,2460401.915,CUR,YGU-US,1494.0,4716.0,6880.0,low,True,True,spectra/asdb_tcrb_20240401_415.fit
2024-04-01,21:20,2460402.39,ALE,NSH-FR,802.0,3750.0,7350.0,low,True,True,spectra/asdb_tcrb_20240401_889.fit
2024-04-02,01:59,2460402.583,CLC,ASA-FR,600.0,4700.0,5900.0,low,False,False,spectra/asdb_tcrb_20240402_084.fit
2024-04-02,09:52,2460402.911,CUR,YGU-US,1527.0,4716.0,6885.0,low,True,True,spectra/asdb_tcrb_20240402_411.fit
2024-04-02,11:50,2460402.993,JRF,MTP-US,13688.0,6489.0,6640.0,high,True,False,spectra/asdb_tcrb_20240402_493.fit
2024-04-03,11:25,2460403.976,JRF,MTP-US,539.0,3680.0,7401.0,low,True,True,spectra/asdb_tcrb_20240403_476.fit
2024-04-03,21:48,2460404.409,ALE,NSH-FR,720.0,3750.0,7350.0,low,True,True,spectra/asdb_tcrb_20240403_909.fit
2024-04-04,11:08,2460404.964,JRF,MTP-US,11971.0,6487.0,6640.0,high,True,False,spectra/asdb_tcrb_20240404_464.fit
2024-04-06,05:12,2460406.717,JDH,IUSB-US,600.0,3851.0,7401.0,low,True,True,spectra/asdb_tcrb_20240406_217.fit
2024-04-09,03:24,2460409.642,XDU,SRO-FR,15630.0,6500.0,6700.0,high,True,False,spectra/asdb_tcrb_20240409_141.fit
2024-04-09,08:46,2460409.866,CUR,YGU-US,1501.0,4716.0,6875.0,low,True,True,spectra/asdb_tcrb_20240409_365.fit
2024-04-09,11:37,2460409.984,JRF,MTP-US,9452.0,6485.0,6639.0,high,True,False,spectra/asdb_tcrb_20240409_484.fit
2024-04-10,00:25,2460410.518,XDU,SRO-FR,15587.0,6500.0,6700.0,high,True,False,spectra/asdb_tcrb_20240410_017.fit
2024-04-10,01:02,2460410.544,JCO,EES-UK,518.0,4500.0,7100.0,low,True,True,spectra/asdb_tcrb_20240410_043.fit
2024-04-10,09:06,2460410.879,CUR,YGU-US,1511.0,4716.0,6885.0,low,True,True,spectra/asdb_tcrb_20240410_379.fit
2024-04-10,10:32,2460410.939,JRF,MTP-US,544.0,3700.0,7401.0,low,True,True,spectra/asdb_tcrb_20240410_439.fit
2024-04-11,10:54,2460411.955,JRF,MTP-US,545.0,3651.0,7401.0,low,True,True,spectra/asdb_tcrb_20240411_454.fit
2024-04-12,00:16,2460412.512,XDU,SRO-FR,15753.0,6500.0,6700.0,high,True,False,spectra/asdb_tcrb_20240412_011.fit
2024-04-12,07:28,2460412.811,FAS,DCO-US,967.0,3726.0,7266.0,low,True,True,spectra/asdb_tcrb_20240412_311.fit
2024-04-12,07:52,2460412.828,CUR,YGU-US,1491.0,4716.0,6885.0,low,True,True,spectra/asdb_tcrb_20240412_327.fit
2024-04-12,10:59,2460412.958,JRF,MTP-US,532.0,3651.0,7401.0,low,True,True,spectra/asdb_tcrb_20240412_457.fit
2024-04-12,21:58,2460413.415,BUI,ANT-FR,17272.0,6485.0,6710.0,high,True,False,spectra/asdb_tcrb_20240412_915.fit
2024-04-13,00:25,2460413.518,CDZ,ELG-SP,748.0,3850.0,7400.0,low,True,True,spectra/asdb_tcrb_20240413_017.fit
2024-04-13,00:30,2460413.521,XDU,SRO-FR,15726.0,6500.0,6700.0,high,True,False,spectra/asdb_tcrb_20240413_021.fit
2024-04-13,00:39,2460413.527,CLC,ASA-FR,600.0,5450.0,7060.0,low,True,True,spectra/asdb_tcrb_20240413_027.fit
2024-04-13,23:50,2460414.493,CDZ,ELG-SP,730.0,3851.0,7400.0,low,True,True,spectra/asdb_tcrb_20240413_993.fit
2024-04-14,00:27,2460414.519,XDU,SRO-FR,15741.0,6500.0,6700.0,high,True,False,spectra/asdb_tcrb_20240414_019.fit
2024-04-14,07:17,2460414.803,FAS,DCO-US,1011.0,3725.0,7265.0,low,True,True,spectra/asdb_tcrb_20240414_303.fit
2024-04-14,21:02,2460415.377,ALE,NSH-FR,778.0,3800.0,7350.0,low,True,True,spectra/asdb_tcrb_20240414_877.fit
2024-04-16,03:13,2460416.635,JDH,IUSB-US,600.0,3800.0,7401.0,low,True,True,spectra/asdb_tcrb_20240416_134.fit
2024-04-16,10:19,2460416.93,JRF,MTP-US,521.0,3651.0,7401.0,low,True,True,spectra/asdb_tcrb_20240416_430.fit
2024-04-16,23:49,2460417.492,XDU,SRO-FR,15598.0,6500.0,6700.0,high,True,False,spectra/asdb_tcrb_20240416_992.fit
2024-04-17,00:42,2460417.53,CLC,ASA-FR,600.0,4200.0,6000.0,low,False,False,spectra/asdb_tcrb_20240417_029.fit
2024-04-17,06:42,2460417.78,FAS,DCO-US,1006.0,3825.0,7261.0,low,True,True,spectra/asdb_tcrb_20240417_279.fit
2024-04-17,22:10,2460418.424,BUI,ANT-FR,15768.0,6485.0,6710.0,high,True,False,spectra/asdb_tcrb_20240417_924.fit
2024-04-18,00:26,2460418.518,CDZ,ELG-SP,761.0,3851.0,7401.0,low,True,True,spectra/asdb_tcrb_20240418_018.fit
2024-04-18,22:31,2460419.439,BUI,ANT-FR,13610.0,6485.0,6710.0,high,True,False,spectra/asdb_tcrb_20240418_938.fit
2024-04-19,11:12,2460419.967,JRF,MTP-US,13743.0,6484.0,6640.0,high,True,False,spectra/asdb_tcrb_20240419_466.fit
2024-04-19,20:32,2460420.356,ALE,NSH-FR,788.0,3800.0,7350.0,low,True,True,spectra/asdb_tcrb_20240419_855.fit
2024-04-19,21:43,2460420.405,JGF,PIE-SP,8500.0,3896.0,9264.0,high,True,True,spectra/asdb_tcrb_20240419_904.fit
2024-04-20,01:34,2460420.566,CDZ,ELG-SP,756.0,3851.0,7405.0,low,True,True,spectra/asdb_tcrb_20240420_065.fit
2024-04-20,11:09,2460420.965,JRF,MTP-US,14757.0,6484.0,6640.0,high,True,False,spectra/asdb_tcrb_20240420_465.fit
2024-04-20,21:32,2460421.398,JGF,PIE-SP,8500.0,3890.0,9263.0,high,True,True,spectra/asdb_tcrb_20240420_897.fit
2024-04-20,23:09,2460421.465,CLC,ASA-FR,600.0,3700.0,5400.0,low,False,False,spectra/asdb_tcrb_20240420_965.fit
2024-04-20,23:15,2460421.469,CDZ,ELG-SP,761.0,3851.0,7405.0,low,True,True,spectra/asdb_tcrb_20240420_969.fit
2024-04-20,23:44,2460421.489,EBE,SSO-FR,14227.0,6501.0,6611.0,high,False,False,spectra/asdb_tcrb_20240420_989.fit
2024-04-21,00:00,2460421.5,CLC,ASA-FR,600.0,5640.0,7100.0,low,True,True,spectra/asdb_tcrb_20240421_000.fit
2024-04-21,00:49,2460421.534,XDU,SRO-FR,15680.0,6500.0,6700.0,high,True,False,spectra/asdb_tcrb_20240421_034.fit
2024-04-21,06:38,2460421.776,FAS,DCO-US,998.0,3726.0,7261.0,low,True,True,spectra/asdb_tcrb_20240421_276.fit
2024-04-21,10:38,2460421.943,JRF,MTP-US,9303.0,6484.0,6640.0,high,True,False,spectra/asdb_tcrb_20240421_443.fit
2024-04-21,12:10,2460422.007,JRF,MTP-US,487.0,3651.0,7401.0,low,True,True,spectra/asdb_tcrb_20240421_507.fit
2024-04-21,23:58,2460422.499,CDZ,ELG-SP,744.0,3850.0,7405.0,low,True,True,spectra/asdb_tcrb_20240421_999.fit
2024-04-22,01:51,2460422.577,XDU,SRO-FR,15482.0,6500.0,6700.0,high,True,False,spectra/asdb_tcrb_20240422_077.fit
2024-04-22,06:42,2460422.78,FAS,DCO-US,965.0,3726.0,7261.0,low,True,True,spectra/asdb_tcrb_20240422_279.fit
2024-04-22,10:03,2460422.919,JRF,MTP-US,534.0,3680.0,7399.0,low,True,True,spectra/asdb_tcrb_20240422_419.fit
2024-04-22,11:00,2460422.959,JRF,MTP-US,13235.0,6487.0,6640.0,high,True,False,spectra/asdb_tcrb_20240422_458.fit
2024-04-23,00:35,2460423.525,XDU,SRO-FR,15350.0,6500.0,6700.0,high,True,False,spectra/asdb_tcrb_20240423_024.fit
2024-04-23,06:24,2460423.767,FAS,DCO-US,964.0,3750.0,7261.0,low,True,True,spectra/asdb_tcrb_20240423_267.fit
2024-04-23,10:22,2460423.932,JRF,MTP-US,521.0,3680.0,7399.0,low,True,True,spectra/asdb_tcrb_20240423_432.fit
2024-04-23,21:44,2460424.406,JGF,PIE-SP,8500.0,3834.0,9791.0,high,True,True,spectra/asdb_tcrb_20240423_905.fit
2024-04-24,02:52,2460424.62,CDZ,ELG-SP,660.0,3851.0,7406.0,low,True,True,spectra/asdb_tcrb_20240424_119.fit
2024-04-24,20:28,2460425.353,JGF,PIE-SP,8500.0,4014.0,9034.0,high,True,True,spectra/asdb_tcrb_20240424_853.fit
2024-04-24,21:43,2460425.405,DBO,WCO-UK,10485.0,6260.0,6700.0,high,True,True,spectra/asdb_tcrb_20240424_905.fit
2024-04-25,06:33,2460425.773,FAS,DCO-US,976.0,3726.0,7261.0,low,True,True,spectra/asdb_tcrb_20240425_272.fit
2024-04-28,09:17,2460428.887,JRF,MTP-US,523.0,3651.0,7401.0,low,True,True,spectra/asdb_tcrb_20240428_387.fit
2024-04-28,11:02,2460428.96,JRF,MTP-US,13807.0,6484.0,6640.0,high,True,False,spectra/asdb_tcrb_20240428_459.fit
2024-04-28,21:41,2460429.404,DBO,WCO-UK,8263.0,6260.0,6700.0,high,True,True,spectra/asdb_tcrb_20240428_903.fit
2024-04-29,00:41,2460429.529,XDU,SRO-FR,15489.0,6500.0,6700.0,high,True,False,spectra/asdb_tcrb_20240429_028.fit
2024-04-29,04:11,2460429.675,JPE,DHO-US,883.0,3848.0,8141.0,low,True,True,spectra/asdb_tcrb_20240429_174.fit
2024-04-29,10:26,2460429.935,JRF,MTP-US,14616.0,6484.0,6640.0,high,True,False,spectra/asdb_tcrb_20240429_434.fit
2024-04-29,10:30,2460429.938,JRF,MTP-US,534.0,3651.0,7401.0,low,True,True,spectra/asdb_tcrb_20240429_437.fit
2024-04-29,23:43,2460430.489,CLC,ASA-FR,600.0,4500.0,6000.0,low,False,False,spectra/asdb_tcrb_20240429_988.fit
2024-04-30,00:57,2460430.54,CLC,ASA-FR,600.0,5500.0,7040.0,low,True,True,spectra/asdb_tcrb_20240430_040.fit
2024-04-30,06:06,2460430.755,FAS,DCO-US,979.0,3900.0,7261.0,low,True,True,spectra/asdb_tcrb_20240430_254.fit
2024-04-30,10:37,2460430.943,JRF,MTP-US,13259.0,6488.0,6640.0,high,True,False,spectra/asdb_tcrb_20240430_442.fit
2024-04-30,23:27,2460431.478,XDU,SRO-FR,15294.0,6500.0,6700.0,high,True,False,spectra/asdb_tcrb_20240430_977.fit
2024-05-01,02:22,2460431.599,JDH,IUSB-US,600.0,3850.0,7400.0,low,True,True,spectra/asdb_tcrb_20240501_099.fit
2024-05-01,04:58,2460431.707,JFN,SQ-US,1898.0,3982.0,4977.0,low,False,False,spectra/asdb_tcrb_20240501_207.fit
2024-05-01,10:31,2460431.938,JRF,MTP-US,13670.0,6487.0,6640.0,high,True,False,spectra/asdb_tcrb_20240501_438.fit
2024-05-01,11:44,2460431.989,JRF,MTP-US,525.0,3680.0,7401.0,low,True,True,spectra/asdb_tcrb_20240501_489.fit
2024-05-02,21:19,2460433.388,JGF,PIE-SP,8500.0,3856.0,9228.0,high,True,True,spectra/asdb_tcrb_20240502_888.fit
2024-05-02,21:44,2460433.406,XDU,SRO-FR,15575.0,6500.0,6700.0,high,True,False,spectra/asdb_tcrb_20240502_905.fit
2024-05-03,05:42,2460433.738,FAS,DCO-US,970.0,3900.0,7261.0,low,True,True,spectra/asdb_tcrb_20240503_238.fit
2024-05-03,21:53,2460434.412,CLC,ASA-FR,600.0,5500.0,7040.0,low,True,True,spectra/asdb_tcrb_20240503_912.fit
2024-05-03,22:47,2460434.45,CLC,ASA-FR,600.0,4500.0,6000.0,low,False,False,spectra/asdb_tcrb_20240503_949.fit
2024-05-03,23:29,2460434.479,CBO,OCT-FR,515.0,3700.0,7566.0,low,True,True,spectra/asdb_tcrb_20240503_978.fit
2024-05-04,06:34,2460434.774,FAS,DCO-US,978.0,3901.0,7261.0,low,True,True,spectra/asdb_tcrb_20240504_274.fit
2024-05-04,20:54,2460435.371,JGF,PIE-SP,8500.0,3868.0,9215.0,high,True,True,spectra/asdb_tcrb_20240504_871.fit
2024-05-04,21:16,2460435.386,DBO,WCO-UK,10594.0,6260.0,6700.0,high,True,True,spectra/asdb_tcrb_20240504_886.fit
2024-05-04,22:45,2460435.448,DBO,WCO-UK,1136.0,3901.0,7380.0,low,True,True,spectra/asdb_tcrb_20240504_948.fit
2024-05-06,03:07,2460436.63,XDU,SRO-FR,15502.0,6500.0,6700.0,high,True,False,spectra/asdb_tcrb_20240506_130.fit
2024-05-07,04:48,2460437.7,JPE,DHO-US,928.0,3890.0,8136.0,low,True,True,spectra/asdb_tcrb_20240507_200.fit
2024-05-07,06:23,2460437.766,FAS,DCO-US,983.0,3685.0,7274.0,low,True,True,spectra/asdb_tcrb_20240507_266.fit
2024-05-07,07:16,2460437.803,DDGB,SDC-US,600.0,3801.0,7201.0,low,True,True,spectra/asdb_tcrb_20240507_302.fit
2024-05-07,08:45,2460437.865,JRF,MTP-US,521.0,3680.0,7401.0,low,True,True,spectra/asdb_tcrb_20240507_364.fit
2024-05-07,22:24,2460438.433,DBO,WCO-UK,10516.0,6260.0,6700.0,high,True,True,spectra/asdb_tcrb_20240507_933.fit
2024-05-07,23:44,2460438.489,MPI,BAD-FR,881.0,3800.0,6998.0,low,True,True,spectra/asdb_tcrb_20240507_990.fit
2024-05-08,00:36,2460438.526,CDZ,ELG-SP,769.0,3852.0,7405.0,low,True,True,spectra/asdb_tcrb_20240508_025.fit
2024-05-08,00:58,2460438.541,XDU,SRO-FR,15410.0,6500.0,6700.0,high,True,False,spectra/asdb_tcrb_20240508_040.fit
2024-05-08,20:32,2460439.356,ALE,NSH-FR,654.0,3800.0,7350.0,low,True,True,spectra/asdb_tcrb_20240508_856.fit
2024-05-08,21:21,2460439.39,JGF,PIE-SP,8500.0,3863.0,9396.0,high,True,True,spectra/asdb_tcrb_20240508_889.fit
2024-05-08,21:41,2460439.404,CLC,ASA-FR,1200.0,6160.0,7000.0,low,True,True,spectra/asdb_tcrb_20240508_903.fit
2024-05-08,23:59,2460439.5,GSTD,ERB-DE,500.0,3701.0,7500.0,low,True,True,spectra/asdb_tcrb_20240508_999.fit
2024-05-09,00:07,2460439.505,XDU,SRO-FR,15484.0,6500.0,6700.0,high,True,False,spectra/asdb_tcrb_20240509_005.fit
2024-05-09,05:31,2460439.73,FAS,DCO-US,951.0,3750.0,7261.0,low,True,True,spectra/asdb_tcrb_20240509_230.fit
2024-05-09,09:34,2460439.899,JRF,MTP-US,522.0,3651.0,7403.0,low,True,True,spectra/asdb_tcrb_20240509_398.fit
2024-05-09,09:59,2460439.916,CUR,YGU-US,1494.0,4577.0,6730.0,low,True,True,spectra/asdb_tcrb_20240509_416.fit
2024-05-09,20:23,2460440.35,ALE,NSH-FR,887.0,3750.0,7350.0,low,True,True,spectra/asdb_tcrb_20240509_849.fit
2024-05-09,21:15,2460440.385,JGF,PIE-SP,8500.0,3841.0,9265.0,high,True,True,spectra/asdb_tcrb_20240509_885.fit
2024-05-09,22:07,2460440.422,DBO,WCO-UK,10526.0,6260.0,6700.0,high,True,True,spectra/asdb_tcrb_20240509_922.fit
2024-05-09,22:10,2460440.424,GBE,LAM-FR,747.0,3650.0,7298.0,low,True,True,spectra/asdb_tcrb_20240509_923.fit
2024-05-09,22:18,2460440.43,CDZ,ELG-SP,735.0,3920.0,7404.0,low,True,True,spectra/asdb_tcrb_20240509_929.fit
2024-05-09,23:41,2460440.487,XDU,SRO-FR,15712.0,6500.0,6700.0,high,True,False,spectra/asdb_tcrb_20240509_987.fit
2024-05-10,05:21,2460440.723,FAS,DCO-US,971.0,3751.0,7261.0,low,True,True,spectra/asdb_tcrb_20240510_223.fit
2024-05-10,08:36,2460440.858,JRF,MTP-US,526.0,3651.0,7403.0,low,True,True,spectra/asdb_tcrb_20240510_358.fit
2024-05-10,09:52,2460440.911,CUR,YGU-US,1461.0,4577.0,6730.0,low,True,True,spectra/asdb_tcrb_20240510_411.fit
2024-05-10,21:03,2460441.377,GBE,LAM-FR,783.0,3690.0,7292.0,low,True,True,spectra/asdb_tcrb_20240510_877.fit
2024-05-10,21:15,2460441.386,JGF,PIE-SP,8500.0,3863.0,9396.0,high,True,True,spectra/asdb_tcrb_20240510_886.fit
2024-05-10,21:19,2460441.389,VLE,ORL-FR,500.0,3766.0,7000.0,low,True,True,spectra/asdb_tcrb_20240510_888.fit
2024-05-10,22:54,2460441.454,CLC,ASA-FR,1200.0,5500.0,7000.0,low,True,True,spectra/asdb_tcrb_20240510_954.fit
2024-05-11,00:14,2460441.51,CLC,ASA-FR,1200.0,4300.0,6000.0,low,False,False,spectra/asdb_tcrb_20240511_010.fit
2024-05-11,00:30,2460441.521,XDU,SRO-FR,15667.0,6500.0,6700.0,high,True,False,spectra/asdb_tcrb_20240511_021.fit
2024-05-11,01:25,2460441.559,CLC,ASA-FR,1200.0,4700.0,6400.0,low,False,False,spectra/asdb_tcrb_20240511_059.fit
2024-05-11,09:47,2460441.908,JRF,MTP-US,521.0,3651.0,7403.0,low,True,True,spectra/asdb_tcrb_20240511_407.fit
2024-05-11,10:01,2460441.918,CUR,YGU-US,1457.0,4578.0,6725.0,low,True,True,spectra/asdb_tcrb_20240511_418.fit
2024-05-11,20:36,2460442.359,VLE,ORL-FR,600.0,3766.0,7000.0,low,True,True,spectra/asdb_tcrb_20240511_858.fit
2024-05-11,21:30,2460442.396,ALE,NSH-FR,703.0,3750.0,7350.0,low,True,True,spectra/asdb_tcrb_20240511_895.fit
2024-05-11,22:15,2460442.428,JGF,PIE-SP,8500.0,3847.0,9795.0,high,True,True,spectra/asdb_tcrb_20240511_927.fit
2024-05-12,00:07,2460442.505,XDU,SRO-FR,15742.0,6500.0,6700.0,high,True,False,spectra/asdb_tcrb_20240512_005.fit
2024-05-12,05:38,2460442.735,FAS,DCO-US,938.0,3900.0,7261.0,low,True,True,spectra/asdb_tcrb_20240512_235.fit
2024-05-12,07:03,2460442.794,TDW,TBO-US,559.0,3805.0,7396.0,low,True,True,spectra/asdb_tcrb_20240512_293.fit
2024-05-12,09:55,2460442.913,CUR,YGU-US,1466.0,4579.0,6720.0,low,True,True,spectra/asdb_tcrb_20240512_413.fit
2024-05-12,22:02,2460443.418,DBO,WCO-UK,10491.0,6260.0,6700.0,high,True,True,spectra/asdb_tcrb_20240512_918.fit
2024-05-13,00:09,2460443.507,JCO,EES-UK,539.0,4000.0,7500.0,low,True,True,spectra/asdb_tcrb_20240513_006.fit
2024-05-13,05:34,2460443.732,FAS,DCO-US,934.0,3901.0,7260.0,low,True,True,spectra/asdb_tcrb_20240513_232.fit
2024-05-13,09:43,2460443.905,JRF,MTP-US,525.0,3651.0,7403.0,low,True,True,spectra/asdb_tcrb_20240513_405.fit
2024-05-13,09:48,2460443.909,CUR,YGU-US,1475.0,4570.0,6730.0,low,True,True,spectra/asdb_tcrb_20240513_408.fit
2024-05-14,05:09,2460444.715,FAS,DCO-US,940.0,3901.0,7261.0,low,True,True,spectra/asdb_tcrb_20240514_215.fit
2024-05-14,09:40,2460444.903,JRF,MTP-US,508.0,3651.0,7403.0,low,True,True,spectra/asdb_tcrb_20240514_403.fit
2024-05-14,09:44,2460444.906,CUR,YGU-US,1461.0,4570.0,6730.0,low,True,True,spectra/asdb_tcrb_20240514_405.fit
2024-05-14,23:38,2460445.485,XDU,SRO-FR,15904.0,6500.0,6700.0,high,True,False,spectra/asdb_tcrb_20240514_985.fit
2024-05-15,05:22,2460445.724,FAS,DCO-US,988.0,3688.0,7275.0,low,True,True,spectra/asdb_tcrb_20240515_223.fit
2024-05-15,09:50,2460445.91,CUR,YGU-US,1466.0,4565.0,6735.0,low,True,True,spectra/asdb_tcrb_20240515_409.fit
2024-05-15,22:04,2460446.42,DBO,WCO-UK,10673.0,6260.0,6700.0,high,True,True,spectra/asdb_tcrb_20240515_920.fit
2024-05-16,00:13,2460446.51,XDU,SRO-FR,15733.0,6500.0,6700.0,high,True,False,spectra/asdb_tcrb_20240516_010.fit
2024-05-16,09:15,2460446.886,CUR,YGU-US,1465.0,4565.0,6735.0,low,True,True,spectra/asdb_tcrb_20240516_386.fit
2024-05-16,09:53,2460446.912,JRF,MTP-US,14224.0,6484.0,6638.0,high,True,False,spectra/asdb_tcrb_20240516_412.fit
2024-05-16,20:21,2460447.348,ALE,NSH-FR,746.0,3800.0,7350.0,low,True,True,spectra/asdb_tcrb_20240516_848.fit
2024-05-16,21:23,2460447.391,JGF,PIE-SP,8500.0,3869.0,9292.0,high,True,True,spectra/asdb_tcrb_20240516_891.fit
2024-05-17,00:15,2460447.51,XDU,SRO-FR,15611.0,6500.0,6700.0,high,True,False,spectra/asdb_tcrb_20240517_011.fit
2024-05-17,05:27,2460447.728,FAS,DCO-US,939.0,3688.0,7274.0,low,True,True,spectra/asdb_tcrb_20240517_227.fit
2024-05-17,09:20,2460447.89,CUR,YGU-US,1437.0,4566.0,6735.0,low,True,True,spectra/asdb_tcrb_20240517_389.fit
2024-05-17,10:02,2460447.919,JRF,MTP-US,13266.0,6485.0,6640.0,high,True,False,spectra/asdb_tcrb_20240517_418.fit
2024-05-17,20:42,2460448.363,ALE,NSH-FR,1011.0,3800.0,7350.0,low,True,True,spectra/asdb_tcrb_20240517_862.fit
2024-05-17,21:21,2460448.39,JGF,PIE-SP,8500.0,3868.0,9253.0,high,True,True,spectra/asdb_tcrb_20240517_889.fit
2024-05-17,22:09,2460448.424,CLC,ASA-FR,1200.0,5500.0,7240.0,low,True,True,spectra/asdb_tcrb_20240517_923.fit
2024-05-18,01:46,2460448.574,XDU,SRO-FR,15708.0,6500.0,6700.0,high,True,False,spectra/asdb_tcrb_20240518_073.fit
2024-05-18,09:18,2460448.888,CUR,YGU-US,1473.0,4566.0,6735.0,low,True,True,spectra/asdb_tcrb_20240518_387.fit
2024-05-18,20:25,2460449.351,ALE,NSH-FR,793.0,3750.0,7350.0,low,True,True,spectra/asdb_tcrb_20240518_851.fit
2024-05-18,21:16,2460449.387,CLC,ASA-FR,1200.0,4300.0,6000.0,low,False,False,spectra/asdb_tcrb_20240518_886.fit
2024-05-18,21:16,2460449.387,JGF,PIE-SP,8500.0,3732.0,9798.0,high,True,True,spectra/asdb_tcrb_20240518_886.fit
2024-05-19,05:19,2460449.722,FAS,DCO-US,987.0,3688.0,7275.0,low,True,True,spectra/asdb_tcrb_20240519_221.fit
2024-05-19,08:35,2460449.858,JRF,MTP-US,530.0,3651.0,7401.0,low,True,True,spectra/asdb_tcrb_20240519_357.fit
2024-05-19,22:00,2460450.417,DBO,WCO-UK,10453.0,6260.0,6700.0,high,True,True,spectra/asdb_tcrb_20240519_916.fit
2024-05-19,22:24,2460450.434,CDZ,ELG-SP,766.0,3921.0,7403.0,low,True,True,spectra/asdb_tcrb_20240519_933.fit
2024-05-20,05:16,2460450.72,FAS,DCO-US,989.0,3726.0,7261.0,low,True,True,spectra/asdb_tcrb_20240520_219.fit
2024-05-20,09:44,2460450.906,JRF,MTP-US,12330.0,6489.0,6640.0,high,True,False,spectra/asdb_tcrb_20240520_405.fit
2024-05-20,10:27,2460450.936,JRF,MTP-US,534.0,3651.0,7401.0,low,True,True,spectra/asdb_tcrb_20240520_435.fit
2024-05-20,21:17,2460451.387,JGF,PIE-SP,8500.0,3884.0,9284.0,high,True,True,spectra/asdb_tcrb_20240520_887.fit
2024-05-20,22:10,2460451.424,DBO,WCO-UK,10538.0,6260.0,6700.0,high,True,True,spectra/asdb_tcrb_20240520_924.fit
2024-05-21,05:14,2460451.719,FAS,DCO-US,1007.0,3736.0,7260.0,low,True,True,spectra/asdb_tcrb_20240521_218.fit
2024-05-21,09:21,2460451.89,CUR,YGU-US,1459.0,4570.0,6730.0,low,True,True,spectra/asdb_tcrb_20240521_389.fit
2024-05-21,20:28,2460452.353,ALE,NSH-FR,704.0,3750.0,7350.0,low,True,True,spectra/asdb_tcrb_20240521_853.fit
2024-05-22,05:20,2460452.722,FAS,DCO-US,993.0,3726.0,7261.0,low,True,True,spectra/asdb_tcrb_20240522_222.fit
2024-05-22,08:49,2460452.868,JRF,MTP-US,512.0,3651.0,7401.0,low,True,True,spectra/asdb_tcrb_20240522_367.fit
2024-05-22,10:10,2460452.924,JRF,MTP-US,11560.0,6484.0,6640.0,high,True,False,spectra/asdb_tcrb_20240522_423.fit
2024-05-22,20:37,2460453.359,ALE,NSH-FR,781.0,3750.0,7350.0,low,True,True,spectra/asdb_tcrb_20240522_859.fit
2024-05-22,21:26,2460453.394,JGF,PIE-SP,8500.0,3749.0,9258.0,high,True,True,spectra/asdb_tcrb_20240522_893.fit
2024-05-23,03:00,2460453.626,JDH,IUSB-US,600.0,3851.0,7400.0,low,True,True,spectra/asdb_tcrb_20240523_125.fit
2024-05-23,05:12,2460453.717,FAS,DCO-US,988.0,3725.0,7261.0,low,True,True,spectra/asdb_tcrb_20240523_217.fit
2024-05-24,04:12,2460454.676,JFN,SQ-US,1790.0,4613.0,5605.0,low,False,False,spectra/asdb_tcrb_20240524_175.fit
2024-05-24,05:12,2460454.717,FAS,DCO-US,970.0,3726.0,7261.0,low,True,True,spectra/asdb_tcrb_20240524_216.fit
2024-05-24,10:01,2460454.918,JRF,MTP-US,10986.0,6488.0,6640.0,high,True,False,spectra/asdb_tcrb_20240524_417.fit
2024-05-24,21:49,2460455.41,GBE,LAM-FR,800.0,3650.0,7298.0,low,True,True,spectra/asdb_tcrb_20240524_909.fit
2024-05-24,22:21,2460455.431,CDZ,ELG-SP,749.0,3850.0,7404.0,low,True,True,spectra/asdb_tcrb_20240524_931.fit
2024-05-24,22:39,2460455.444,MPI,BAD-FR,873.0,3801.0,6997.0,low,True,True,spectra/asdb_tcrb_20240524_944.fit
2024-05-25,21:00,2460456.375,JGF,PIE-SP,8500.0,3901.0,9792.0,high,True,True,spectra/asdb_tcrb_20240525_875.fit
2024-05-25,21:50,2460456.41,CLC,ASA-FR,1200.0,5500.0,7250.0,low,True,True,spectra/asdb_tcrb_20240525_910.fit
2024-05-25,22:17,2460456.429,CDZ,ELG-SP,727.0,3851.0,7404.0,low,True,True,spectra/asdb_tcrb_20240525_928.fit
2024-05-26,08:18,2460456.846,JRF,MTP-US,490.0,3651.0,7403.0,low,True,True,spectra/asdb_tcrb_20240526_346.fit
2024-05-26,08:48,2460456.867,CUR,YGU-US,1480.0,4565.0,6730.0,low,True,True,spectra/asdb_tcrb_20240526_367.fit
2024-05-26,10:00,2460456.917,JRF,MTP-US,11439.0,6484.0,6640.0,high,True,False,spectra/asdb_tcrb_20240526_417.fit
2024-05-26,20:30,2460457.354,ALE,NSH-FR,796.0,3750.0,7350.0,low,True,True,spectra/asdb_tcrb_20240526_854.fit
2024-05-26,23:03,2460457.461,CDZ,ELG-SP,744.0,3860.0,7404.0,low,True,True,spectra/asdb_tcrb_20240526_960.fit
2024-05-27,04:24,2460457.684,DDGB,SDC-US,600.0,3801.0,7300.0,low,True,True,spectra/asdb_tcrb_20240527_183.fit
2024-05-27,07:46,2460457.824,JRF,MTP-US,477.0,3651.0,7403.0,low,True,True,spectra/asdb_tcrb_20240527_324.fit
2024-05-27,08:50,2460457.868,CUR,YGU-US,1463.0,4565.0,6730.0,low,True,True,spectra/asdb_tcrb_20240527_368.fit
2024-05-27,10:25,2460457.935,JRF,MTP-US,12013.0,6487.0,6640.0,high,True,False,spectra/asdb_tcrb_20240527_434.fit
2024-05-27,20:54,2460458.371,XDU,SRO-FR,15440.0,6500.0,6700.0,high,True,False,spectra/asdb_tcrb_20240527_871.fit
2024-05-27,22:27,2460458.436,CDZ,ELG-SP,746.0,3851.0,7403.0,low,True,True,spectra/asdb_tcrb_20240527_935.fit
2024-05-28,04:35,2460458.692,JPE,DHO-US,938.0,3923.0,7852.0,low,True,True,spectra/asdb_tcrb_20240528_191.fit
2024-05-28,22:12,2460459.425,CLC,ASA-FR,1200.0,4300.0,5520.0,low,False,False,spectra/asdb_tcrb_20240528_925.fit
2024-05-28,22:16,2460459.428,CDZ,ELG-SP,718.0,3851.0,7404.0,low,True,True,spectra/asdb_tcrb_20240528_927.fit
2024-05-29,10:12,2460459.925,JRF,MTP-US,12850.0,6484.0,6640.0,high,True,False,spectra/asdb_tcrb_20240529_425.fit
2024-05-29,22:14,2460460.427,CDZ,ELG-SP,690.0,3871.0,7403.0,low,True,True,spectra/asdb_tcrb_20240529_926.fit
2024-05-30,08:38,2460460.86,CUR,YGU-US,1446.0,4565.0,6730.0,low,True,True,spectra/asdb_tcrb_20240530_359.fit
2024-05-30,21:31,2460461.397,GBE,LAM-FR,758.0,3651.0,7398.0,low,True,True,spectra/asdb_tcrb_20240530_896.fit
2024-05-31,04:13,2460461.676,JFN,SQ-US,1974.0,4611.0,5605.0,low,False,False,spectra/asdb_tcrb_20240531_175.fit
2024-05-31,10:21,2460461.931,JRF,MTP-US,11823.0,6487.0,6639.0,high,True,False,spectra/asdb_tcrb_20240531_431.fit
2024-05-31,20:42,2460462.363,ALE,NSH-FR,711.0,3750.0,7350.0,low,True,True,spectra/asdb_tcrb_20240531_862.fit
2024-05-31,22:17,2460462.429,CDZ,ELG-SP,753.0,3852.0,7404.0,low,True,True,spectra/asdb_tcrb_20240531_929.fit
2024-05-31,23:02,2460462.46,MPI,BAD-FR,855.0,3800.0,7998.0,low,True,True,spectra/asdb_tcrb_20240531_960.fit
2024-06-01,01:00,2460462.542,CDZ,ELG-SP,769.0,3850.0,7404.0,low,True,True,spectra/asdb_tcrb_20240601_041.fit
2024-06-01,22:18,2460463.43,CDZ,ELG-SP,768.0,3851.0,7405.0,low,True,True,spectra/asdb_tcrb_20240601_929.fit
2024-06-01,23:08,2460463.464,CDZ,ELG-SP,769.0,3852.0,7404.0,low,True,True,spectra/asdb_tcrb_20240601_964.fit
2024-06-01,23:51,2460463.494,CDZ,ELG-SP,769.0,3851.0,7405.0,low,True,True,spectra/asdb_tcrb_20240601_993.fit
2024-06-02,00:33,2460463.523,CDZ,ELG-SP,779.0,3851.0,7403.0,low,True,True,spectra/asdb_tcrb_20240602_023.fit
2024-06-02,09:28,2460463.895,JRF,MTP-US,11446.0,6485.0,6640.0,high,True,False,spectra/asdb_tcrb_20240602_394.fit
2024-06-02,21:25,2460464.393,JGF,PIE-SP,8500.0,3867.0,9213.0,high,True,True,spectra/asdb_tcrb_20240602_893.fit
2024-06-02,22:22,2460464.432,DBO,WCO-UK,9274.0,6260.0,6700.0,high,True,True,spectra/asdb_tcrb_20240602_932.fit
2024-06-02,22:45,2460464.448,MPI,BAD-FR,862.0,3800.0,7998.0,low,True,True,spectra/asdb_tcrb_20240602_948.fit
2024-06-02,23:28,2460464.478,CDZ,ELG-SP,759.0,3851.0,7404.0,low,True,True,spectra/asdb_tcrb_20240602_977.fit
2024-06-03,00:17,2460464.512,CDZ,ELG-SP,769.0,3851.0,7403.0,low,True,True,spectra/asdb_tcrb_20240603_012.fit
2024-06-03,00:59,2460464.541,CDZ,ELG-SP,779.0,3851.0,7404.0,low,True,True,spectra/asdb_tcrb_20240603_041.fit
2024-06-03,01:24,2460464.559,XDU,SRO-FR,15688.0,6500.0,6700.0,high,True,False,spectra/asdb_tcrb_20240603_058.fit
2024-06-03,01:40,2460464.57,CDZ,ELG-SP,773.0,3851.0,7404.0,low,True,True,spectra/asdb_tcrb_20240603_069.fit
2024-06-03,02:21,2460464.599,CDZ,ELG-SP,775.0,3851.0,7403.0,low,True,True,spectra/asdb_tcrb_20240603_098.fit
2024-06-03,21:56,2460465.414,JGF,PIE-SP,8500.0,3878.0,9244.0,high,True,True,spectra/asdb_tcrb_20240603_914.fit
2024-06-03,23:08,2460465.464,CDZ,ELG-SP,742.0,3851.0,7404.0,low,True,True,spectra/asdb_tcrb_20240603_964.fit
2024-06-03,23:51,2460465.494,CDZ,ELG-SP,749.0,3850.0,7404.0,low,True,True,spectra/asdb_tcrb_20240603_994.fit
2024-06-04,00:35,2460465.525,CDZ,ELG-SP,754.0,3851.0,7403.0,low,True,True,spectra/asdb_tcrb_20240604_024.fit
2024-06-04,01:19,2460465.555,CDZ,ELG-SP,760.0,3851.0,7403.0,low,True,True,spectra/asdb_tcrb_20240604_055.fit
2024-06-04,02:02,2460465.585,CDZ,ELG-SP,761.0,3850.0,7403.0,low,True,True,spectra/asdb_tcrb_20240604_085.fit
2024-06-04,06:00,2460465.75,AITP,W96-CL,20137.0,6474.0,6628.0,high,True,False,spectra/asdb_tcrb_20240604_250.fit
2024-06-04,21:32,2460466.397,GBE,LAM-FR,760.0,3704.0,7377.0,low,True,True,spectra/asdb_tcrb_20240604_897.fit
2024-06-05,10:13,2460466.926,JRF,MTP-US,13463.0,6489.0,6640.0,high,True,False,spectra/asdb_tcrb_20240605_425.fit
2024-06-05,20:54,2460467.371,ALE,NSH-FR,771.0,3750.0,7350.0,low,True,True,spectra/asdb_tcrb_20240605_871.fit
2024-06-05,21:47,2460467.408,JGF,PIE-SP,8500.0,3879.0,9291.0,high,True,True,spectra/asdb_tcrb_20240605_908.fit
2024-06-06,04:40,2460467.695,JFN,SQ-US,1819.0,4612.0,5604.0,low,False,False,spectra/asdb_tcrb_20240606_194.fit
2024-06-06,08:57,2460467.873,JRF,MTP-US,741.0,6253.0,9594.0,low,True,True,spectra/asdb_tcrb_20240606_373.fit
2024-06-06,21:17,2460468.387,GBE,LAM-FR,771.0,3692.0,7395.0,low,True,True,spectra/asdb_tcrb_20240606_887.fit
2024-06-06,22:21,2460468.432,DBO,WCO-UK,9968.0,6260.0,6700.0,high,True,True,spectra/asdb_tcrb_20240606_931.fit
2024-06-06,22:59,2460468.458,FRA,BAL-IT,550.0,3830.0,7233.0,low,True,True,spectra/asdb_tcrb_20240606_958.fit
2024-06-06,23:45,2460468.49,XDU,SRO-FR,15723.0,6500.0,6700.0,high,True,False,spectra/asdb_tcrb_20240606_990.fit
2024-06-07,20:42,2460469.363,ALE,NSH-FR,762.0,3750.0,7350.0,low,True,True,spectra/asdb_tcrb_20240607_862.fit
2024-06-07,23:16,2460469.47,XDU,SRO-FR,15688.0,6500.0,6700.0,high,True,False,spectra/asdb_tcrb_20240607_969.fit
2024-06-07,23:46,2460469.491,CBO,OCT-FR,527.0,3700.0,7566.0,low,True,True,spectra/asdb_tcrb_20240607_990.fit
2024-06-08,21:44,2460470.406,JGF,PIE-SP,8500.0,3920.0,9267.0,high,True,True,spectra/asdb_tcrb_20240608_906.fit
2024-06-08,22:23,2460470.433,DBO,WCO-UK,10155.0,6260.0,6700.0,high,True,True,spectra/asdb_tcrb_20240608_932.fit
2024-06-09,01:33,2460470.565,XDU,SRO-FR,15411.0,6500.0,6700.0,high,True,False,spectra/asdb_tcrb_20240609_064.fit
2024-06-09,21:26,2460471.393,GBE,LAM-FR,777.0,3651.0,7398.0,low,True,True,spectra/asdb_tcrb_20240609_893.fit
2024-06-09,23:21,2460471.474,XDU,SRO-FR,15576.0,6500.0,6700.0,high,True,False,spectra/asdb_tcrb_20240609_973.fit
2024-06-10,04:17,2460471.678,JFN,SQ-US,1809.0,4318.0,5312.0,low,False,False,spectra/asdb_tcrb_20240610_178.fit
2024-06-10,07:53,2460471.829,CUR,YGU-US,1428.0,4561.0,6735.0,low,True,True,spectra/asdb_tcrb_20240610_328.fit
2024-06-10,21:34,2460472.399,CLC,ASA-FR,1200.0,5454.0,7346.0,low,True,True,spectra/asdb_tcrb_20240610_899.fit
2024-06-10,22:39,2460472.444,DBO,WCO-UK,9037.0,6260.0,6700.0,high,True,True,spectra/asdb_tcrb_20240610_944.fit
2024-06-11,03:29,2460472.645,JDH,IUSB-US,600.0,3750.0,7400.0,low,True,True,spectra/asdb_tcrb_20240611_145.fit
2024-06-11,03:39,2460472.652,JPE,DHO-US,973.0,3893.0,7504.0,low,True,True,spectra/asdb_tcrb_20240611_152.fit
2024-06-11,04:20,2460472.681,JFN,SQ-US,1828.0,4322.0,5309.0,low,False,False,spectra/asdb_tcrb_20240611_181.fit
2024-06-11,07:54,2460472.83,CUR,YGU-US,1435.0,4560.0,6735.0,low,True,True,spectra/asdb_tcrb_20240611_329.fit
2024-06-11,21:12,2460473.384,GBE,LAM-FR,800.0,3650.0,7390.0,low,True,True,spectra/asdb_tcrb_20240611_883.fit
2024-06-11,23:24,2460473.476,XDU,SRO-FR,15656.0,6500.0,6700.0,high,True,False,spectra/asdb_tcrb_20240611_975.fit
2024-06-12,00:12,2460473.509,CBO,OCT-FR,528.0,3700.0,7566.0,low,True,True,spectra/asdb_tcrb_20240612_008.fit
2024-06-12,05:34,2460473.732,AMACHK,W96-CL,20030.0,6474.0,6628.0,high,True,False,spectra/asdb_tcrb_20240612_232.fit
2024-06-12,07:46,2460473.824,CUR,YGU-US,1459.0,4560.0,6735.0,low,True,True,spectra/asdb_tcrb_20240612_323.fit
2024-06-12,10:00,2460473.917,JRF,MTP-US,14364.0,6484.0,6640.0,high,True,False,spectra/asdb_tcrb_20240612_416.fit
2024-06-12,23:24,2460474.475,XDU,SRO-FR,15643.0,6500.0,6700.0,high,True,False,spectra/asdb_tcrb_20240612_975.fit
2024-06-13,07:53,2460474.829,CUR,YGU-US,1430.0,4561.0,6735.0,low,True,True,spectra/asdb_tcrb_20240613_329.fit
2024-06-13,20:19,2460475.347,ALE,NSH-FR,723.0,3750.0,7350.0,low,True,True,spectra/asdb_tcrb_20240613_847.fit
2024-06-13,22:08,2460475.423,JGF,PIE-SP,8500.0,3868.0,9385.0,high,True,True,spectra/asdb_tcrb_20240613_922.fit
2024-06-14,07:51,2460475.828,CUR,YGU-US,1428.0,4560.0,6735.0,low,True,True,spectra/asdb_tcrb_20240614_327.fit
2024-06-14,21:45,2460476.406,JGF,PIE-SP,8500.0,3863.0,9800.0,high,True,True,spectra/asdb_tcrb_20240614_906.fit
2024-06-15,05:07,2460476.713,DDGB,SDC-US,600.0,3801.0,7300.0,low,True,True,spectra/asdb_tcrb_20240615_213.fit
2024-06-16,09:38,2460477.902,JRF,MTP-US,11427.0,6487.0,6640.0,high,True,False,spectra/asdb_tcrb_20240616_401.fit
2024-06-16,20:29,2460478.354,ALE,NSH-FR,855.0,3750.0,7350.0,low,True,True,spectra/asdb_tcrb_20240616_853.fit
2024-06-17,03:22,2460478.64,KSH,OAK-US,1000.0,3850.0,7239.0,low,True,True,spectra/asdb_tcrb_20240617_140.fit
2024-06-17,21:29,2460479.395,JGF,PIE-SP,8500.0,3869.0,9379.0,high,True,True,spectra/asdb_tcrb_20240617_895.fit
2024-06-18,02:58,2460479.624,KSH,OAK-US,1000.0,3850.0,7239.0,low,True,True,spectra/asdb_tcrb_20240618_123.fit
2024-06-18,05:54,2460479.746,AMACHK,W96-CL,20175.0,6474.0,6628.0,high,True,False,spectra/asdb_tcrb_20240618_246.fit
2024-06-18,11:58,2460479.999,FAS,DCO-US,944.0,3775.0,7261.0,low,True,True,spectra/asdb_tcrb_20240618_499.fit
2024-06-18,21:30,2460480.396,JGF,PIE-SP,8500.0,3874.0,9384.0,high,True,True,spectra/asdb_tcrb_20240618_896.fit
2024-06-19,03:01,2460480.626,KSH,OAK-US,1000.0,3850.0,7239.0,low,True,True,spectra/asdb_tcrb_20240619_125.fit
2024-06-19,04:36,2460480.692,FAS,DCO-US,947.0,3726.0,7261.0,low,True,True,spectra/asdb_tcrb_20240619_192.fit
2024-06-19,09:48,2460480.909,JRF,MTP-US,11842.0,6484.0,6638.0,high,True,False,spectra/asdb_tcrb_20240619_408.fit
2024-06-20,04:57,2460481.706,FAS,DCO-US,930.0,3726.0,7261.0,low,True,True,spectra/asdb_tcrb_20240620_206.fit
2024-06-20,07:15,2460481.802,JRF,MTP-US,491.0,3650.0,7402.0,low,True,True,spectra/asdb_tcrb_20240620_302.fit
2024-06-21,09:19,2460482.888,JRF,MTP-US,534.0,3676.0,7395.0,low,True,True,spectra/asdb_tcrb_20240621_388.fit
2024-06-21,09:44,2460482.906,JRF,MTP-US,12195.0,6484.0,6639.0,high,True,False,spectra/asdb_tcrb_20240621_405.fit
2024-06-21,21:43,2460483.405,JGF,PIE-SP,8500.0,3876.0,9961.0,high,True,True,spectra/asdb_tcrb_20240621_905.fit
2024-06-21,22:20,2460483.431,CLC,ASA-FR,600.0,5600.0,7200.0,low,True,True,spectra/asdb_tcrb_20240621_930.fit
2024-06-22,22:40,2460484.445,DBO,WCO-UK,10023.0,6260.0,6700.0,high,True,True,spectra/asdb_tcrb_20240622_944.fit
2024-06-23,00:42,2460484.53,CBO,OCT-FR,523.0,3700.0,7566.0,low,True,True,spectra/asdb_tcrb_20240623_029.fit
2024-06-23,06:39,2460484.777,JRF,MTP-US,508.0,3676.0,7395.0,low,True,True,spectra/asdb_tcrb_20240623_277.fit
2024-06-23,09:06,2460484.88,JRF,MTP-US,11195.0,6484.0,6640.0,high,True,False,spectra/asdb_tcrb_20240623_379.fit
2024-06-23,22:36,2460485.442,DBO,WCO-UK,957.0,3900.0,7381.0,low,True,True,spectra/asdb_tcrb_20240623_941.fit
2024-06-24,03:02,2460485.626,KSH,OAK-US,1000.0,3850.0,7250.0,low,True,True,spectra/asdb_tcrb_20240624_126.fit
2024-06-24,22:28,2460486.437,DBO,WCO-UK,10207.0,6260.0,6700.0,high,True,True,spectra/asdb_tcrb_20240624_936.fit
2024-06-25,05:03,2460486.711,JFN,SQ-US,1700.0,4320.0,5312.0,low,False,False,spectra/asdb_tcrb_20240625_210.fit
2024-06-25,06:50,2460486.785,CUR,YGU-US,1445.0,4561.0,6730.0,low,True,True,spectra/asdb_tcrb_20240625_285.fit
2024-06-25,21:46,2460487.408,JGF,PIE-SP,8500.0,3880.0,9951.0,high,True,True,spectra/asdb_tcrb_20240625_907.fit
2024-06-25,22:35,2460487.441,DBO,WCO-UK,9310.0,6260.0,6700.0,high,True,True,spectra/asdb_tcrb_20240625_941.fit
2024-06-25,23:26,2460487.477,CBO,OCT-FR,525.0,3700.0,7566.0,low,True,True,spectra/asdb_tcrb_20240625_976.fit
2024-06-25,23:31,2460487.48,MPI,BAD-FR,858.0,3800.0,7500.0,low,True,True,spectra/asdb_tcrb_20240625_979.fit
2024-06-26,06:36,2460487.775,JRF,MTP-US,508.0,3651.0,7400.0,low,True,True,spectra/asdb_tcrb_20240626_275.fit
2024-06-26,09:28,2460487.895,JRF,MTP-US,12214.0,6484.0,6640.0,high,True,False,spectra/asdb_tcrb_20240626_395.fit
2024-06-26,21:42,2460488.405,GBE,LAM-FR,791.0,3731.0,7353.0,low,True,True,spectra/asdb_tcrb_20240626_904.fit
2024-06-26,22:34,2460488.441,DBO,WCO-UK,10462.0,6260.0,6700.0,high,True,True,spectra/asdb_tcrb_20240626_940.fit
2024-06-27,03:47,2460488.658,JFN,SQ-US,1718.0,4322.0,5313.0,low,False,False,spectra/asdb_tcrb_20240627_158.fit
2024-06-28,04:37,2460489.692,FAS,DCO-US,986.0,3725.0,7260.0,low,True,True,spectra/asdb_tcrb_20240628_192.fit
2024-06-28,06:51,2460489.785,JRF,MTP-US,513.0,3651.0,7400.0,low,True,True,spectra/asdb_tcrb_20240628_285.fit
2024-06-28,09:04,2460489.878,JRF,MTP-US,11980.0,6485.0,6640.0,high,True,False,spectra/asdb_tcrb_20240628_378.fit
2024-06-28,21:25,2460490.393,JGF,PIE-SP,8500.0,3928.0,9961.0,high,True,True,spectra/asdb_tcrb_20240628_892.fit
2024-06-28,22:30,2460490.438,DBO,WCO-UK,10425.0,6260.0,6700.0,high,True,True,spectra/asdb_tcrb_20240628_937.fit
2024-06-29,04:31,2460490.688,KSH,OAK-US,1000.0,3850.0,7250.0,low,True,True,spectra/asdb_tcrb_20240629_188.fit
2024-06-29,21:35,2460491.399,JGF,PIE-SP,8500.0,4009.0,9929.0,high,True,True,spectra/asdb_tcrb_20240629_899.fit
2024-06-30,06:44,2460491.781,JRF,MTP-US,13301.0,6486.0,6640.0,high,True,False,spectra/asdb_tcrb_20240630_281.fit
2024-07-01,05:05,2460492.712,JFN,SQ-US,1715.0,4322.0,5312.0,low,False,False,spectra/asdb_tcrb_20240701_212.fit
2024-07-01,06:50,2460492.785,CUR,YGU-US,1418.0,4561.0,6730.0,low,True,True,spectra/asdb_tcrb_20240701_285.fit
2024-07-01,21:35,2460493.399,JGF,PIE-SP,8500.0,3891.0,9945.0,high,True,True,spectra/asdb_tcrb_20240701_899.fit
2024-07-01,22:31,2460493.438,CDZ,ELG-SP,746.0,3952.0,7404.0,low,True,True,spectra/asdb_tcrb_20240701_938.fit
2024-07-02,04:57,2460493.707,FAS,DCO-US,1007.0,3726.0,7261.0,low,True,True,spectra/asdb_tcrb_20240702_206.fit
2024-07-02,06:51,2460493.786,CUR,YGU-US,1450.0,4562.0,6725.0,low,True,True,spectra/asdb_tcrb_20240702_285.fit
2024-07-03,04:48,2460494.701,FAS,DCO-US,983.0,3725.0,7261.0,low,True,True,spectra/asdb_tcrb_20240703_200.fit
2024-07-03,06:50,2460494.785,CUR,YGU-US,1450.0,4561.0,6730.0,low,True,True,spectra/asdb_tcrb_20240703_285.fit
2024-07-03,07:43,2460494.822,DDGB,SDC-US,600.0,3801.0,7700.0,low,True,True,spectra/asdb_tcrb_20240703_321.fit
2024-07-03,21:54,2460495.413,JGF,PIE-SP,8500.0,3885.0,9934.0,high,True,True,spectra/asdb_tcrb_20240703_913.fit
2024-07-03,22:32,2460495.439,CDZ,ELG-SP,706.0,3951.0,7404.0,low,True,True,spectra/asdb_tcrb_20240703_939.fit
2024-07-04,04:57,2460495.707,FAS,DCO-US,1016.0,3725.0,7260.0,low,True,True,spectra/asdb_tcrb_20240704_206.fit
2024-07-04,21:38,2460496.401,JGF,PIE-SP,8500.0,3934.0,9967.0,high,True,True,spectra/asdb_tcrb_20240704_901.fit
2024-07-04,22:07,2460496.422,XDU,SRO-FR,15825.0,6500.0,6700.0,high,True,False,spectra/asdb_tcrb_20240704_921.fit
2024-07-05,00:12,2460496.508,CBO,OCT-FR,529.0,3700.0,7566.0,low,True,True,spectra/asdb_tcrb_20240705_008.fit
2024-07-05,04:56,2460496.706,FAS,DCO-US,1005.0,3726.0,7260.0,low,True,True,spectra/asdb_tcrb_20240705_206.fit
2024-07-05,21:14,2460497.385,JGF,PIE-SP,8500.0,3934.0,9972.0,high,True,True,spectra/asdb_tcrb_20240705_885.fit
2024-07-06,05:20,2460497.722,FAS,DCO-US,997.0,3726.0,7260.0,low,True,True,spectra/asdb_tcrb_20240706_222.fit
2024-07-06,22:36,2460498.442,DBO,WCO-UK,9839.0,6260.0,6700.0,high,True,True,spectra/asdb_tcrb_20240706_943.fit
2024-07-07,04:37,2460498.693,FAS,DCO-US,979.0,4001.0,7255.0,low,True,True,spectra/asdb_tcrb_20240707_193.fit
2024-07-07,06:40,2460498.778,TDW,TBO-US,640.0,3806.0,7396.0,low,True,True,spectra/asdb_tcrb_20240707_277.fit
2024-07-07,22:12,2460499.425,JGF,PIE-SP,8500.0,3874.0,9961.0,high,True,True,spectra/asdb_tcrb_20240707_925.fit
2024-07-07,22:30,2460499.438,DBO,WCO-UK,10094.0,6260.0,6700.0,high,True,True,spectra/asdb_tcrb_20240707_937.fit
2024-07-07,22:43,2460499.447,CDZ,ELG-SP,746.0,3953.0,7400.0,low,True,True,spectra/asdb_tcrb_20240707_946.fit
2024-07-08,04:40,2460499.695,FAS,DCO-US,1002.0,3725.0,7260.0,low,True,True,spectra/asdb_tcrb_20240708_194.fit
2024-07-08,21:26,2460500.393,JGF,PIE-SP,8500.0,3880.0,9929.0,high,True,True,spectra/asdb_tcrb_20240708_893.fit
2024-07-08,22:32,2460500.439,CDZ,ELG-SP,741.0,3952.0,7404.0,low,True,True,spectra/asdb_tcrb_20240708_939.fit
2024-07-09,04:41,2460500.696,FAS,DCO-US,993.0,3726.0,7260.0,low,True,True,spectra/asdb_tcrb_20240709_195.fit
2024-07-09,22:28,2460501.436,CBO,OHP-FR,522.0,3700.0,7566.0,low,True,True,spectra/asdb_tcrb_20240709_936.fit
2024-07-09,23:39,2460501.486,XDU,OHP-FR,15882.0,6500.0,6700.0,high,True,False,spectra/asdb_tcrb_20240709_985.fit
2024-07-10,04:44,2460501.697,FAS,DCO-US,1003.0,3725.0,7260.0,low,True,True,spectra/asdb_tcrb_20240710_197.fit
2024-07-10,21:26,2460502.393,FTE,SMM-SP,9000.0,4000.0,7800.0,high,True,True,spectra/asdb_tcrb_20240710_893.fit
2024-07-10,23:09,2460502.465,XDU,OHP-FR,600.0,3850.0,7300.0,low,True,True,spectra/asdb_tcrb_20240710_965.fit
2024-07-10,23:46,2460502.49,ABL,OHP-FR,20249.0,6431.0,6724.0,high,True,False,spectra/asdb_tcrb_20240710_990.fit
2024-07-11,03:57,2460502.665,JDH,IUSB-US,600.0,3750.0,7400.0,low,True,True,spectra/asdb_tcrb_20240711_164.fit
2024-07-11,04:47,2460502.7,FAS,DCO-US,998.0,3776.0,7255.0,low,True,True,spectra/asdb_tcrb_20240711_199.fit
2024-07-11,21:14,2460503.385,JGF,PIE-SP,8500.0,3953.0,9220.0,high,True,True,spectra/asdb_tcrb_20240711_885.fit
2024-07-11,22:21,2460503.431,CBO,OHP-FR,526.0,3700.0,7566.0,low,True,True,spectra/asdb_tcrb_20240711_931.fit
2024-07-12,03:41,2460503.654,KSH,OAK-US,1163.0,3851.0,7221.0,low,True,True,spectra/asdb_tcrb_20240712_155.fit
2024-07-12,21:52,2460504.412,JGF,PIE-SP,8500.0,3793.0,9940.0,high,True,True,spectra/asdb_tcrb_20240712_911.fit
2024-07-12,22:01,2460504.418,XDU,OHP-FR,600.0,3850.0,7300.0,low,True,True,spectra/asdb_tcrb_20240712_917.fit
2024-07-12,22:25,2460504.434,CDZ,ELG-SP,731.0,3955.0,7404.0,low,True,True,spectra/asdb_tcrb_20240712_934.fit
2024-07-13,21:55,2460505.413,JGF,SMM-SP,9000.0,3817.0,9398.0,high,True,True,spectra/asdb_tcrb_20240713_913.fit
2024-07-13,21:56,2460505.414,JGF,PIE-SP,8500.0,3821.0,9885.0,high,True,True,spectra/asdb_tcrb_20240713_914.fit
2024-07-14,04:37,2460505.693,FAS,DCO-US,1001.0,3725.0,7256.0,low,True,True,spectra/asdb_tcrb_20240714_192.fit
2024-07-15,03:45,2460506.656,KSH,OAK-US,1000.0,3900.0,7200.0,low,True,True,spectra/asdb_tcrb_20240715_156.fit
2024-07-15,22:21,2460507.432,CDZ,ELG-SP,746.0,3951.0,7404.0,low,True,True,spectra/asdb_tcrb_20240715_931.fit
2024-07-16,03:27,2460507.644,KSH,OAK-US,1000.0,3900.0,7153.0,low,True,True,spectra/asdb_tcrb_20240716_144.fit
2024-07-16,21:14,2460508.385,JGF,PIE-SP,8500.0,3831.0,9875.0,high,True,True,spectra/asdb_tcrb_20240716_884.fit
2024-07-16,21:32,2460508.398,CLC,ASA-FR,600.0,5600.0,7250.0,low,True,True,spectra/asdb_tcrb_20240716_897.fit
2024-07-16,21:33,2460508.398,FTE,SMM-SP,9000.0,4000.0,7500.0,high,True,True,spectra/asdb_tcrb_20240716_898.fit
2024-07-17,04:35,2460508.692,FAS,DCO-US,1001.0,3725.0,7256.0,low,True,True,spectra/asdb_tcrb_20240717_191.fit
2024-07-17,21:48,2460509.409,JGF,PIE-SP,8500.0,3856.0,9933.0,high,True,True,spectra/asdb_tcrb_20240717_908.fit
2024-07-18,03:42,2460509.655,JDH,IUSB-US,490.0,3800.0,7400.0,low,True,True,spectra/asdb_tcrb_20240718_154.fit
2024-07-18,21:11,2460510.383,JGF,PIE-SP,8500.0,3923.0,9920.0,high,True,True,spectra/asdb_tcrb_20240718_883.fit
2024-07-18,23:26,2460510.476,DBO,WCO-UK,10483.0,6260.0,6700.0,high,True,True,spectra/asdb_tcrb_20240718_976.fit
2024-07-19,04:38,2460510.693,JRF,MTP-US,487.0,3650.0,7402.0,low,True,True,spectra/asdb_tcrb_20240719_193.fit
2024-07-19,21:02,2460511.377,XDU,SRO-FR,600.0,3851.0,7299.0,low,True,True,spectra/asdb_tcrb_20240719_876.fit
2024-07-19,21:20,2460511.389,CLC,ASA-FR,600.0,4300.0,6000.0,low,False,False,spectra/asdb_tcrb_20240719_889.fit
2024-07-19,22:34,2460511.441,CDZ,ELG-SP,694.0,3955.0,7405.0,low,True,True,spectra/asdb_tcrb_20240719_940.fit
2024-07-19,22:59,2460511.458,DBO,WCO-UK,9744.0,6260.0,6700.0,high,True,True,spectra/asdb_tcrb_20240719_957.fit
2024-07-20,21:02,2460512.377,JGF,PIE-SP,8500.0,3918.0,9929.0,high,True,True,spectra/asdb_tcrb_20240720_876.fit
2024-07-21,21:15,2460513.386,GBE,LAM-FR,700.0,3675.0,7396.0,low,True,True,spectra/asdb_tcrb_20240721_885.fit
2024-07-21,21:33,2460513.399,JGF,PIE-SP,8500.0,3885.0,9740.0,high,True,True,spectra/asdb_tcrb_20240721_898.fit
2024-07-21,23:11,2460513.467,CDZ,ELG-SP,742.0,3958.0,7403.0,low,True,True,spectra/asdb_tcrb_20240721_966.fit
2024-07-22,06:01,2460513.751,JRF,MTP-US,514.0,3676.0,7395.0,low,True,True,spectra/asdb_tcrb_20240722_251.fit
2024-07-22,21:33,2460514.399,FTE,SMM-SP,9000.0,3900.0,8800.0,high,True,True,spectra/asdb_tcrb_20240722_898.fit
2024-07-23,21:22,2460515.391,JGF,PIE-SP,8500.0,3890.0,9378.0,high,True,True,spectra/asdb_tcrb_20240723_890.fit
2024-07-23,23:06,2460515.463,GKEA,EMB-FR,13000.0,6483.0,6641.0,high,True,False,spectra/asdb_tcrb_20240723_963.fit
2024-07-24,03:12,2460515.634,KSH,OAK-US,1000.0,3900.0,7200.0,low,True,True,spectra/asdb_tcrb_20240724_134.fit
2024-07-24,04:27,2460515.686,JRF,MTP-US,486.0,3676.0,7395.0,low,True,True,spectra/asdb_tcrb_20240724_186.fit
2024-07-24,05:29,2460515.729,TDW,TBO-US,643.0,3805.0,7396.0,low,True,True,spectra/asdb_tcrb_20240724_228.fit
2024-07-24,21:04,2460516.378,GBE,LAM-FR,808.0,3650.0,7398.0,low,True,True,spectra/asdb_tcrb_20240724_877.fit
2024-07-24,21:30,2460516.396,JGF,PIE-SP,8500.0,3901.0,9821.0,high,True,True,spectra/asdb_tcrb_20240724_896.fit
2024-07-24,22:01,2460516.417,GKEA,EMB-FR,13000.0,6484.0,6642.0,high,True,False,spectra/asdb_tcrb_20240724_917.fit
2024-07-25,03:07,2460516.63,KSH,OAK-US,1000.0,3900.0,7200.0,low,True,True,spectra/asdb_tcrb_20240725_130.fit
2024-07-25,07:44,2460516.823,JRF,MTP-US,493.0,3676.0,7395.0,low,True,True,spectra/asdb_tcrb_20240725_322.fit
2024-07-25,22:41,2460517.446,ALE,GIR-FR,693.0,3750.0,7350.0,low,True,True,spectra/asdb_tcrb_20240725_945.fit
2024-07-26,02:50,2460517.619,JDH,IUSB-US,514.0,3800.0,7400.0,low,True,True,spectra/asdb_tcrb_20240726_118.fit
2024-07-26,03:11,2460517.633,KSH,OAK-US,1000.0,3900.0,7170.0,low,True,True,spectra/asdb_tcrb_20240726_133.fit
2024-07-26,04:11,2460517.675,JFN,SQ-US,1452.0,4260.0,5263.0,low,False,False,spectra/asdb_tcrb_20240726_174.fit
2024-07-26,05:12,2460517.717,JRF,MTP-US,500.0,3670.0,7395.0,low,True,True,spectra/asdb_tcrb_20240726_217.fit
2024-07-26,05:54,2460517.746,CUR,YGU-US,1487.0,4565.0,6720.0,low,True,True,spectra/asdb_tcrb_20240726_246.fit
2024-07-26,21:35,2460518.399,JGF,PIE-SP,8500.0,3896.0,9934.0,high,True,True,spectra/asdb_tcrb_20240726_899.fit
2024-07-27,06:31,2460518.772,JRF,MTP-US,736.0,6256.0,9590.0,low,True,True,spectra/asdb_tcrb_20240727_272.fit
2024-07-27,21:55,2460519.414,GKEA,EMB-FR,13000.0,6484.0,6642.0,high,True,False,spectra/asdb_tcrb_20240727_913.fit
2024-07-27,22:23,2460519.433,DBO,WCO-UK,9829.0,6260.0,6700.0,high,True,True,spectra/asdb_tcrb_20240727_932.fit
2024-07-28,21:23,2460520.391,FTE,SMM-SP,9000.0,3915.0,8700.0,high,True,True,spectra/asdb_tcrb_20240728_891.fit
2024-07-28,21:27,2460520.394,ALE,GIR-FR,828.0,3750.0,7350.0,low,True,True,spectra/asdb_tcrb_20240728_894.fit
2024-07-28,22:12,2460520.425,GKEA,EMB-FR,13000.0,6484.0,6641.0,high,True,False,spectra/asdb_tcrb_20240728_925.fit
2024-07-28,22:18,2460520.429,CBO,OCT-FR,522.0,3700.0,7396.0,low,True,True,spectra/asdb_tcrb_20240728_929.fit
2024-07-28,23:36,2460520.484,IBR,HVR-FR,742.0,3470.0,6003.0,low,False,False,spectra/asdb_tcrb_20240728_983.fit
2024-07-29,03:02,2460520.627,KSH,OAK-US,1000.0,3900.0,7200.0,low,True,True,spectra/asdb_tcrb_20240729_127.fit
2024-07-29,20:46,2460521.365,CLC,ASA-FR,600.0,5600.0,7200.0,low,True,True,spectra/asdb_tcrb_20240729_865.fit
2024-07-29,21:28,2460521.395,JGF,SMM-SP,9000.0,3794.0,9392.0,high,True,True,spectra/asdb_tcrb_20240729_895.fit
2024-07-29,21:42,2460521.405,CLC,ASA-FR,600.0,4000.0,5600.0,low,False,False,spectra/asdb_tcrb_20240729_904.fit
2024-07-29,22:06,2460521.421,RLE,THO-UK,904.0,3900.0,7500.0,low,True,True,spectra/asdb_tcrb_20240729_921.fit
2024-07-29,22:16,2460521.428,XDU,SRO-FR,15561.0,6500.0,6700.0,high,True,False,spectra/asdb_tcrb_20240729_927.fit
2024-07-29,22:27,2460521.436,DBO,WCO-UK,8511.0,6260.0,6700.0,high,True,True,spectra/asdb_tcrb_20240729_936.fit
2024-07-30,03:24,2460521.642,KSH,OAK-US,1000.0,3900.0,7200.0,low,True,True,spectra/asdb_tcrb_20240730_142.fit
2024-07-31,03:08,2460522.631,KSH,OAK-US,1000.0,3900.0,7200.0,low,True,True,spectra/asdb_tcrb_20240731_130.fit
2024-07-31,05:01,2460522.71,JRF,MTP-US,531.0,3676.0,7395.0,low,True,True,spectra/asdb_tcrb_20240731_209.fit
2024-07-31,21:52,2460523.412,ALE,GIR-FR,753.0,3750.0,7350.0,low,True,True,spectra/asdb_tcrb_20240731_911.fit
2024-08-01,05:04,2460523.712,KSH,OAK-US,1000.0,3900.0,7200.0,low,True,True,spectra/asdb_tcrb_20240801_211.fit
2024-08-01,21:20,2460524.389,KGU,EMB-FR,13000.0,6484.0,6642.0,high,True,False,spectra/asdb_tcrb_20240801_889.fit
2024-08-01,22:18,2460524.43,ALE,GIR-FR,713.0,3750.0,7350.0,low,True,True,spectra/asdb_tcrb_20240801_929.fit
2024-08-02,22:04,2460525.42,CBO,OCT-FR,529.0,3700.0,7396.0,low,True,True,spectra/asdb_tcrb_20240802_919.fit
2024-08-03,04:46,2460525.699,JRF,MTP-US,505.0,3675.0,7396.0,low,True,True,spectra/asdb_tcrb_20240803_198.fit
2024-08-03,21:25,2460526.393,GKEA,EMB-FR,13000.0,6485.0,6643.0,high,True,False,spectra/asdb_tcrb_20240803_892.fit
2024-08-04,03:33,2460526.649,JDH,IUSB-US,513.0,3800.0,7400.0,low,True,True,spectra/asdb_tcrb_20240804_148.fit
2024-08-04,21:19,2460527.388,GKEA,EMB-FR,13000.0,6485.0,6642.0,high,True,False,spectra/asdb_tcrb_20240804_888.fit
2024-08-04,21:45,2460527.407,JGF,SMM-SP,9000.0,3804.0,9280.0,high,True,True,spectra/asdb_tcrb_20240804_906.fit
2024-08-05,05:34,2460527.732,JRF,MTP-US,530.0,3675.0,7396.0,low,True,True,spectra/asdb_tcrb_20240805_232.fit
2024-08-05,22:08,2460528.422,CBO,OCT-FR,523.0,3700.0,7396.0,low,True,True,spectra/asdb_tcrb_20240805_922.fit
2024-08-05,23:15,2460528.469,IBR,HVR-FR,780.0,3422.0,6090.0,low,False,False,spectra/asdb_tcrb_20240805_969.fit
2024-08-06,03:06,2460528.629,KSH,OAK-US,1000.0,3900.0,7200.0,low,True,True,spectra/asdb_tcrb_20240806_129.fit
2024-08-06,04:27,2460528.686,JRF,MTP-US,491.0,3675.0,7396.0,low,True,True,spectra/asdb_tcrb_20240806_185.fit
2024-08-06,21:13,2460529.384,CLC,ASA-FR,600.0,5600.0,7200.0,low,True,True,spectra/asdb_tcrb_20240806_884.fit
2024-08-07,06:15,2460529.761,JRF,MTP-US,454.0,3671.0,7396.0,low,True,True,spectra/asdb_tcrb_20240807_260.fit
2024-08-08,03:06,2460530.629,KSH,OAK-US,1000.0,3900.0,7200.0,low,True,True,spectra/asdb_tcrb_20240808_129.fit
2024-08-08,05:07,2460530.713,JDH,IUSB-US,513.0,3800.0,7400.0,low,True,True,spectra/asdb_tcrb_20240808_213.fit
2024-08-08,05:44,2460530.739,JRF,MTP-US,521.0,3675.0,7396.0,low,True,True,spectra/asdb_tcrb_20240808_239.fit
2024-08-08,05:50,2460530.743,TDW,TBO-US,601.0,3806.0,7396.0,low,True,True,spectra/asdb_tcrb_20240808_243.fit
2024-08-08,20:35,2460531.358,CLC,ASA-FR,600.0,3900.0,5600.0,low,False,False,spectra/asdb_tcrb_20240808_857.fit
2024-08-08,21:11,2460531.383,FTE,SMM-SP,9000.0,4010.0,7300.0,high,True,True,spectra/asdb_tcrb_20240808_882.fit
2024-08-08,21:16,2460531.387,GKEA,EMB-FR,13000.0,6485.0,6643.0,high,True,False,spectra/asdb_tcrb_20240808_886.fit
2024-08-08,21:46,2460531.407,CDZ,ELG-SP,697.0,3954.0,7407.0,low,True,True,spectra/asdb_tcrb_20240808_907.fit
2024-08-09,21:59,2460532.416,CDZ,ELG-SP,668.0,3950.0,7403.0,low,True,True,spectra/asdb_tcrb_20240809_916.fit
2024-08-10,21:52,2460533.412,CDZ,ELG-SP,685.0,3957.0,7401.0,low,True,True,spectra/asdb_tcrb_20240810_911.fit
2024-08-10,21:56,2460533.414,CBO,OCT-FR,521.0,3700.0,7396.0,low,True,True,spectra/asdb_tcrb_20240810_914.fit
2024-08-11,21:54,2460534.413,CDZ,ELG-SP,700.0,3957.0,7402.0,low,True,True,spectra/asdb_tcrb_20240811_913.fit
2024-08-11,22:13,2460534.426,GSTD,ERB-DE,500.0,3700.0,7500.0,low,True,True,spectra/asdb_tcrb_20240811_925.fit
2024-08-11,23:24,2460534.475,IBR,HVR-FR,829.0,3401.0,6084.0,low,False,False,spectra/asdb_tcrb_20240811_975.fit
2024-08-12,02:57,2460534.623,KSH,OAK-US,1000.0,3900.0,7200.0,low,True,True,spectra/asdb_tcrb_20240812_123.fit
2024-08-12,20:35,2460535.358,FTE,SMM-SP,9000.0,4010.0,7300.0,high,True,True,spectra/asdb_tcrb_20240812_858.fit
2024-08-12,21:21,2460535.39,GSTD,ERB-DE,500.0,3701.0,7500.0,low,True,True,spectra/asdb_tcrb_20240812_889.fit
2024-08-13,02:15,2460535.594,AMACHK,W96-CL,19766.0,6475.0,6629.0,high,True,False,spectra/asdb_tcrb_20240813_094.fit
2024-08-14,03:53,2460536.662,JDH,IUSB-US,514.0,3800.0,7400.0,low,True,True,spectra/asdb_tcrb_20240814_161.fit
2024-08-14,21:21,2460537.39,GBE,LAM-FR,783.0,3651.0,7348.0,low,True,True,spectra/asdb_tcrb_20240814_889.fit
2024-08-14,21:34,2460537.399,CDZ,ELG-SP,763.0,3953.0,7402.0,low,True,True,spectra/asdb_tcrb_20240814_899.fit
2024-08-14,21:38,2460537.402,GKEA,EMB-FR,13000.0,6485.0,6643.0,high,True,False,spectra/asdb_tcrb_20240814_901.fit
2024-08-15,04:46,2460537.699,JRF,MTP-US,691.0,6205.0,9582.0,low,True,True,spectra/asdb_tcrb_20240815_198.fit
2024-08-15,05:58,2460537.749,DDGB,SDC-US,600.0,3801.0,7201.0,low,True,True,spectra/asdb_tcrb_20240815_249.fit
2024-08-15,20:03,2460538.336,XDU,SRO-FR,15427.0,6500.0,6700.0,high,True,False,spectra/asdb_tcrb_20240815_836.fit
2024-08-15,21:32,2460538.398,CDZ,ELG-SP,731.0,3952.0,7401.0,low,True,True,spectra/asdb_tcrb_20240815_897.fit
2024-08-15,22:05,2460538.421,CBO,OCT-FR,521.0,3700.0,7396.0,low,True,True,spectra/asdb_tcrb_20240815_920.fit
2024-08-15,22:17,2460538.429,GSTD,ERB-DE,500.0,3700.0,7500.0,low,True,True,spectra/asdb_tcrb_20240815_929.fit
2024-08-16,02:52,2460538.62,KSH,OAK-US,1000.0,3900.0,7200.0,low,True,True,spectra/asdb_tcrb_20240816_119.fit
2024-08-16,05:04,2460538.711,JRF,MTP-US,688.0,6205.0,9583.0,low,True,True,spectra/asdb_tcrb_20240816_211.fit
2024-08-16,21:33,2460539.398,CDZ,ELG-SP,694.0,3952.0,7403.0,low,True,True,spectra/asdb_tcrb_20240816_898.fit
2024-08-17,04:47,2460539.7,JRF,MTP-US,710.0,6202.0,9586.0,low,True,True,spectra/asdb_tcrb_20240817_199.fit
2024-08-17,21:32,2460540.397,CDZ,ELG-SP,698.0,3949.0,7405.0,low,True,True,spectra/asdb_tcrb_20240817_897.fit
2024-08-17,22:11,2460540.425,JGF,SMM-SP,9000.0,3936.0,9267.0,high,True,True,spectra/asdb_tcrb_20240817_924.fit
2024-08-18,04:45,2460540.698,JRF,MTP-US,452.0,3675.0,7396.0,low,True,True,spectra/asdb_tcrb_20240818_198.fit
2024-08-18,21:34,2460541.399,CDZ,ELG-SP,716.0,3947.0,7403.0,low,True,True,spectra/asdb_tcrb_20240818_899.fit
2024-08-19,05:18,2460541.721,TDW,TBO-US,663.0,3805.0,7396.0,low,True,True,spectra/asdb_tcrb_20240819_221.fit
2024-08-19,20:56,2460542.372,GKEA,EMB-FR,13000.0,6486.0,6643.0,high,True,False,spectra/asdb_tcrb_20240819_872.fit
2024-08-19,21:28,2460542.395,CDZ,ELG-SP,685.0,3948.0,7400.0,low,True,True,spectra/asdb_tcrb_20240819_894.fit
2024-08-20,02:37,2460542.609,KSH,OAK-US,1000.0,3900.0,7200.0,low,True,True,spectra/asdb_tcrb_20240820_109.fit
2024-08-20,20:20,2460543.347,CLC,ASA-FR,600.0,5500.0,7200.0,low,True,True,spectra/asdb_tcrb_20240820_847.fit
2024-08-20,21:22,2460543.391,CDZ,ELG-SP,705.0,3942.0,7403.0,low,True,True,spectra/asdb_tcrb_20240820_890.fit
2024-08-21,04:06,2460543.671,JRF,MTP-US,490.0,3675.0,7396.0,low,True,True,spectra/asdb_tcrb_20240821_171.fit
2024-08-21,21:33,2460544.398,XDU,SRO-FR,15369.0,6500.0,6700.0,high,True,False,spectra/asdb_tcrb_20240821_898.fit
2024-08-21,22:09,2460544.423,GKEA,EMB-FR,13000.0,6486.0,6643.0,high,True,False,spectra/asdb_tcrb_20240821_923.fit
2024-08-22,21:39,2460545.402,GKEA,EMB-FR,13000.0,6485.0,6643.0,high,True,False,spectra/asdb_tcrb_20240822_902.fit
2024-08-23,04:51,2460545.703,JRF,MTP-US,500.0,3675.0,7396.0,low,True,True,spectra/asdb_tcrb_20240823_202.fit
2024-08-23,20:11,2460546.341,CLC,ASA-FR,600.0,3900.0,5600.0,low,False,False,spectra/asdb_tcrb_20240823_841.fit
2024-08-23,21:14,2460546.385,CDZ,ELG-SP,729.0,3860.0,7403.0,low,True,True,spectra/asdb_tcrb_20240823_885.fit
2024-08-23,22:07,2460546.422,GSTD,ERB-DE,500.0,3701.0,7500.0,low,True,True,spectra/asdb_tcrb_20240823_921.fit
2024-08-24,20:11,2460547.341,PAD,KOL-SK,1967.0,5200.0,7200.0,low,True,True,spectra/asdb_tcrb_20240824_841.fit
2024-08-24,20:58,2460547.374,JGF,PIE-SP,8500.0,3885.0,9875.0,high,True,True,spectra/asdb_tcrb_20240824_874.fit
2024-08-24,21:08,2460547.381,CDZ,ELG-SP,708.0,3901.0,7402.0,low,True,True,spectra/asdb_tcrb_20240824_880.fit
2024-08-24,22:39,2460547.444,GKEA,EMB-FR,13000.0,6485.0,6643.0,high,True,False,spectra/asdb_tcrb_20240824_944.fit
2024-08-25,05:43,2460547.738,JRF,MTP-US,492.0,3650.0,7402.0,low,True,True,spectra/asdb_tcrb_20240825_238.fit
2024-08-25,19:49,2460548.326,XDU,SRO-FR,15468.0,6500.0,6700.0,high,True,False,spectra/asdb_tcrb_20240825_825.fit
2024-08-25,20:06,2460548.338,PAD,KOL-SK,2003.0,3780.0,5900.0,mid,False,False,spectra/asdb_tcrb_20240825_837.fit
2024-08-25,20:44,2460548.365,PAD,KOL-SK,2010.0,5200.0,7300.0,mid,True,True,spectra/asdb_tcrb_20240825_864.fit
2024-08-25,21:13,2460548.385,KGU,EMB-FR,13000.0,6485.0,6643.0,high,True,False,spectra/asdb_tcrb_20240825_884.fit
2024-08-26,02:32,2460548.606,KSH,OAK-US,1000.0,3900.0,7200.0,low,True,True,spectra/asdb_tcrb_20240826_106.fit
2024-08-26,05:07,2460548.713,CUR,YGU-US,1424.0,4560.0,6720.0,low,True,True,spectra/asdb_tcrb_20240826_213.fit
2024-08-26,10:35,2460548.941,FAS,DCO-US,1019.0,3775.0,7261.0,low,True,True,spectra/asdb_tcrb_20240826_441.fit
2024-08-26,20:11,2460549.341,XDU,SRO-FR,15531.0,6500.0,6700.0,high,True,False,spectra/asdb_tcrb_20240826_841.fit
2024-08-26,20:30,2460549.354,FTE,SMM-SP,9000.0,4000.0,8000.0,high,True,True,spectra/asdb_tcrb_20240826_854.fit
2024-08-26,20:38,2460549.36,KGU,EMB-FR,13000.0,6485.0,6643.0,high,True,False,spectra/asdb_tcrb_20240826_860.fit
2024-08-26,20:55,2460549.372,GSTD,ERB-DE,435.0,3700.0,7500.0,low,True,True,spectra/asdb_tcrb_20240826_871.fit
2024-08-26,21:53,2460549.412,CBO,OCT-FR,539.0,3700.0,7396.0,low,True,True,spectra/asdb_tcrb_20240826_912.fit
2024-08-26,21:56,2460549.415,DGM,HLN-DE,15000.0,6450.0,6700.0,high,True,False,spectra/asdb_tcrb_20240826_915.fit
2024-08-27,10:48,2460549.95,FAS,DCO-US,1007.0,3776.0,7260.0,low,True,True,spectra/asdb_tcrb_20240827_450.fit
2024-08-27,20:57,2460550.373,CDZ,ELG-SP,686.0,3901.0,7402.0,low,True,True,spectra/asdb_tcrb_20240827_873.fit
2024-08-27,21:28,2460550.395,GSTD,ERB-DE,500.0,3700.0,7500.0,low,True,True,spectra/asdb_tcrb_20240827_895.fit
2024-08-27,21:42,2460550.405,IBR,HVR-FR,800.0,3400.0,6085.0,low,False,False,spectra/asdb_tcrb_20240827_904.fit
2024-08-30,04:19,2460552.68,JRF,MTP-US,496.0,3675.0,7396.0,low,True,True,spectra/asdb_tcrb_20240830_180.fit
2024-08-30,10:31,2460552.939,FAS,DCO-US,960.0,3776.0,7260.0,low,True,True,spectra/asdb_tcrb_20240830_438.fit
2024-08-30,19:38,2460553.319,PAD,KOL-SK,1720.0,3780.0,5900.0,low,False,False,spectra/asdb_tcrb_20240830_818.fit
2024-08-30,20:16,2460553.345,PAD,KOL-SK,1922.0,5200.0,7200.0,low,True,True,spectra/asdb_tcrb_20240830_845.fit
2024-08-31,19:21,2460554.306,PAD,KOL-SK,1667.0,3800.0,5900.0,low,False,False,spectra/asdb_tcrb_20240831_806.fit
2024-08-31,19:59,2460554.333,PAD,KOL-SK,1972.0,5200.0,7200.0,low,True,True,spectra/asdb_tcrb_20240831_833.fit
2024-09-01,19:28,2460555.312,XDU,SRO-FR,15618.0,6500.0,6700.0,high,True,False,spectra/asdb_tcrb_20240901_811.fit
2024-09-01,20:30,2460555.355,JGF,PIE-SP,8500.0,3830.0,9852.0,high,True,True,spectra/asdb_tcrb_20240901_854.fit
2024-09-01,22:10,2460555.424,KGU,EMB-FR,13000.0,6486.0,6643.0,high,True,False,spectra/asdb_tcrb_20240901_924.fit
2024-09-02,04:19,2460555.68,JRF,MTP-US,481.0,3676.0,7398.0,low,True,True,spectra/asdb_tcrb_20240902_180.fit
2024-09-03,20:45,2460557.365,XDU,SRO-FR,15148.0,6500.0,6700.0,high,True,False,spectra/asdb_tcrb_20240903_866.fit
2024-09-03,21:57,2460557.415,CDZ,ELG-SP,746.0,3950.0,7400.0,low,True,True,spectra/asdb_tcrb_20240903_915.fit
2024-09-04,03:55,2460557.664,JRF,MTP-US,474.0,3676.0,7398.0,low,True,True,spectra/asdb_tcrb_20240904_163.fit
2024-09-04,10:18,2460557.93,FAS,DCO-US,1022.0,3775.0,7261.0,low,True,True,spectra/asdb_tcrb_20240904_430.fit
2024-09-05,10:21,2460558.932,FAS,DCO-US,1005.0,3775.0,7261.0,low,True,True,spectra/asdb_tcrb_20240905_431.fit
2024-09-06,10:12,2460559.925,FAS,DCO-US,1003.0,3776.0,7261.0,low,True,True,spectra/asdb_tcrb_20240906_425.fit
2024-09-06,20:36,2460560.359,CDZ,ELG-SP,762.0,3852.0,7402.0,low,True,True,spectra/asdb_tcrb_20240906_858.fit
2024-09-07,04:51,2460560.702,JRF,MTP-US,492.0,3654.0,7398.0,low,True,True,spectra/asdb_tcrb_20240907_202.fit
2024-09-07,20:04,2460561.336,KGU,EMB-FR,13000.0,6485.0,6643.0,high,True,False,spectra/asdb_tcrb_20240907_836.fit
2024-09-07,20:45,2460561.365,CDZ,ELG-SP,742.0,3981.0,7402.0,low,True,True,spectra/asdb_tcrb_20240907_864.fit
2024-09-08,04:21,2460561.682,JRF,MTP-US,481.0,3636.0,7402.0,low,True,True,spectra/asdb_tcrb_20240908_181.fit
2024-09-08,20:39,2460562.361,CDZ,ELG-SP,756.0,3900.0,7403.0,low,True,True,spectra/asdb_tcrb_20240908_860.fit
2024-09-09,04:12,2460562.675,JRF,MTP-US,505.0,3654.0,7398.0,low,True,True,spectra/asdb_tcrb_20240909_175.fit
2024-09-09,10:13,2460562.926,FAS,DCO-US,1018.0,3896.0,7255.0,low,True,True,spectra/asdb_tcrb_20240909_426.fit
2024-09-09,20:32,2460563.356,CDZ,ELG-SP,738.0,3901.0,7403.0,low,True,True,spectra/asdb_tcrb_20240909_855.fit
2024-09-09,21:11,2460563.383,JGF,PIE-SP,8500.0,3857.0,9869.0,high,True,True,spectra/asdb_tcrb_20240909_883.fit
2024-09-10,03:44,2460563.656,JRF,MTP-US,494.0,3636.0,7402.0,low,True,True,spectra/asdb_tcrb_20240910_155.fit
2024-09-10,10:13,2460563.926,FAS,DCO-US,1027.0,3901.0,7260.0,low,True,True,spectra/asdb_tcrb_20240910_426.fit
2024-09-11,03:16,2460564.636,FAS,DCO-US,1013.0,3750.0,7261.0,low,True,True,spectra/asdb_tcrb_20240911_136.fit
2024-09-11,04:50,2460564.702,JRF,MTP-US,502.0,3655.0,7398.0,low,True,True,spectra/asdb_tcrb_20240911_201.fit
2024-09-12,03:13,2460565.635,FAS,DCO-US,1020.0,3750.0,7260.0,low,True,True,spectra/asdb_tcrb_20240912_134.fit
2024-09-12,05:06,2460565.713,JRF,MTP-US,518.0,3655.0,7398.0,low,True,True,spectra/asdb_tcrb_20240912_212.fit
2024-09-12,20:32,2460566.356,CDZ,ELG-SP,746.0,3930.0,7402.0,low,True,True,spectra/asdb_tcrb_20240912_856.fit
2024-09-13,02:17,2460566.596,KSH,OAK-US,1000.0,3900.0,7200.0,low,True,True,spectra/asdb_tcrb_20240913_095.fit
2024-09-13,03:12,2460566.634,FAS,DCO-US,998.0,3775.0,7261.0,low,True,True,spectra/asdb_tcrb_20240913_133.fit
2024-09-13,20:24,2460567.35,CDZ,ELG-SP,765.0,3900.0,7401.0,low,True,True,spectra/asdb_tcrb_20240913_850.fit
2024-09-13,20:29,2460567.354,JGF,PIE-SP,8500.0,3840.0,9190.0,high,True,True,spectra/asdb_tcrb_20240913_854.fit
2024-09-13,20:55,2460567.372,KGU,EMB-FR,13000.0,6486.0,6644.0,high,True,False,spectra/asdb_tcrb_20240913_872.fit
2024-09-14,03:05,2460567.629,FAS,DCO-US,996.0,3750.0,7260.0,low,True,True,spectra/asdb_tcrb_20240914_129.fit
2024-09-14,04:15,2460567.677,JRF,MTP-US,510.0,3676.0,7398.0,low,True,True,spectra/asdb_tcrb_20240914_177.fit
2024-09-14,20:09,2460568.34,KGU,EMB-FR,13000.0,6484.0,6642.0,high,True,False,spectra/asdb_tcrb_20240914_839.fit
2024-09-14,20:24,2460568.35,CDZ,ELG-SP,752.0,3930.0,7403.0,low,True,True,spectra/asdb_tcrb_20240914_850.fit
2024-09-14,20:50,2460568.368,FBO,SJI-FR,1000.0,4051.0,7503.0,low,True,True,spectra/asdb_tcrb_20240914_868.fit
2024-09-15,03:14,2460568.635,FAS,DCO-US,1031.0,3751.0,7261.0,low,True,True,spectra/asdb_tcrb_20240915_135.fit
2024-09-15,05:26,2460568.727,JRF,MTP-US,499.0,3676.0,7398.0,low,True,True,spectra/asdb_tcrb_20240915_226.fit
2024-09-15,20:26,2460569.351,CDZ,ELG-SP,728.0,3951.0,7403.0,low,True,True,spectra/asdb_tcrb_20240915_851.fit
2024-09-16,18:51,2460570.286,XDU,SRO-FR,724.0,3780.0,7999.0,low,True,True,spectra/asdb_tcrb_20240916_786.fit
2024-09-16,19:57,2460570.332,KGU,EMB-FR,13000.0,6484.0,6642.0,high,True,False,spectra/asdb_tcrb_20240916_831.fit
2024-09-16,20:41,2460570.362,CDZ,ELG-SP,747.0,3951.0,7402.0,low,True,True,spectra/asdb_tcrb_20240916_862.fit
2024-09-17,03:07,2460570.63,KSH,OAK-US,1000.0,3900.0,7200.0,low,True,True,spectra/asdb_tcrb_20240917_130.fit
2024-09-17,20:26,2460571.352,CDZ,ELG-SP,755.0,3920.0,7403.0,low,True,True,spectra/asdb_tcrb_20240917_851.fit
2024-09-17,21:00,2460571.376,KGU,EMB-FR,13000.0,6483.0,6641.0,high,True,False,spectra/asdb_tcrb_20240917_875.fit
2024-09-18,04:16,2460571.678,JRF,MTP-US,484.0,3650.0,7402.0,low,True,True,spectra/asdb_tcrb_20240918_177.fit
2024-09-18,20:14,2460572.343,KGU,EMB-FR,13000.0,6484.0,6641.0,high,True,False,spectra/asdb_tcrb_20240918_843.fit
2024-09-19,02:55,2460572.622,KSH,OAK-US,1000.0,3900.0,7200.0,low,True,True,spectra/asdb_tcrb_20240919_121.fit
2024-09-19,03:05,2460572.629,FAS,DCO-US,1023.0,3751.0,7261.0,low,True,True,spectra/asdb_tcrb_20240919_128.fit
2024-09-19,03:46,2460572.657,CUR,YGU-US,1436.0,4561.0,6715.0,low,True,True,spectra/asdb_tcrb_20240919_157.fit
2024-09-20,02:54,2460573.621,FAS,DCO-US,1029.0,3751.0,7261.0,low,True,True,spectra/asdb_tcrb_20240920_121.fit
2024-09-21,03:43,2460574.655,JRF,MTP-US,455.0,3654.0,7398.0,low,True,True,spectra/asdb_tcrb_20240921_155.fit
2024-09-21,03:46,2460574.657,CUR,YGU-US,1434.0,4556.0,6725.0,low,True,True,spectra/asdb_tcrb_20240921_157.fit
2024-09-22,03:46,2460575.657,CUR,YGU-US,1420.0,4555.0,6725.0,low,True,True,spectra/asdb_tcrb_20240922_157.fit
2024-09-22,19:49,2460576.326,EBE,SSO-FR,561.0,3761.0,7406.0,low,True,True,spectra/asdb_tcrb_20240922_825.fit
2024-09-22,20:44,2460576.364,KGU,EMB-FR,13000.0,6480.0,6638.0,high,True,False,spectra/asdb_tcrb_20240922_864.fit
2024-09-23,02:50,2460576.619,FAS,DCO-US,1002.0,3750.0,7260.0,low,True,True,spectra/asdb_tcrb_20240923_118.fit
2024-09-23,04:29,2460576.687,JRF,MTP-US,718.0,6201.0,9589.0,low,True,True,spectra/asdb_tcrb_20240923_187.fit
2024-09-24,02:48,2460577.617,FAS,DCO-US,1021.0,3750.0,7261.0,low,True,True,spectra/asdb_tcrb_20240924_117.fit
2024-09-24,03:36,2460577.65,CUR,YGU-US,1426.0,4555.0,6725.0,low,True,True,spectra/asdb_tcrb_20240924_150.fit
2024-09-26,02:53,2460579.62,FAS,DCO-US,990.0,3751.0,7260.0,low,True,True,spectra/asdb_tcrb_20240926_120.fit
2024-09-27,02:44,2460580.614,FAS,DCO-US,1019.0,3750.0,7260.0,low,True,True,spectra/asdb_tcrb_20240927_114.fit
2024-09-27,03:37,2460580.651,CUR,YGU-US,1437.0,4555.0,6725.0,low,True,True,spectra/asdb_tcrb_20240927_150.fit
2024-09-27,20:36,2460581.359,FTE,SMM-SP,9000.0,4200.0,7500.0,high,True,True,spectra/asdb_tcrb_20240927_859.fit
2024-09-28,03:35,2460581.65,CUR,YGU-US,1407.0,4555.0,6725.0,low,True,True,spectra/asdb_tcrb_20240928_149.fit
2024-09-28,03:48,2460581.659,JRF,MTP-US,466.0,3650.0,7402.0,low,True,True,spectra/asdb_tcrb_20240928_158.fit
2024-09-28,19:52,2460582.328,CDZ,ELG-SP,763.0,3950.0,7403.0,low,True,True,spectra/asdb_tcrb_20240928_827.fit
2024-09-29,04:00,2460582.667,JRF,MTP-US,487.0,3655.0,7398.0,low,True,True,spectra/asdb_tcrb_20240929_167.fit
2024-09-30,19:53,2460584.329,CDZ,ELG-SP,753.0,3950.0,7402.0,low,True,True,spectra/asdb_tcrb_20240930_828.fit
2024-10-01,03:30,2460584.646,CUR,YGU-US,1428.0,4556.0,6725.0,low,True,True,spectra/asdb_tcrb_20241001_146.fit
2024-10-01,03:50,2460584.66,JRF,MTP-US,471.0,3676.0,7396.0,low,True,True,spectra/asdb_tcrb_20241001_159.fit
2024-10-02,02:58,2460585.624,JRF,MTP-US,474.0,3676.0,7396.0,low,True,True,spectra/asdb_tcrb_20241002_123.fit
2024-10-02,03:33,2460585.648,CUR,YGU-US,1406.0,4555.0,6725.0,low,True,True,spectra/asdb_tcrb_20241002_148.fit
2024-10-03,02:14,2460586.594,JFN,SQ-US,1967.0,4256.0,5261.0,low,False,False,spectra/asdb_tcrb_20241003_094.fit
2024-10-03,03:27,2460586.644,CUR,YGU-US,1408.0,4555.0,6725.0,low,True,True,spectra/asdb_tcrb_20241003_144.fit
2024-10-03,03:38,2460586.652,JRF,MTP-US,459.0,3676.0,7398.0,low,True,True,spectra/asdb_tcrb_20241003_151.fit
2024-10-03,19:07,2460587.297,CBO,OCT-FR,512.0,3700.0,7396.0,low,True,True,spectra/asdb_tcrb_20241003_796.fit
2024-10-03,19:53,2460587.329,FBO,SJI-FR,1000.0,4050.0,7502.0,low,True,True,spectra/asdb_tcrb_20241003_828.fit
2024-10-03,20:26,2460587.351,IBR,HVR-FR,719.0,3582.0,6082.0,low,False,False,spectra/asdb_tcrb_20241003_851.fit
2024-10-04,03:26,2460587.643,CUR,YGU-US,1435.0,4555.0,6725.0,low,True,True,spectra/asdb_tcrb_20241004_143.fit
2024-10-04,19:41,2460588.321,CDZ,ELG-SP,759.0,3950.0,7403.0,low,True,True,spectra/asdb_tcrb_20241004_820.fit
2024-10-05,02:24,2460588.6,FAS,DCO-US,1031.0,3726.0,7255.0,low,True,True,spectra/asdb_tcrb_20241005_099.fit
2024-10-05,03:27,2460588.644,CUR,YGU-US,1432.0,4555.0,6725.0,low,True,True,spectra/asdb_tcrb_20241005_143.fit
2024-10-06,03:26,2460589.643,CUR,YGU-US,1423.0,4555.0,6725.0,low,True,True,spectra/asdb_tcrb_20241006_143.fit
2024-10-06,03:42,2460589.654,JRF,MTP-US,458.0,3676.0,7398.0,low,True,True,spectra/asdb_tcrb_20241006_154.fit
2024-10-07,01:41,2460590.571,KSH,OAK-US,1000.0,3850.0,7241.0,low,True,True,spectra/asdb_tcrb_20241007_070.fit
2024-10-07,02:36,2460590.608,FAS,DCO-US,1014.0,3750.0,7260.0,low,True,True,spectra/asdb_tcrb_20241007_108.fit
2024-10-07,03:21,2460590.64,CUR,YGU-US,1419.0,4555.0,6725.0,low,True,True,spectra/asdb_tcrb_20241007_139.fit
2024-10-08,01:37,2460591.567,JFN,SQ-US,1867.0,4261.0,5255.0,low,False,False,spectra/asdb_tcrb_20241008_067.fit
2024-10-09,01:38,2460592.569,KSH,OAK-US,1000.0,3850.0,7250.0,low,True,True,spectra/asdb_tcrb_20241009_068.fit
2024-10-10,03:38,2460593.652,JRF,MTP-US,432.0,3676.0,7398.0,low,True,True,spectra/asdb_tcrb_20241010_151.fit
2024-10-12,01:47,2460595.575,KSH,OAK-US,1000.0,3850.0,7250.0,low,True,True,spectra/asdb_tcrb_20241012_074.fit
2024-10-13,18:55,2460597.288,FTE,SMM-SP,9000.0,3834.0,8805.0,high,True,True,spectra/asdb_tcrb_20241013_788.fit
2024-10-15,03:34,2460598.649,JRF,MTP-US,427.0,3721.0,7398.0,low,True,True,spectra/asdb_tcrb_20241015_149.fit
2024-10-16,01:59,2460599.583,FAS,DCO-US,1006.0,3750.0,7260.0,low,True,True,spectra/asdb_tcrb_20241016_082.fit
2024-10-17,01:56,2460600.581,FAS,DCO-US,1084.0,3750.0,7255.0,low,True,True,spectra/asdb_tcrb_20241017_081.fit
2024-10-19,03:23,2460602.641,JRF,MTP-US,449.0,3676.0,7398.0,low,True,True,spectra/asdb_tcrb_20241019_141.fit
2024-10-21,01:16,2460604.553,KSH,OAK-US,1000.0,3850.0,7250.0,low,True,True,spectra/asdb_tcrb_20241021_052.fit
2024-10-21,03:24,2460604.642,JRF,MTP-US,456.0,3721.0,7398.0,low,True,True,spectra/asdb_tcrb_20241021_142.fit
2024-10-22,03:46,2460605.657,JRF,MTP-US,787.0,6257.0,9588.0,low,True,True,spectra/asdb_tcrb_20241022_157.fit
2024-10-22,18:55,2460606.288,EBE,SSO-FR,14385.0,6500.0,6611.0,high,False,False,spectra/asdb_tcrb_20241022_789.fit
2024-10-23,03:09,2460606.632,JRF,MTP-US,764.0,6255.0,9587.0,low,True,True,spectra/asdb_tcrb_20241023_131.fit
2024-10-24,01:45,2460607.573,FAS,DCO-US,986.0,3750.0,7260.0,low,True,True,spectra/asdb_tcrb_20241024_073.fit
2024-10-26,01:42,2460609.571,FAS,DCO-US,989.0,3751.0,7261.0,low,True,True,spectra/asdb_tcrb_20241026_071.fit
2024-10-28,00:57,2460611.54,KSH,OAK-US,1000.0,3850.0,7250.0,low,True,True,spectra/asdb_tcrb_20241028_040.fit
2024-10-30,03:25,2460613.642,JRF,MTP-US,455.0,3700.0,7398.0,low,True,True,spectra/asdb_tcrb_20241030_142.fit
2024-10-31,03:09,2460614.632,JRF,MTP-US,456.0,3700.0,7398.0,low,True,True,spectra/asdb_tcrb_20241031_131.fit
2024-11-05,01:16,2460619.553,FAS,DCO-US,1020.0,3751.0,7261.0,low,True,True,spectra/asdb_tcrb_20241105_053.fit
2024-11-07,01:08,2460621.547,KSH,OAK-US,1000.0,3850.0,7250.0,low,True,True,spectra/asdb_tcrb_20241107_047.fit
2024-11-08,01:14,2460622.552,FAS,DCO-US,1009.0,3750.0,7261.0,low,True,True,spectra/asdb_tcrb_20241108_051.fit
2024-11-10,01:11,2460624.55,FAS,DCO-US,965.0,3800.0,7260.0,low,True,True,spectra/asdb_tcrb_20241110_049.fit
2024-11-11,01:11,2460625.55,FAS,DCO-US,949.0,3751.0,7260.0,low,True,True,spectra/asdb_tcrb_20241111_049.fit
2024-11-11,18:23,2460626.266,JGF,PIE-SP,8500.0,3779.0,9255.0,high,True,True,spectra/asdb_tcrb_20241111_766.fit
2024-11-12,01:09,2460626.548,FAS,DCO-US,950.0,3751.0,7260.0,low,True,True,spectra/asdb_tcrb_20241112_048.fit
2024-11-13,01:11,2460627.55,FAS,DCO-US,996.0,3751.0,7261.0,low,True,True,spectra/asdb_tcrb_20241113_049.fit
2024-11-14,00:54,2460628.538,KSH,OAK-US,1000.0,3850.0,7250.0,low,True,True,spectra/asdb_tcrb_20241114_037.fit
2024-11-14,01:13,2460628.551,FAS,DCO-US,975.0,3750.0,7261.0,low,True,True,spectra/asdb_tcrb_20241114_050.fit
2024-11-15,01:11,2460629.55,FAS,DCO-US,979.0,3750.0,7260.0,low,True,True,spectra/asdb_tcrb_20241115_049.fit
2024-11-16,01:04,2460630.545,FAS,DCO-US,993.0,3851.0,7261.0,low,True,True,spectra/asdb_tcrb_20241116_044.fit
2024-11-18,01:10,2460632.549,FAS,DCO-US,994.0,3850.0,7261.0,low,True,True,spectra/asdb_tcrb_20241118_049.fit
2024-11-19,00:46,2460633.532,KSH,OAK-US,1000.0,3850.0,7250.0,low,True,True,spectra/asdb_tcrb_20241119_032.fit
2024-11-19,01:07,2460633.547,FAS,DCO-US,995.0,3850.0,7261.0,low,True,True,spectra/asdb_tcrb_20241119_046.fit
2024-11-20,06:18,2460634.763,RLE,THO-UK,510.0,3850.0,7570.0,low,True,True,spectra/asdb_tcrb_20241120_262.fit
2024-11-22,05:57,2460636.748,RLE,THO-UK,519.0,3800.0,7576.0,low,True,True,spectra/asdb_tcrb_20241122_248.fit
2024-11-22,17:26,2460637.227,XDU,SRO-FR,15182.0,6500.0,6700.0,high,True,False,spectra/asdb_tcrb_20241122_726.fit
2024-11-26,00:59,2460640.541,FAS,DCO-US,983.0,3950.0,7260.0,low,True,True,spectra/asdb_tcrb_20241126_041.fit
2024-11-27,06:10,2460641.757,RLE,THO-UK,516.0,3900.0,7576.0,low,True,True,spectra/asdb_tcrb_20241127_257.fit
2024-11-28,06:29,2460642.77,RLE,THO-UK,519.0,3800.0,7576.0,low,True,True,spectra/asdb_tcrb_20241128_270.fit
2024-12-10,06:11,2460654.758,RLE,THO-UK,517.0,3800.0,7570.0,low,True,True,spectra/asdb_tcrb_20241210_258.fit
2024-12-16,06:16,2460660.762,EBE,SSO-FR,557.0,3811.0,7390.0,low,True,True,spectra/asdb_tcrb_20241216_262.fit
2024-12-17,05:44,2460661.739,FTE,SMM-SP,9000.0,3950.0,9000.0,high,True,True,spectra/asdb_tcrb_20241217_238.fit
2024-12-19,13:51,2460664.078,JRF,MTP-US,456.0,3677.0,7395.0,low,True,True,spectra/asdb_tcrb_20241219_577.fit
2024-12-20,13:51,2460665.077,JRF,MTP-US,454.0,3677.0,7395.0,low,True,True,spectra/asdb_tcrb_20241220_577.fit
2024-12-23,06:09,2460667.757,EBE,SSO-FR,553.0,3769.0,7387.0,low,True,True,spectra/asdb_tcrb_20241223_256.fit
2024-12-25,05:46,2460669.74,CDZ,ELG-SP,778.0,3956.0,7403.0,low,True,True,spectra/asdb_tcrb_20241225_241.fit
2024-12-26,05:43,2460670.739,CDZ,ELG-SP,776.0,3951.0,7402.0,low,True,True,spectra/asdb_tcrb_20241226_239.fit
2024-12-28,04:29,2460672.687,PAD,KOL-SK,1203.0,3700.0,5549.0,low,False,False,spectra/asdb_tcrb_20241228_187.fit
2024-12-28,04:59,2460672.708,PAD,KOL-SK,1952.0,4900.0,7000.0,low,True,True,spectra/asdb_tcrb_20241228_208.fit
2024-12-28,13:32,2460673.064,JRF,MTP-US,467.0,3677.0,7395.0,low,True,True,spectra/asdb_tcrb_20241228_564.fit
2024-12-31,14:07,2460676.089,JRF,MTP-US,460.0,3677.0,7397.0,low,True,True,spectra/asdb_tcrb_20241231_588.fit
2025-01-02,13:58,2460678.082,JRF,MTP-US,767.0,6250.0,9591.0,low,True,True,spectra/asdb_tcrb_20250102_582.fit
2025-01-04,05:41,2460679.737,CBO,OCT-FR,504.0,3700.0,7396.0,low,True,True,spectra/asdb_tcrb_20250104_237.fit
2025-01-04,12:45,2460680.032,FAS,DCO-US,979.0,3751.0,7261.0,low,True,True,spectra/asdb_tcrb_20250104_531.fit
2025-01-05,13:46,2460681.074,JRF,MTP-US,482.0,3666.0,7398.0,low,True,True,spectra/asdb_tcrb_20250105_573.fit
2025-01-06,13:52,2460682.078,JRF,MTP-US,475.0,3666.0,7398.0,low,True,True,spectra/asdb_tcrb_20250106_578.fit
2025-01-08,12:54,2460684.038,JRF,MTP-US,476.0,3676.0,7397.0,low,True,True,spectra/asdb_tcrb_20250108_537.fit
2025-01-09,14:00,2460685.084,JRF,MTP-US,479.0,3676.0,7397.0,low,True,True,spectra/asdb_tcrb_20250109_583.fit
2025-01-11,14:06,2460687.088,JRF,MTP-US,473.0,3676.0,7397.0,low,True,True,spectra/asdb_tcrb_20250111_587.fit
2025-01-12,05:00,2460687.708,FTE,SMM-SP,9000.0,3770.0,9165.0,high,True,True,spectra/asdb_tcrb_20250112_208.fit
2025-01-13,13:56,2460689.081,JRF,MTP-US,481.0,3676.0,7397.0,low,True,True,spectra/asdb_tcrb_20250113_580.fit
2025-01-14,05:39,2460689.736,CDZ,ELG-SP,727.0,3891.0,7402.0,low,True,True,spectra/asdb_tcrb_20250114_236.fit
2025-01-14,05:43,2460689.739,XDU,SRO-FR,15559.0,6500.0,6700.0,high,True,False,spectra/asdb_tcrb_20250114_238.fit
2025-01-15,05:40,2460690.737,CDZ,ELG-SP,762.0,3951.0,7402.0,low,True,True,spectra/asdb_tcrb_20250115_236.fit
2025-01-15,14:02,2460691.085,JRF,MTP-US,486.0,3676.0,7397.0,low,True,True,spectra/asdb_tcrb_20250115_585.fit
2025-01-17,13:55,2460693.08,JRF,MTP-US,472.0,3676.0,7397.0,low,True,True,spectra/asdb_tcrb_20250117_579.fit
2025-01-18,13:52,2460694.078,JRF,MTP-US,471.0,3681.0,7396.0,low,True,True,spectra/asdb_tcrb_20250118_578.fit
2025-01-19,05:16,2460694.72,CDZ,ELG-SP,749.0,3950.0,7402.0,low,True,True,spectra/asdb_tcrb_20250119_219.fit
2025-01-19,13:58,2460695.082,JRF,MTP-US,492.0,3695.0,7397.0,low,True,True,spectra/asdb_tcrb_20250119_582.fit
2025-01-20,13:33,2460696.065,JRF,MTP-US,482.0,3676.0,7396.0,low,True,True,spectra/asdb_tcrb_20250120_565.fit
2025-01-23,13:51,2460699.077,JRF,MTP-US,515.0,3676.0,7397.0,low,True,True,spectra/asdb_tcrb_20250123_577.fit
2025-01-24,05:24,2460699.725,CLC,ASA-FR,600.0,5500.0,7040.0,low,True,True,spectra/asdb_tcrb_20250124_225.fit
2025-01-24,13:59,2460700.083,JRF,MTP-US,519.0,3676.0,7397.0,low,True,True,spectra/asdb_tcrb_20250124_582.fit
2025-01-26,13:10,2460702.049,TDW,TBO-US,615.0,3751.0,7298.0,low,True,True,spectra/asdb_tcrb_20250126_549.fit
2025-01-29,13:38,2460705.068,JRF,MTP-US,536.0,3700.0,7398.0,low,True,True,spectra/asdb_tcrb_20250129_568.fit
2025-01-30,13:49,2460706.076,JRF,MTP-US,489.0,3701.0,7395.0,low,True,True,spectra/asdb_tcrb_20250130_576.fit
2025-01-31,04:47,2460706.7,XDU,SRO-FR,15313.0,6500.0,6700.0,high,True,False,spectra/asdb_tcrb_20250131_199.fit
2025-01-31,13:47,2460707.075,JRF,MTP-US,481.0,3700.0,7397.0,low,True,True,spectra/asdb_tcrb_20250131_574.fit
2025-02-02,04:48,2460708.7,CBO,OCT-FR,505.0,3700.0,7396.0,low,True,True,spectra/asdb_tcrb_20250202_200.fit
2025-02-02,14:10,2460709.091,JRF,MTP-US,469.0,3700.0,7396.0,low,True,True,spectra/asdb_tcrb_20250202_590.fit
2025-02-03,04:53,2460709.704,CLC,ASA-FR,600.0,3950.0,5600.0,low,False,False,spectra/asdb_tcrb_20250203_203.fit
2025-02-03,13:37,2460710.068,JRF,MTP-US,474.0,3700.0,7396.0,low,True,True,spectra/asdb_tcrb_20250203_567.fit
2025-02-06,04:45,2460712.698,CDZ,ELG-SP,761.0,3860.0,7403.0,low,True,True,spectra/asdb_tcrb_20250206_197.fit
2025-02-07,01:42,2460713.571,RLE,THO-UK,13593.0,6481.0,6635.0,high,True,False,spectra/asdb_tcrb_20250207_071.fit
2025-02-10,13:49,2460717.076,JRF,MTP-US,477.0,3700.0,7396.0,low,True,True,spectra/asdb_tcrb_20250210_576.fit
2025-02-11,13:31,2460718.064,JRF,MTP-US,476.0,3701.0,7397.0,low,True,True,spectra/asdb_tcrb_20250211_563.fit
2025-02-12,03:13,2460718.634,PAD,KOL-SK,1489.0,3700.0,5500.0,low,False,False,spectra/asdb_tcrb_20250212_134.fit
2025-02-12,04:23,2460718.683,PAD,KOL-SK,1569.0,4900.0,7000.0,low,True,True,spectra/asdb_tcrb_20250212_183.fit
2025-02-15,03:15,2460721.636,XDU,SRO-FR,15182.0,6500.0,6700.0,high,True,False,spectra/asdb_tcrb_20250215_135.fit
2025-02-16,00:50,2460722.535,ALE,NSH-FR,1000.0,3800.0,7350.0,low,True,True,spectra/asdb_tcrb_20250216_035.fit
2025-02-16,03:29,2460722.646,XDU,SRO-FR,15217.0,6500.0,6700.0,high,True,False,spectra/asdb_tcrb_20250216_145.fit
2025-02-17,03:26,2460723.644,PAD,KOL-SK,2033.0,4900.0,7000.0,mid,True,True,spectra/asdb_tcrb_20250217_143.fit
2025-02-17,13:30,2460724.063,JRF,MTP-US,470.0,3680.0,7397.0,low,True,True,spectra/asdb_tcrb_20250217_562.fit
2025-02-18,03:44,2460724.656,XDU,SRO-FR,15210.0,6500.0,6700.0,high,True,False,spectra/asdb_tcrb_20250218_155.fit
2025-02-19,13:32,2460726.064,JRF,MTP-US,473.0,3680.0,7396.0,low,True,True,spectra/asdb_tcrb_20250219_564.fit
2025-02-21,00:27,2460727.519,ALE,NSH-FR,703.0,3800.0,7350.0,low,True,True,spectra/asdb_tcrb_20250221_019.fit
2025-02-21,03:08,2460727.631,XDU,SRO-FR,15319.0,6500.0,6700.0,high,True,False,spectra/asdb_tcrb_20250221_130.fit
2025-02-22,00:53,2460728.537,PAD,KOL-SK,1008.0,3700.0,5540.0,low,False,False,spectra/asdb_tcrb_20250222_037.fit
2025-02-22,02:54,2460728.621,PAD,KOL-SK,1649.0,5100.0,7200.0,low,True,True,spectra/asdb_tcrb_20250222_121.fit
2025-02-22,13:49,2460729.076,JRF,MTP-US,492.0,3681.0,7398.0,low,True,True,spectra/asdb_tcrb_20250222_576.fit
2025-02-23,00:56,2460729.539,RLE,THO-UK,14179.0,6481.0,6635.0,high,True,False,spectra/asdb_tcrb_20250223_039.fit
2025-02-23,02:30,2460729.605,XDU,SRO-FR,15335.0,6500.0,6700.0,high,True,False,spectra/asdb_tcrb_20250223_104.fit
2025-02-23,03:21,2460729.64,EBE,SSO-FR,563.0,3823.0,7384.0,low,True,True,spectra/asdb_tcrb_20250223_139.fit
2025-02-23,04:37,2460729.693,CBO,OCT-FR,513.0,3700.0,7396.0,low,True,True,spectra/asdb_tcrb_20250223_192.fit
2025-02-24,07:59,2460730.833,KSH,OAK-US,1000.0,3950.0,7250.0,low,True,True,spectra/asdb_tcrb_20250224_333.fit
2025-02-25,02:46,2460731.615,RLE,THO-UK,14444.0,6481.0,6635.0,high,True,False,spectra/asdb_tcrb_20250225_115.fit
2025-02-25,12:12,2460732.009,JRF,MTP-US,12583.0,6486.0,6642.0,high,True,False,spectra/asdb_tcrb_20250225_508.fit
2025-02-25,13:37,2460732.068,JRF,MTP-US,471.0,3681.0,7398.0,low,True,True,spectra/asdb_tcrb_20250225_567.fit
2025-02-26,02:39,2460732.611,XDU,SRO-FR,15375.0,6500.0,6700.0,high,True,False,spectra/asdb_tcrb_20250226_110.fit
2025-02-26,11:33,2460732.982,JRF,MTP-US,12257.0,6487.0,6642.0,high,True,False,spectra/asdb_tcrb_20250226_481.fit
2025-02-26,13:23,2460733.058,JRF,MTP-US,484.0,3680.0,7399.0,low,True,True,spectra/asdb_tcrb_20250226_558.fit
2025-02-27,03:29,2460733.646,XDU,SRO-FR,15188.0,6500.0,6700.0,high,True,False,spectra/asdb_tcrb_20250227_145.fit
2025-02-28,11:52,2460734.995,JRF,MTP-US,475.0,3682.0,7399.0,low,True,True,spectra/asdb_tcrb_20250228_494.fit
2025-02-28,12:17,2460735.012,JRF,MTP-US,10791.0,6487.0,6639.0,high,True,False,spectra/asdb_tcrb_20250228_512.fit
2025-03-01,02:22,2460735.599,XDU,SRO-FR,7500.0,4520.0,5020.0,high,False,False,spectra/asdb_tcrb_20250301_099.fit
2025-03-01,02:46,2460735.615,EBE,SSO-FR,550.0,3776.0,7397.0,low,True,True,spectra/asdb_tcrb_20250301_115.fit
2025-03-01,04:11,2460735.675,XDU,SRO-FR,15223.0,6500.0,6700.0,high,True,False,spectra/asdb_tcrb_20250301_174.fit
2025-03-01,09:06,2460735.879,TDW,TBO-US,614.0,3750.0,7298.0,low,True,True,spectra/asdb_tcrb_20250301_379.fit
2025-03-02,01:40,2460736.57,XDU,SRO-FR,15431.0,6500.0,6700.0,high,True,False,spectra/asdb_tcrb_20250302_069.fit
2025-03-02,03:54,2460736.663,XDU,SRO-FR,7500.0,4520.0,5020.0,high,False,False,spectra/asdb_tcrb_20250302_162.fit
2025-03-02,04:09,2460736.673,CBO,OCT-FR,517.0,3700.0,7396.0,low,True,True,spectra/asdb_tcrb_20250302_173.fit
2025-03-02,10:44,2460736.948,JRF,MTP-US,494.0,3680.0,7392.0,low,True,True,spectra/asdb_tcrb_20250302_447.fit
2025-03-02,12:00,2460737.0,JRF,MTP-US,12861.0,6487.0,6640.0,high,True,False,spectra/asdb_tcrb_20250302_500.fit
2025-03-03,02:26,2460737.602,EBE,SSO-FR,557.0,3781.0,7402.0,low,True,True,spectra/asdb_tcrb_20250303_101.fit
2025-03-04,02:43,2460738.614,CLC,ASA-FR,600.0,5500.0,7000.0,low,True,True,spectra/asdb_tcrb_20250304_113.fit
2025-03-04,04:10,2460738.674,CLC,ASA-FR,600.0,3900.0,5600.0,low,False,False,spectra/asdb_tcrb_20250304_174.fit
2025-03-04,12:06,2460739.004,JRF,MTP-US,13484.0,6485.0,6641.0,high,True,False,spectra/asdb_tcrb_20250304_504.fit
2025-03-04,12:45,2460739.032,JRF,MTP-US,496.0,3680.0,7392.0,low,True,True,spectra/asdb_tcrb_20250304_531.fit
2025-03-05,03:26,2460739.643,XDU,SRO-FR,7500.0,4520.0,5020.0,high,False,False,spectra/asdb_tcrb_20250305_143.fit
2025-03-08,00:01,2460742.501,PAD,KOL-SK,1494.0,3750.0,5500.0,low,False,False,spectra/asdb_tcrb_20250308_001.fit
2025-03-08,13:25,2460743.06,JRF,MTP-US,501.0,3681.0,7398.0,low,True,True,spectra/asdb_tcrb_20250308_559.fit
2025-03-08,23:42,2460743.488,PAD,KOL-SK,1337.0,3700.0,5500.0,low,False,False,spectra/asdb_tcrb_20250308_987.fit
2025-03-09,01:22,2460743.557,PAD,KOL-SK,2057.0,5100.0,7200.0,mid,True,True,spectra/asdb_tcrb_20250309_057.fit
2025-03-09,01:26,2460743.56,PAD,KOL-SK,10700.0,4300.0,7400.0,high,True,True,spectra/asdb_tcrb_20250309_060.fit
2025-03-09,03:17,2460743.637,CBO,OCT-FR,511.0,3700.0,7396.0,low,True,True,spectra/asdb_tcrb_20250309_136.fit
2025-03-09,04:12,2460743.675,GSTD,ERB-DE,539.0,3700.0,7500.0,low,True,True,spectra/asdb_tcrb_20250309_175.fit
2025-03-09,12:35,2460744.025,JRF,MTP-US,499.0,3681.0,7397.0,low,True,True,spectra/asdb_tcrb_20250309_524.fit
2025-03-10,12:22,2460745.015,JRF,MTP-US,494.0,3680.0,7394.0,low,True,True,spectra/asdb_tcrb_20250310_515.fit
2025-03-11,02:45,2460745.615,XDU,SRO-FR,15380.0,6500.0,6700.0,high,True,False,spectra/asdb_tcrb_20250311_114.fit
2025-03-14,00:17,2460748.512,EBE,SSO-FR,552.0,3790.0,7390.0,low,True,True,spectra/asdb_tcrb_20250314_012.fit
2025-03-14,02:20,2460748.598,EBE,SSO-FR,14622.0,6501.0,6611.0,high,False,False,spectra/asdb_tcrb_20250314_097.fit
2025-03-14,03:29,2460748.646,XDU,SRO-FR,7500.0,4520.0,5020.0,high,False,False,spectra/asdb_tcrb_20250314_145.fit
2025-03-15,01:36,2460749.567,EBE,SSO-FR,559.0,3793.0,7406.0,low,True,True,spectra/asdb_tcrb_20250315_068.fit
2025-03-15,01:47,2460749.575,RLE,THO-UK,940.0,3840.0,7516.0,low,True,True,spectra/asdb_tcrb_20250315_074.fit
2025-03-16,00:06,2460750.504,RLE,THO-UK,12995.0,6481.0,6635.0,high,True,False,spectra/asdb_tcrb_20250316_004.fit
2025-03-16,13:13,2460751.051,JRF,MTP-US,523.0,3681.0,7402.0,low,True,True,spectra/asdb_tcrb_20250316_550.fit
2025-03-17,01:51,2460751.577,PAD,KOL-SK,11000.0,4400.0,7400.0,high,True,True,spectra/asdb_tcrb_20250317_077.fit
2025-03-17,02:01,2460751.584,PAD,KOL-SK,1583.0,3700.0,5549.0,low,False,False,spectra/asdb_tcrb_20250317_084.fit
2025-03-17,23:42,2460752.487,RLE,THO-UK,518.0,3800.0,7570.0,low,True,True,spectra/asdb_tcrb_20250317_987.fit
2025-03-18,01:36,2460752.567,EBE,SSO-FR,552.0,3812.0,7402.0,low,True,True,spectra/asdb_tcrb_20250318_066.fit
2025-03-18,01:54,2460752.58,XDU,SRO-FR,7500.0,4520.0,5020.0,high,False,False,spectra/asdb_tcrb_20250318_079.fit
2025-03-18,03:35,2460752.649,XDU,SRO-FR,15421.0,6500.0,6700.0,high,True,False,spectra/asdb_tcrb_20250318_149.fit
2025-03-19,05:20,2460753.723,JBD,OSJ-CA,550.0,3800.0,7407.0,low,True,True,spectra/asdb_tcrb_20250319_222.fit
2025-03-19,11:41,2460753.987,JRF,MTP-US,12784.0,6484.0,6638.0,high,True,False,spectra/asdb_tcrb_20250319_486.fit
2025-03-19,12:06,2460754.005,JRF,MTP-US,410.0,3681.0,7401.0,low,True,True,spectra/asdb_tcrb_20250319_504.fit
2025-03-20,02:39,2460754.611,SARO,PRO-IT,1429.0,6000.0,7200.0,low,True,True,spectra/asdb_tcrb_20250320_110.fit
2025-03-20,02:51,2460754.619,SARO,PRO-IT,1000.0,3800.0,7655.0,low,True,True,spectra/asdb_tcrb_20250320_119.fit
2025-03-20,23:22,2460755.474,PAD,KOL-SK,1248.0,3600.0,5700.0,low,False,False,spectra/asdb_tcrb_20250320_974.fit
2025-03-21,12:06,2460756.005,JRF,MTP-US,14616.0,6483.0,6637.0,high,True,False,spectra/asdb_tcrb_20250321_504.fit
2025-03-21,13:10,2460756.049,JRF,MTP-US,532.0,3681.0,7401.0,low,True,True,spectra/asdb_tcrb_20250321_549.fit
2025-03-21,23:02,2460756.46,PAD,KOL-SK,1946.0,3700.0,5699.0,low,False,False,spectra/asdb_tcrb_20250321_960.fit
2025-03-22,11:43,2460756.989,JRF,MTP-US,14909.0,6481.0,6635.0,high,True,False,spectra/asdb_tcrb_20250322_488.fit
2025-03-22,12:40,2460757.028,JRF,MTP-US,540.0,3681.0,7401.0,low,True,True,spectra/asdb_tcrb_20250322_528.fit
2025-03-23,12:30,2460758.021,JRF,MTP-US,531.0,3681.0,7398.0,low,True,True,spectra/asdb_tcrb_20250323_521.fit
2025-03-24,12:43,2460759.03,JRF,MTP-US,482.0,3681.0,7401.0,low,True,True,spectra/asdb_tcrb_20250324_530.fit
2025-03-25,00:40,2460759.528,EBE,SSO-FR,14525.0,6500.0,6688.0,high,True,False,spectra/asdb_tcrb_20250325_029.fit
2025-03-25,06:54,2460759.788,KSH,OAK-US,1000.0,3850.0,7250.0,low,True,True,spectra/asdb_tcrb_20250325_288.fit
2025-03-26,01:19,2460760.555,CLC,ASA-FR,600.0,3700.0,5398.0,low,False,False,spectra/asdb_tcrb_20250326_055.fit
2025-03-26,11:48,2460760.992,JRF,MTP-US,801.0,6262.0,9592.0,low,True,True,spectra/asdb_tcrb_20250326_491.fit
2025-03-27,01:29,2460761.562,XDU,SRO-FR,15044.0,6500.0,6700.0,high,True,False,spectra/asdb_tcrb_20250327_061.fit
2025-03-27,02:53,2460761.62,SARO,PRO-IT,1000.0,3800.0,7501.0,low,True,True,spectra/asdb_tcrb_20250327_121.fit
2025-03-27,02:56,2460761.623,FTE,SMM-SP,9000.0,3900.0,8600.0,high,True,True,spectra/asdb_tcrb_20250327_122.fit
2025-03-27,03:27,2460761.644,XDU,SRO-FR,7500.0,4520.0,5020.0,high,False,False,spectra/asdb_tcrb_20250327_143.fit
2025-03-27,23:26,2460762.477,PAD,KOL-SK,1541.0,3750.0,5699.0,low,False,False,spectra/asdb_tcrb_20250327_976.fit
2025-03-28,23:58,2460763.499,SARO,PRO-IT,1000.0,4000.0,7400.0,low,True,True,spectra/asdb_tcrb_20250328_1000.fit
2025-03-29,01:50,2460763.577,CLC,ASA-FR,600.0,3700.0,5398.0,low,False,False,spectra/asdb_tcrb_20250329_077.fit
2025-03-29,02:04,2460763.587,XDU,SRO-FR,15337.0,6500.0,6700.0,high,True,False,spectra/asdb_tcrb_20250329_086.fit
2025-03-29,04:24,2460763.684,JDH,IUSB-US,520.0,3800.0,7401.0,low,True,True,spectra/asdb_tcrb_20250329_183.fit
2025-03-29,10:02,2460763.918,TDW,TBO-US,587.0,3750.0,7301.0,low,True,True,spectra/asdb_tcrb_20250329_419.fit
2025-03-29,23:45,2460764.49,EBE,SSO-FR,569.0,3707.0,7391.0,low,True,True,spectra/asdb_tcrb_20250329_989.fit
2025-03-31,00:35,2460765.525,IBR,HVR-FR,635.0,3231.0,6085.0,low,False,False,spectra/asdb_tcrb_20250331_024.fit
2025-03-31,00:35,2460765.525,SARO,PRO-IT,1000.0,4000.0,8000.0,low,True,True,spectra/asdb_tcrb_20250331_025.fit
2025-03-31,02:02,2460765.585,XDU,SRO-FR,7500.0,4520.0,5020.0,high,False,False,spectra/asdb_tcrb_20250331_084.fit
2025-04-03,11:07,2460768.964,TDW,TBO-US,588.0,3750.0,7302.0,low,True,True,spectra/asdb_tcrb_20250403_464.fit
2025-04-05,11:24,2460770.975,JRF,MTP-US,461.0,3681.0,7398.0,low,True,True,spectra/asdb_tcrb_20250405_475.fit
2025-04-05,23:02,2460771.46,EBE,SSO-FR,569.0,3790.0,7403.0,low,True,True,spectra/asdb_tcrb_20250405_959.fit
2025-04-06,01:53,2460771.579,GSTD,ERB-DE,509.0,3700.0,7500.0,low,True,True,spectra/asdb_tcrb_20250406_078.fit
2025-04-06,02:52,2460771.62,XDU,SRO-FR,15538.0,6500.0,6700.0,high,True,False,spectra/asdb_tcrb_20250406_119.fit
2025-04-06,11:37,2460771.985,JRF,MTP-US,481.0,3681.0,7396.0,low,True,True,spectra/asdb_tcrb_20250406_484.fit
2025-04-06,23:55,2460772.497,RLE,THO-UK,14857.0,6486.0,6635.0,high,True,False,spectra/asdb_tcrb_20250406_997.fit
2025-04-07,03:32,2460772.648,XDU,SRO-FR,7500.0,4520.0,5020.0,high,False,False,spectra/asdb_tcrb_20250407_147.fit
2025-04-07,12:41,2460773.029,JRF,MTP-US,479.0,3681.0,7397.0,low,True,True,spectra/asdb_tcrb_20250407_529.fit
2025-04-07,22:55,2460773.455,FTE,SMM-SP,9000.0,4000.0,8000.0,high,True,True,spectra/asdb_tcrb_20250407_955.fit
2025-04-08,00:47,2460773.533,CDZ,ELG-SP,600.0,3615.0,7571.0,low,True,True,spectra/asdb_tcrb_20250408_034.fit
2025-04-08,01:22,2460773.558,IBR,HVR-FR,601.0,3415.0,6075.0,low,False,False,spectra/asdb_tcrb_20250408_057.fit
2025-04-08,05:53,2460773.746,KSH,OAK-US,1000.0,3850.0,7250.0,low,True,True,spectra/asdb_tcrb_20250408_246.fit
2025-04-08,10:43,2460773.947,JRF,MTP-US,468.0,3681.0,7399.0,low,True,True,spectra/asdb_tcrb_20250408_446.fit
2025-04-09,00:22,2460774.516,IBR,HVR-FR,617.0,3314.0,6073.0,low,False,False,spectra/asdb_tcrb_20250409_016.fit
2025-04-09,07:01,2460774.793,FAS,DCO-US,913.0,3751.0,7261.0,low,True,True,spectra/asdb_tcrb_20250409_293.fit
2025-04-09,11:10,2460774.966,JRF,MTP-US,458.0,3686.0,7397.0,low,True,True,spectra/asdb_tcrb_20250409_465.fit
2025-04-10,00:45,2460775.532,CDZ,ELG-SP,1400.0,3600.0,7201.0,low,True,True,spectra/asdb_tcrb_20250410_032.fit
2025-04-10,10:45,2460775.948,JRF,MTP-US,465.0,3681.0,7396.0,low,True,True,spectra/asdb_tcrb_20250410_448.fit
2025-04-11,11:11,2460776.966,JRF,MTP-US,473.0,3681.0,7398.0,low,True,True,spectra/asdb_tcrb_20250411_466.fit
2025-04-13,08:15,2460778.844,TDW,TBO-US,590.0,3750.0,7301.0,low,True,True,spectra/asdb_tcrb_20250413_345.fit
2025-04-13,10:31,2460778.939,JRF,MTP-US,476.0,3680.0,7398.0,low,True,True,spectra/asdb_tcrb_20250413_438.fit
2025-04-14,11:08,2460779.964,JRF,MTP-US,484.0,3701.0,7398.0,low,True,True,spectra/asdb_tcrb_20250414_464.fit
2025-04-14,11:13,2460779.968,JRF,MTP-US,13148.0,6486.0,6637.0,high,True,False,spectra/asdb_tcrb_20250414_467.fit
2025-04-16,08:50,2460781.868,TDW,TBO-US,586.0,3750.0,7302.0,low,True,True,spectra/asdb_tcrb_20250416_368.fit
2025-04-17,02:27,2460782.602,XDU,SRO-FR,14480.0,6500.0,6700.0,high,True,False,spectra/asdb_tcrb_20250417_102.fit
2025-04-17,22:12,2460783.426,FTE,SMM-SP,9000.0,4000.0,7500.0,high,True,True,spectra/asdb_tcrb_20250417_926.fit
2025-04-18,01:53,2460783.579,XDU,SRO-FR,15541.0,6500.0,6700.0,high,True,False,spectra/asdb_tcrb_20250418_078.fit
2025-04-19,10:32,2460784.939,JRF,MTP-US,471.0,3680.0,7400.0,low,True,True,spectra/asdb_tcrb_20250419_439.fit
2025-04-20,06:04,2460785.753,FAS,DCO-US,976.0,3751.0,7260.0,low,True,True,spectra/asdb_tcrb_20250420_252.fit
2025-04-20,11:15,2460785.969,JRF,MTP-US,474.0,3700.0,7401.0,low,True,True,spectra/asdb_tcrb_20250420_469.fit
2025-04-21,05:58,2460786.749,FAS,DCO-US,1022.0,3875.0,7261.0,low,True,True,spectra/asdb_tcrb_20250421_248.fit
2025-04-21,10:46,2460786.949,JRF,MTP-US,14910.0,6483.0,6637.0,high,True,False,spectra/asdb_tcrb_20250421_449.fit
2025-04-22,10:50,2460787.952,JRF,MTP-US,14867.0,6483.0,6636.0,high,True,False,spectra/asdb_tcrb_20250422_451.fit
2025-04-23,09:14,2460788.885,TDW,TBO-US,593.0,3750.0,7302.0,low,True,True,spectra/asdb_tcrb_20250423_384.fit
2025-04-23,22:15,2460789.427,FTE,SMM-SP,9000.0,3900.0,8600.0,high,True,True,spectra/asdb_tcrb_20250423_927.fit
2025-04-23,23:29,2460789.479,RLE,THO-UK,14862.0,6487.0,6635.0,high,True,False,spectra/asdb_tcrb_20250423_979.fit
2025-04-24,11:00,2460789.959,JRF,MTP-US,14746.0,6483.0,6636.0,high,True,False,spectra/asdb_tcrb_20250424_458.fit
2025-04-24,22:55,2460790.455,DBO,WCO-UK,1102.0,3900.0,7381.0,low,True,True,spectra/asdb_tcrb_20250424_956.fit
2025-04-25,05:52,2460790.745,FAS,DCO-US,997.0,3750.0,7261.0,low,True,True,spectra/asdb_tcrb_20250425_245.fit
2025-04-25,20:46,2460791.366,ALE,NSH-FR,792.0,3800.0,7350.0,low,True,True,spectra/asdb_tcrb_20250425_865.fit
2025-04-27,02:00,2460792.584,CDZ,ELG-SP,1009.0,3843.0,7324.0,low,True,True,spectra/asdb_tcrb_20250427_083.fit
2025-04-27,23:34,2460793.482,CDZ,ELG-SP,1115.0,3800.0,7339.0,low,True,True,spectra/asdb_tcrb_20250427_982.fit
2025-04-28,20:50,2460794.368,ALE,NSH-FR,570.0,3800.0,7350.0,low,True,True,spectra/asdb_tcrb_20250428_868.fit
2025-04-28,22:38,2460794.443,EBE,SSO-FR,559.0,3666.0,7403.0,low,True,True,spectra/asdb_tcrb_20250428_943.fit
2025-04-29,10:54,2460794.954,JRF,MTP-US,14838.0,6483.0,6637.0,high,True,False,spectra/asdb_tcrb_20250429_454.fit
2025-04-29,21:11,2460795.383,DBO,WCO-UK,10383.0,6260.0,6700.0,high,True,True,spectra/asdb_tcrb_20250429_882.fit
2025-04-29,23:02,2460795.46,EBE,SSO-FR,568.0,3684.0,7403.0,low,True,True,spectra/asdb_tcrb_20250429_960.fit
2025-04-29,23:19,2460795.472,PLO,PIS-FR,13819.0,6457.0,6796.0,high,True,False,spectra/asdb_tcrb_20250429_972.fit
2025-04-29,23:57,2460795.498,CDZ,ELG-SP,3631.0,6064.0,7074.0,mid,True,True,spectra/asdb_tcrb_20250429_998.fit
2025-04-30,10:49,2460795.951,JRF,MTP-US,14232.0,6489.0,6637.0,high,True,False,spectra/asdb_tcrb_20250430_450.fit
2025-04-30,20:36,2460796.359,ALE,NSH-FR,836.0,3800.0,7350.0,low,True,True,spectra/asdb_tcrb_20250430_858.fit
2025-04-30,21:48,2460796.409,EBE,SSO-FR,574.0,3684.0,7403.0,low,True,True,spectra/asdb_tcrb_20250430_908.fit
2025-04-30,23:09,2460796.465,IBR,HVR-FR,764.0,3295.0,6081.0,low,False,False,spectra/asdb_tcrb_20250430_965.fit
2025-05-01,00:38,2460796.527,CBO,OCT-FR,513.0,3700.0,7396.0,low,True,True,spectra/asdb_tcrb_20250501_026.fit
2025-05-01,07:25,2460796.809,TDW,TBO-US,590.0,3750.0,7302.0,low,True,True,spectra/asdb_tcrb_20250501_309.fit
2025-05-01,20:24,2460797.35,ALE,NSH-FR,773.0,3800.0,7350.0,low,True,True,spectra/asdb_tcrb_20250501_850.fit
2025-05-02,23:11,2460798.466,RLE,THO-UK,14210.0,6533.0,6688.0,high,False,False,spectra/asdb_tcrb_20250502_966.fit
2025-05-03,20:28,2460799.353,ALE,NSH-FR,863.0,3800.0,7350.0,low,True,True,spectra/asdb_tcrb_20250503_853.fit
2025-05-03,21:18,2460799.388,DBO,WCO-UK,10491.0,6260.0,6700.0,high,True,True,spectra/asdb_tcrb_20250503_888.fit
2025-05-04,04:27,2460799.686,KSH,OAK-US,1000.0,3850.0,7250.0,low,True,True,spectra/asdb_tcrb_20250504_185.fit
2025-05-05,21:27,2460801.394,DBO,WCO-UK,1165.0,3900.0,7381.0,low,True,True,spectra/asdb_tcrb_20250505_894.fit
2025-05-06,10:23,2460801.933,JRF,MTP-US,13374.0,6487.0,6637.0,high,True,False,spectra/asdb_tcrb_20250506_433.fit
2025-05-07,09:12,2460802.883,JRF,MTP-US,496.0,3681.0,7397.0,low,True,True,spectra/asdb_tcrb_20250507_383.fit
2025-05-08,05:22,2460803.724,FAS,DCO-US,1005.0,3751.0,7261.0,low,True,True,spectra/asdb_tcrb_20250508_223.fit
2025-05-08,09:16,2460803.887,JRF,MTP-US,476.0,3691.0,7395.0,low,True,True,spectra/asdb_tcrb_20250508_386.fit
2025-05-08,10:41,2460803.946,JRF,MTP-US,13742.0,6487.0,6636.0,high,True,False,spectra/asdb_tcrb_20250508_445.fit
2025-05-08,22:11,2460804.425,RLE,THO-UK,5238.0,8439.0,8873.0,mid,False,False,spectra/asdb_tcrb_20250508_924.fit
2025-05-09,00:15,2460804.511,RLE,THO-UK,3100.0,4032.0,4524.0,mid,False,False,spectra/asdb_tcrb_20250509_010.fit
2025-05-09,05:48,2460804.742,FAS,DCO-US,1017.0,3682.0,7271.0,low,True,True,spectra/asdb_tcrb_20250509_241.fit
2025-05-09,10:14,2460804.927,JRF,MTP-US,503.0,3681.0,7397.0,low,True,True,spectra/asdb_tcrb_20250509_426.fit
2025-05-09,10:40,2460804.945,JRF,MTP-US,13490.0,6486.0,6640.0,high,True,False,spectra/asdb_tcrb_20250509_445.fit
2025-05-10,09:10,2460805.882,JRF,MTP-US,519.0,3681.0,7397.0,low,True,True,spectra/asdb_tcrb_20250510_382.fit
2025-05-10,10:25,2460805.934,JRF,MTP-US,12655.0,6483.0,6637.0,high,True,False,spectra/asdb_tcrb_20250510_434.fit
2025-05-10,22:42,2460806.446,DBO,WCO-UK,10414.0,6260.0,6700.0,high,True,True,spectra/asdb_tcrb_20250510_946.fit
2025-05-10,23:33,2460806.482,CBO,OCT-FR,518.0,3700.0,7396.0,low,True,True,spectra/asdb_tcrb_20250510_981.fit
2025-05-12,03:53,2460807.662,KSH,OAK-US,1000.0,3850.0,7250.0,low,True,True,spectra/asdb_tcrb_20250512_162.fit
2025-05-12,09:07,2460807.88,JRF,MTP-US,514.0,3682.0,7398.0,low,True,True,spectra/asdb_tcrb_20250512_379.fit
2025-05-12,10:43,2460807.947,JRF,MTP-US,13782.0,6486.0,6639.0,high,True,False,spectra/asdb_tcrb_20250512_446.fit
2025-05-12,22:06,2460808.421,RLE,THO-UK,5219.0,6390.0,6859.0,mid,True,True,spectra/asdb_tcrb_20250512_921.fit
2025-05-13,22:00,2460809.417,DBO,WCO-UK,10509.0,6260.0,6700.0,high,True,True,spectra/asdb_tcrb_20250513_916.fit
2025-05-13,23:01,2460809.459,RLE,THO-UK,5266.0,6235.0,6709.0,mid,True,True,spectra/asdb_tcrb_20250513_959.fit
2025-05-14,21:56,2460810.414,EBE,SSO-FR,15102.0,6501.0,6689.0,high,False,False,spectra/asdb_tcrb_20250514_915.fit
2025-05-14,22:07,2460810.422,RLE,THO-UK,4072.0,4780.0,5272.0,mid,False,False,spectra/asdb_tcrb_20250514_922.fit
2025-05-15,10:57,2460810.957,JRF,MTP-US,14004.0,6487.0,6640.0,high,True,False,spectra/asdb_tcrb_20250515_456.fit
2025-05-15,21:14,2460811.385,GBE,LAM-FR,750.0,3600.0,7149.0,low,True,True,spectra/asdb_tcrb_20250515_885.fit
2025-05-15,21:15,2460811.386,EBE,SSO-FR,14936.0,6501.0,6689.0,high,False,False,spectra/asdb_tcrb_20250515_885.fit
2025-05-16,10:24,2460811.934,JRF,MTP-US,14933.0,6487.0,6637.0,high,True,False,spectra/asdb_tcrb_20250516_433.fit
2025-05-16,22:16,2460812.428,DBO,WCO-UK,8571.0,6260.0,6700.0,high,True,True,spectra/asdb_tcrb_20250516_927.fit
2025-05-16,22:58,2460812.457,CBO,OCT-FR,519.0,3700.0,7396.0,low,True,True,spectra/asdb_tcrb_20250516_957.fit
2025-05-17,21:41,2460813.404,EBE,SSO-FR,14790.0,6501.0,6688.0,high,False,False,spectra/asdb_tcrb_20250517_903.fit
2025-05-17,22:17,2460813.429,RLE,THO-UK,5185.0,6235.0,6708.0,mid,True,True,spectra/asdb_tcrb_20250517_929.fit
2025-05-18,21:52,2460814.411,CDZ,ELG-SP,1439.0,4859.0,6933.0,low,True,True,spectra/asdb_tcrb_20250518_911.fit
2025-05-18,22:09,2460814.424,RLE,THO-UK,5070.0,6235.0,6708.0,mid,True,True,spectra/asdb_tcrb_20250518_923.fit
2025-05-19,03:07,2460814.63,JDH,IUSB-US,523.0,3751.0,7400.0,low,True,True,spectra/asdb_tcrb_20250519_130.fit
2025-05-19,10:10,2460814.924,JRF,MTP-US,12966.0,6483.0,6637.0,high,True,False,spectra/asdb_tcrb_20250519_424.fit
2025-05-21,03:19,2460816.639,KSH,OAK-US,1000.0,3850.0,7250.0,low,True,True,spectra/asdb_tcrb_20250521_138.fit
2025-05-21,10:07,2460816.922,JRF,MTP-US,14154.0,6483.0,6637.0,high,True,False,spectra/asdb_tcrb_20250521_421.fit
2025-05-22,10:16,2460817.928,JRF,MTP-US,13361.0,6484.0,6638.0,high,True,False,spectra/asdb_tcrb_20250522_428.fit
2025-05-22,21:29,2460818.396,EBE,SSO-FR,561.0,3736.0,7403.0,low,True,True,spectra/asdb_tcrb_20250522_896.fit
2025-05-22,21:38,2460818.402,FTE,SMM-SP,9000.0,3850.0,8600.0,high,True,True,spectra/asdb_tcrb_20250522_901.fit
2025-05-23,21:37,2460819.401,SARO,PRO-IT,1030.0,3800.0,7501.0,low,True,True,spectra/asdb_tcrb_20250523_901.fit
2025-05-24,04:32,2460819.689,FAS,DCO-US,1013.0,3750.0,7260.0,low,True,True,spectra/asdb_tcrb_20250524_189.fit
2025-05-25,10:13,2460820.926,JRF,MTP-US,13051.0,6487.0,6641.0,high,True,False,spectra/asdb_tcrb_20250525_426.fit
2025-05-26,10:24,2460821.933,JRF,MTP-US,12706.0,6485.0,6638.0,high,True,False,spectra/asdb_tcrb_20250526_433.fit
2025-05-28,09:15,2460823.886,TDW,TBO-US,741.0,3751.0,7302.0,low,True,True,spectra/asdb_tcrb_20250528_385.fit
2025-05-29,21:37,2460825.401,FTE,SMM-SP,9000.0,3900.0,7800.0,high,True,True,spectra/asdb_tcrb_20250529_902.fit
2025-05-29,21:37,2460825.401,EBE,SSO-FR,14970.0,6500.0,6687.0,high,True,False,spectra/asdb_tcrb_20250529_900.fit
2025-06-01,21:59,2460828.416,DBO,WCO-UK,11134.0,6260.0,6700.0,high,True,True,spectra/asdb_tcrb_20250601_916.fit
2025-06-02,03:43,2460828.655,JDH,IUSB-US,523.0,3750.0,7401.0,low,True,True,spectra/asdb_tcrb_20250602_155.fit
2025-06-04,04:29,2460830.687,FAS,DCO-US,978.0,3751.0,7261.0,low,True,True,spectra/asdb_tcrb_20250604_187.fit
2025-06-06,04:18,2460832.679,FAS,DCO-US,1001.0,3750.0,7260.0,low,True,True,spectra/asdb_tcrb_20250606_179.fit
2025-06-08,21:43,2460835.405,JGF,SMM-SP,9000.0,3787.0,9400.0,high,True,True,spectra/asdb_tcrb_20250608_904.fit
2025-06-08,23:56,2460835.498,SARO,PRO-IT,891.0,3800.0,8001.0,low,True,True,spectra/asdb_tcrb_20250608_997.fit
2025-06-09,10:10,2460835.924,TDW,TBO-US,888.0,3751.0,7302.0,low,True,True,spectra/asdb_tcrb_20250609_423.fit
2025-06-10,04:37,2460836.693,FAS,DCO-US,983.0,3751.0,7261.0,low,True,True,spectra/asdb_tcrb_20250610_192.fit
2025-06-10,21:25,2460837.393,EBE,SSO-FR,480.0,3848.0,7527.0,low,True,True,spectra/asdb_tcrb_20250610_893.fit
2025-06-11,23:44,2460838.489,CBO,OCT-FR,511.0,3700.0,7396.0,low,True,True,spectra/asdb_tcrb_20250611_989.fit
2025-06-14,22:49,2460841.451,DBO,WCO-UK,7707.0,6260.0,6700.0,high,True,True,spectra/asdb_tcrb_20250614_950.fit
2025-06-15,06:54,2460841.788,JRF,MTP-US,487.0,3726.0,7396.0,low,True,True,spectra/asdb_tcrb_20250615_287.fit
2025-06-17,03:40,2460843.653,KSH,OAK-US,1000.0,3850.0,7250.0,low,True,True,spectra/asdb_tcrb_20250617_153.fit
2025-06-17,22:37,2460844.443,FTE,SMM-SP,9000.0,4000.0,8700.0,high,True,True,spectra/asdb_tcrb_20250617_942.fit
2025-06-18,23:01,2460845.459,CBO,OCT-FR,513.0,3700.0,7396.0,low,True,True,spectra/asdb_tcrb_20250618_959.fit
2025-06-19,06:58,2460845.79,JRF,MTP-US,476.0,3721.0,7398.0,low,True,True,spectra/asdb_tcrb_20250619_290.fit
2025-06-19,22:13,2460846.426,RLE,THO-UK,840.0,3850.0,7512.0,low,True,True,spectra/asdb_tcrb_20250619_926.fit
2025-06-22,23:07,2460849.463,PAD,KOL-SK,11000.0,4300.0,7499.0,high,True,True,spectra/asdb_tcrb_20250622_963.fit
2025-06-23,06:33,2460849.773,JRF,MTP-US,485.0,3681.0,7394.0,low,True,True,spectra/asdb_tcrb_20250623_273.fit
2025-06-24,05:04,2460850.712,KSH,OAK-US,1000.0,3850.0,7250.0,low,True,True,spectra/asdb_tcrb_20250624_211.fit
2025-06-24,07:38,2460850.818,JRF,MTP-US,688.0,6402.0,10016.0,low,True,True,spectra/asdb_tcrb_20250624_318.fit
2025-06-24,23:07,2460851.463,SARO,PRO-IT,1143.0,3800.0,8001.0,low,True,True,spectra/asdb_tcrb_20250624_963.fit
2025-06-28,07:01,2460854.792,JRF,MTP-US,751.0,6260.0,10021.0,low,True,True,spectra/asdb_tcrb_20250628_292.fit
2025-06-29,00:01,2460855.501,EBE,SSO-FR,480.0,3725.0,7525.0,low,True,True,spectra/asdb_tcrb_20250629_001.fit
2025-06-29,06:10,2460855.757,JRF,MTP-US,475.0,3681.0,7398.0,low,True,True,spectra/asdb_tcrb_20250629_257.fit
2025-06-30,04:39,2460856.694,KSH,OAK-US,1000.0,3850.0,7250.0,low,True,True,spectra/asdb_tcrb_20250630_194.fit
2025-06-30,21:52,2460857.412,PAD,KOL-SK,11000.0,4300.0,7499.0,high,True,True,spectra/asdb_tcrb_20250630_911.fit
2025-06-30,22:14,2460857.427,FTE,SMM-SP,9000.0,4000.0,8700.0,high,True,True,spectra/asdb_tcrb_20250630_926.fit
2025-07-01,21:58,2460858.416,CLC,ASA-FR,600.0,3700.0,5400.0,low,False,False,spectra/asdb_tcrb_20250701_915.fit
2025-07-02,06:49,2460858.785,JRF,MTP-US,475.0,3681.0,7395.0,low,True,True,spectra/asdb_tcrb_20250702_284.fit
2025-07-02,23:22,2460859.474,RLE,THO-UK,883.0,3800.0,7500.0,low,True,True,spectra/asdb_tcrb_20250702_973.fit
2025-07-03,06:45,2460859.782,JRF,MTP-US,479.0,3726.0,7400.0,low,True,True,spectra/asdb_tcrb_20250703_281.fit
2025-07-03,06:51,2460859.786,JRF,MTP-US,784.0,6266.0,9582.0,low,True,True,spectra/asdb_tcrb_20250703_285.fit
2025-07-03,22:55,2460860.455,SARO,PRO-IT,939.0,3754.0,7786.0,low,True,True,spectra/asdb_tcrb_20250703_955.fit
2025-07-03,23:19,2460860.472,CBO,OCT-FR,521.0,3700.0,7396.0,low,True,True,spectra/asdb_tcrb_20250703_972.fit
2025-07-03,23:30,2460860.479,XDU,SRO-FR,726.0,3700.0,7775.0,low,True,True,spectra/asdb_tcrb_20250703_979.fit
2025-07-05,06:36,2460861.775,JRF,MTP-US,480.0,3726.0,7398.0,low,True,True,spectra/asdb_tcrb_20250705_275.fit
2025-07-06,08:43,2460862.864,JRF,MTP-US,471.0,3721.0,7400.0,low,True,True,spectra/asdb_tcrb_20250706_363.fit
2025-07-07,05:53,2460863.746,FAS,DCO-US,9000.0,4120.0,7800.0,high,True,True,spectra/asdb_tcrb_20250707_245.fit
2025-07-07,06:16,2460863.761,JRF,MTP-US,474.0,3701.0,7399.0,low,True,True,spectra/asdb_tcrb_20250707_261.fit
2025-07-08,05:33,2460864.732,KSH,OAK-US,1000.0,3850.0,7250.0,low,True,True,spectra/asdb_tcrb_20250708_231.fit
2025-07-08,06:09,2460864.757,JRF,MTP-US,493.0,3715.0,7396.0,low,True,True,spectra/asdb_tcrb_20250708_256.fit
2025-07-08,21:40,2460865.403,EBE,SSO-FR,480.0,3760.0,7501.0,low,True,True,spectra/asdb_tcrb_20250708_902.fit
2025-07-08,22:42,2460865.446,CBO,OCT-FR,521.0,3700.0,7396.0,low,True,True,spectra/asdb_tcrb_20250708_945.fit
2025-07-08,23:02,2460865.46,SARO,PRO-IT,1086.0,3750.0,7250.0,low,True,True,spectra/asdb_tcrb_20250708_960.fit
2025-07-08,23:21,2460865.474,XDU,SRO-FR,746.0,3700.0,7775.0,low,True,True,spectra/asdb_tcrb_20250708_973.fit
2025-07-10,23:05,2460867.462,SARO,PRO-IT,942.0,3750.0,7750.0,low,True,True,spectra/asdb_tcrb_20250710_962.fit
2025-07-10,23:19,2460867.472,XDU,SRO-FR,730.0,3700.0,7775.0,low,True,True,spectra/asdb_tcrb_20250710_971.fit
2025-07-11,00:11,2460867.508,CDZ,ELG-SP,1565.0,4809.0,8822.0,low,True,True,spectra/asdb_tcrb_20250711_007.fit
2025-07-11,05:50,2460867.743,JRF,MTP-US,476.0,3726.0,7400.0,low,True,True,spectra/asdb_tcrb_20250711_243.fit
2025-07-11,05:52,2460867.745,JRF,MTP-US,752.0,6262.0,10005.0,low,True,True,spectra/asdb_tcrb_20250711_244.fit
2025-07-11,06:33,2460867.773,TDW,TBO-US,903.0,3750.0,7398.0,low,True,True,spectra/asdb_tcrb_20250711_273.fit
2025-07-12,23:00,2460869.459,CBO,OCT-FR,517.0,3700.0,7396.0,low,True,True,spectra/asdb_tcrb_20250712_958.fit
2025-07-13,05:56,2460869.747,JRF,MTP-US,475.0,3730.0,7398.0,low,True,True,spectra/asdb_tcrb_20250713_247.fit
2025-07-14,21:57,2460871.415,XDU,SRO-FR,15572.0,6500.0,6700.0,high,True,False,spectra/asdb_tcrb_20250714_914.fit
2025-07-15,05:38,2460871.735,JRF,MTP-US,462.0,3720.0,7396.0,low,True,True,spectra/asdb_tcrb_20250715_235.fit
2025-07-15,05:58,2460871.749,JRF,MTP-US,814.0,6258.0,10016.0,low,True,True,spectra/asdb_tcrb_20250715_248.fit
2025-07-17,00:39,2460873.528,XDU,SRO-FR,736.0,3700.0,7775.0,low,True,True,spectra/asdb_tcrb_20250717_027.fit
2025-07-17,03:30,2460873.646,KSH,OAK-US,1000.0,3850.0,7250.0,low,True,True,spectra/asdb_tcrb_20250717_145.fit
2025-07-17,06:06,2460873.755,TDW,TBO-US,901.0,3750.0,7301.0,low,True,True,spectra/asdb_tcrb_20250717_254.fit
2025-07-21,21:09,2460878.382,CLC,ASA-FR,600.0,5500.0,6998.0,low,True,True,spectra/asdb_tcrb_20250721_881.fit
2025-07-21,22:09,2460878.423,CLC,ASA-FR,600.0,3700.0,5398.0,low,False,False,spectra/asdb_tcrb_20250721_922.fit
2025-07-24,03:39,2460880.653,KSH,OAK-US,1000.0,3850.0,7250.0,low,True,True,spectra/asdb_tcrb_20250724_152.fit
2025-07-26,05:43,2460882.738,JRF,MTP-US,485.0,3725.0,7398.0,low,True,True,spectra/asdb_tcrb_20250726_238.fit
2025-07-28,05:31,2460884.73,JRF,MTP-US,477.0,3806.0,7399.0,low,True,True,spectra/asdb_tcrb_20250728_230.fit
2025-07-28,22:49,2460885.451,SARO,PRO-IT,1002.0,3800.0,7801.0,low,True,True,spectra/asdb_tcrb_20250728_951.fit
2025-07-29,03:12,2460885.634,KSH,OAK-US,1000.0,3850.0,7250.0,low,True,True,spectra/asdb_tcrb_20250729_133.fit
2025-07-29,06:21,2460885.765,TDW,TBO-US,896.0,3750.0,7302.0,low,True,True,spectra/asdb_tcrb_20250729_265.fit
2025-07-30,03:12,2460886.634,KSH,OAK-US,1000.0,3850.0,7250.0,low,True,True,spectra/asdb_tcrb_20250730_133.fit
2025-07-30,21:25,2460887.393,CBO,OHP-FR,518.0,3700.0,7396.0,low,True,True,spectra/asdb_tcrb_20250730_892.fit
2025-07-30,21:30,2460887.396,VLE,OHP-FR,14109.0,6501.0,6699.0,high,False,False,spectra/asdb_tcrb_20250730_895.fit
2025-07-31,21:20,2460888.389,CBO,OHP-FR,524.0,3700.0,7396.0,low,True,True,spectra/asdb_tcrb_20250731_888.fit
2025-08-01,21:16,2460889.387,CBO,OHP-FR,518.0,3700.0,7396.0,low,True,True,spectra/asdb_tcrb_20250801_886.fit
2025-08-02,00:27,2460889.519,2SPOT,OHP-FR,665.0,3933.0,7507.0,low,True,True,spectra/asdb_tcrb_20250802_019.fit
2025-08-02,05:10,2460889.716,JRF,MTP-US,490.0,3681.0,7396.0,low,True,True,spectra/asdb_tcrb_20250802_215.fit
2025-08-02,21:12,2460890.384,CBO,OHP-FR,516.0,3700.0,7396.0,low,True,True,spectra/asdb_tcrb_20250802_883.fit
2025-08-02,23:14,2460890.469,2SPOT,OHP-FR,681.0,3934.0,7509.0,low,True,True,spectra/asdb_tcrb_20250802_968.fit
2025-08-04,03:06,2460891.63,KSH,OAK-US,1000.0,3850.0,7250.0,low,True,True,spectra/asdb_tcrb_20250804_129.fit
2025-08-04,23:06,2460892.463,SARO,PRO-IT,1028.0,3800.0,7801.0,low,True,True,spectra/asdb_tcrb_20250804_962.fit
2025-08-06,03:01,2460893.626,KSH,OAK-US,1000.0,3850.0,7250.0,low,True,True,spectra/asdb_tcrb_20250806_126.fit
2025-08-08,02:57,2460895.623,KSH,OAK-US,1000.0,3850.0,7250.0,low,True,True,spectra/asdb_tcrb_20250808_123.fit
2025-08-08,21:03,2460896.378,JGF,SMM-SP,9000.0,3812.0,9267.0,high,True,True,spectra/asdb_tcrb_20250808_877.fit
2025-08-09,20:25,2460897.351,VLE,ORL-FR,16121.0,6501.0,6699.0,high,False,False,spectra/asdb_tcrb_20250809_850.fit
2025-08-09,21:17,2460897.387,RLE,THO-UK,549.0,3800.0,7580.0,low,True,True,spectra/asdb_tcrb_20250809_887.fit
2025-08-10,05:16,2460897.72,JRF,MTP-US,496.0,3722.0,7396.0,low,True,True,spectra/asdb_tcrb_20250810_220.fit
2025-08-10,20:18,2460898.346,VLE,ORL-FR,15886.0,6501.0,6699.0,high,False,False,spectra/asdb_tcrb_20250810_846.fit
2025-08-10,22:16,2460898.428,CBO,OCT-FR,517.0,3700.0,7396.0,low,True,True,spectra/asdb_tcrb_20250810_928.fit
2025-08-11,03:01,2460898.626,KSH,OAK-US,1000.0,3850.0,7250.0,low,True,True,spectra/asdb_tcrb_20250811_126.fit
2025-08-12,21:51,2460900.411,CBO,OCT-FR,538.0,3700.0,7396.0,low,True,True,spectra/asdb_tcrb_20250812_911.fit
2025-08-13,06:26,2460900.768,TDW,TBO-US,906.0,3751.0,7302.0,low,True,True,spectra/asdb_tcrb_20250813_268.fit
2025-08-13,20:34,2460901.357,PAD,KOL-SK,11000.0,4220.0,7900.0,high,True,True,spectra/asdb_tcrb_20250813_857.fit
2025-08-13,21:07,2460901.38,RLE,THO-UK,545.0,3900.0,7580.0,low,True,True,spectra/asdb_tcrb_20250813_880.fit
2025-08-14,20:47,2460902.366,RLE,THO-UK,15407.0,6478.0,6632.0,high,True,False,spectra/asdb_tcrb_20250814_866.fit
2025-08-15,21:36,2460903.4,CBO,OCT-FR,515.0,3700.0,7396.0,low,True,True,spectra/asdb_tcrb_20250815_900.fit
2025-08-15,21:41,2460903.404,FTE,SMM-SP,9000.0,4000.0,7150.0,high,True,True,spectra/asdb_tcrb_20250815_903.fit
2025-08-17,21:16,2460905.387,CBO,OCT-FR,520.0,3700.0,7396.0,low,True,True,spectra/asdb_tcrb_20250817_886.fit
2025-08-22,22:00,2460910.417,SARO,PRO-IT,1099.0,3800.0,7801.0,low,True,True,spectra/asdb_tcrb_20250822_917.fit
2025-08-23,21:36,2460911.4,JGF,SMM-SP,9000.0,3746.0,9420.0,high,True,True,spectra/asdb_tcrb_20250823_900.fit
2025-08-23,22:17,2460911.429,SARO,PRO-IT,1001.0,3750.0,7801.0,low,True,True,spectra/asdb_tcrb_20250823_928.fit
2025-08-25,20:18,2460913.346,GBE,LAM-FR,843.0,3560.0,7570.0,low,True,True,spectra/asdb_tcrb_20250825_846.fit
2025-08-25,21:17,2460913.387,EBE,SSO-FR,490.0,3759.0,7497.0,low,True,True,spectra/asdb_tcrb_20250825_887.fit
2025-08-26,05:37,2460913.735,JRF,MTP-US,797.0,6256.0,10016.0,low,True,True,spectra/asdb_tcrb_20250826_234.fit
2025-08-27,02:35,2460914.608,JDH,IUSB-US,529.0,3750.0,7500.0,low,True,True,spectra/asdb_tcrb_20250827_108.fit
2025-08-29,20:47,2460917.366,FTE,SMM-SP,9000.0,4000.0,7500.0,high,True,True,spectra/asdb_tcrb_20250829_866.fit
2025-09-04,02:24,2460922.6,KSH,OAK-US,1000.0,3850.0,7250.0,low,True,True,spectra/asdb_tcrb_20250904_100.fit
2025-09-05,04:47,2460923.7,JRF,MTP-US,11000.0,6478.0,6692.0,high,True,False,spectra/asdb_tcrb_20250905_199.fit
2025-09-05,20:34,2460924.357,CBO,OCT-FR,529.0,3700.0,7396.0,low,True,True,spectra/asdb_tcrb_20250905_857.fit
2025-09-05,21:08,2460924.381,JGF,SMM-SP,9000.0,3787.0,9413.0,high,True,True,spectra/asdb_tcrb_20250905_880.fit
2025-09-07,05:17,2460925.721,JRF,MTP-US,11000.0,6478.0,6692.0,high,True,False,spectra/asdb_tcrb_20250907_220.fit
2025-09-09,05:07,2460927.713,JRF,MTP-US,11000.0,3850.0,8000.0,high,True,True,spectra/asdb_tcrb_20250909_214.fit
2025-09-10,20:28,2460929.353,FTE,SMM-SP,9000.0,4042.0,8165.0,high,True,True,spectra/asdb_tcrb_20250910_852.fit
2025-09-12,04:47,2460930.7,JRF,MTP-US,11000.0,3850.0,8000.0,high,True,True,spectra/asdb_tcrb_20250912_200.fit
2025-09-14,04:40,2460932.695,JRF,MTP-US,11000.0,3900.0,8000.0,high,True,True,spectra/asdb_tcrb_20250914_195.fit
2025-09-15,05:02,2460933.71,JRF,MTP-US,11000.0,3840.0,8000.0,high,True,True,spectra/asdb_tcrb_20250915_211.fit
2025-09-16,01:53,2460934.579,JDH,IUSB-US,534.0,3751.0,7501.0,low,True,True,spectra/asdb_tcrb_20250916_078.fit
2025-09-16,03:27,2460934.644,FAS,DCO-US,9000.0,3960.0,8250.0,high,True,True,spectra/asdb_tcrb_20250916_144.fit
2025-09-17,03:59,2460935.666,TDW,TBO-US,902.0,3750.0,7302.0,low,True,True,spectra/asdb_tcrb_20250917_166.fit
2025-09-17,05:05,2460935.712,JRF,MTP-US,11000.0,3850.0,8000.0,high,True,True,spectra/asdb_tcrb_20250917_213.fit
2025-09-18,20:15,2460937.344,CBO,OCT-FR,509.0,3700.0,7396.0,low,True,True,spectra/asdb_tcrb_20250918_844.fit
2025-09-22,04:37,2460940.692,JRF,MTP-US,11000.0,3855.0,8000.0,high,True,True,spectra/asdb_tcrb_20250922_193.fit
2025-09-28,20:02,2460947.335,SARO,PRO-IT,762.0,3800.0,7801.0,low,True,True,spectra/asdb_tcrb_20250928_835.fit
2025-09-29,01:46,2460947.574,JDH,IUSB-US,523.0,3750.0,7501.0,low,True,True,spectra/asdb_tcrb_20250929_074.fit
2025-09-29,19:47,2460948.325,SARO,PRO-IT,925.0,3780.0,7801.0,low,True,True,spectra/asdb_tcrb_20250929_824.fit
2025-09-30,03:49,2460948.659,JRF,MTP-US,11000.0,3850.0,8000.0,high,True,True,spectra/asdb_tcrb_20250930_160.fit
2025-10-05,03:10,2460953.632,JRF,MTP-US,481.0,3680.0,7400.0,low,True,True,spectra/asdb_tcrb_20251005_132.fit
2025-10-05,19:38,2460954.319,FTE,SMM-SP,9000.0,3950.0,7500.0,high,True,True,spectra/asdb_tcrb_20251005_818.fit
2025-10-06,03:41,2460954.654,JRF,MTP-US,450.0,3680.0,7399.0,low,True,True,spectra/asdb_tcrb_20251006_154.fit
2025-10-07,04:29,2460955.687,JRF,MTP-US,481.0,3681.0,7401.0,low,True,True,spectra/asdb_tcrb_20251007_186.fit
2025-10-09,04:05,2460957.67,JRF,MTP-US,11000.0,3815.0,8000.0,high,True,True,spectra/asdb_tcrb_20251009_170.fit
2025-10-11,02:56,2460959.623,JRF,MTP-US,495.0,3690.0,7399.0,low,True,True,spectra/asdb_tcrb_20251011_122.fit
2025-10-11,03:40,2460959.653,JRF,MTP-US,11000.0,3850.0,8000.0,high,True,True,spectra/asdb_tcrb_20251011_153.fit
2025-10-11,19:04,2460960.294,CBO,OCT-FR,512.0,3700.0,7396.0,low,True,True,spectra/asdb_tcrb_20251011_794.fit
2025-10-17,03:20,2460965.639,JRF,MTP-US,474.0,3701.0,7401.0,low,True,True,spectra/asdb_tcrb_20251017_139.fit
2025-10-17,03:44,2460965.656,JRF,MTP-US,11000.0,3905.0,8000.0,high,True,True,spectra/asdb_tcrb_20251017_155.fit
2025-10-18,03:13,2460966.634,JRF,MTP-US,505.0,3701.0,7398.0,low,True,True,spectra/asdb_tcrb_20251018_134.fit
2025-10-19,03:40,2460967.653,JRF,MTP-US,480.0,3681.0,7401.0,low,True,True,spectra/asdb_tcrb_20251019_153.fit
2025-10-21,03:26,2460969.643,JRF,MTP-US,454.0,3680.0,7401.0,low,True,True,spectra/asdb_tcrb_20251021_143.fit
2025-10-21,03:35,2460969.65,JRF,MTP-US,11000.0,3905.0,8000.0,high,True,True,spectra/asdb_tcrb_20251021_149.fit
2025-10-26,18:26,2460975.269,FTE,SMM-SP,9000.0,4000.0,7500.0,high,True,True,spectra/asdb_tcrb_20251026_768.fit
2025-10-27,18:42,2460976.28,FTE,SMM-SP,9000.0,3950.0,7500.0,high,True,True,spectra/asdb_tcrb_20251027_779.fit
2025-10-30,03:00,2460978.625,JRF,MTP-US,11000.0,3980.0,8000.0,high,True,True,spectra/asdb_tcrb_20251030_125.fit
2025-10-31,03:01,2460979.626,JRF,MTP-US,464.0,3680.0,7401.0,low,True,True,spectra/asdb_tcrb_20251031_126.fit
2025-11-05,02:29,2460984.604,JRF,MTP-US,462.0,3627.0,7401.0,low,True,True,spectra/asdb_tcrb_20251105_104.fit
2025-11-08,02:58,2460987.624,JRF,MTP-US,448.0,3715.0,7395.0,low,True,True,spectra/asdb_tcrb_20251108_123.fit
2025-11-08,18:23,2460988.267,SARO,PRO-IT,9941.0,6350.0,6750.0,high,True,True,spectra/asdb_tcrb_20251108_766.fit
2025-11-10,02:41,2460989.612,JRF,MTP-US,460.0,3640.0,7400.0,low,True,True,spectra/asdb_tcrb_20251110_112.fit
2026-01-12,13:00,2461053.042,JRF,MTP-US,468.0,3681.0,7401.0,low,True,True,spectra/asdb_tcrb_20260112_541.fit
2026-01-16,05:52,2461056.745,CDZ,DSH-SP,1088.0,4765.0,6837.0,low,True,True,spectra/asdb_tcrb_20260116_244.fit
2026-01-20,05:50,2461060.743,CDZ,DSH-SP,1106.0,4765.0,6837.0,low,True,True,spectra/asdb_tcrb_20260120_243.fit
2026-01-22,06:06,2461062.754,CDZ,DSH-SP,1094.0,4766.0,6836.0,low,True,True,spectra/asdb_tcrb_20260122_254.fit
2026-01-23,05:39,2461063.736,CDZ,DSH-SP,950.0,4769.0,6836.0,low,True,True,spectra/asdb_tcrb_20260123_235.fit
2026-01-24,13:00,2461065.042,JRF,MTP-US,483.0,3681.0,7401.0,low,True,True,spectra/asdb_tcrb_20260124_542.fit
2026-01-25,13:54,2461066.08,JRF,MTP-US,514.0,6252.0,10003.0,low,True,True,spectra/asdb_tcrb_20260125_579.fit
2026-01-27,05:36,2461067.734,CDZ,DSH-SP,1094.0,4770.0,6841.0,low,True,True,spectra/asdb_tcrb_20260127_233.fit
2026-01-28,05:23,2461068.725,CDZ,DSH-SP,1101.0,4769.0,6838.0,low,True,True,spectra/asdb_tcrb_20260128_224.fit
2026-01-29,05:22,2461069.724,CDZ,DSH-SP,1098.0,4769.0,6837.0,low,True,True,spectra/asdb_tcrb_20260129_224.fit
2026-01-30,05:29,2461070.729,CDZ,DSH-SP,1132.0,4769.0,6837.0,low,True,True,spectra/asdb_tcrb_20260130_228.fit
2026-01-31,05:44,2461071.739,CDZ,DSH-SP,1136.0,4769.0,6837.0,low,True,True,spectra/asdb_tcrb_20260131_238.fit
2026-02-03,12:52,2461075.036,JRF,MTP-US,469.0,3681.0,7402.0,low,True,True,spectra/asdb_tcrb_20260203_536.fit
2026-02-04,12:36,2461076.026,JRF,MTP-US,11000.0,3965.0,8000.0,high,True,True,spectra/asdb_tcrb_20260204_525.fit
2026-02-05,06:05,2461076.754,CDZ,DSH-SP,2010.0,6630.0,8695.0,mid,False,False,spectra/asdb_tcrb_20260205_253.fit
2026-02-07,12:03,2461079.002,JRF,MTP-US,11000.0,3850.0,8000.0,high,True,True,spectra/asdb_tcrb_20260207_502.fit
2026-02-09,05:05,2461080.712,CDZ,DSH-SP,838.0,4797.0,6859.0,low,True,True,spectra/asdb_tcrb_20260209_211.fit
2026-02-11,05:43,2461082.739,CDZ,DSH-SP,1116.0,4792.0,6860.0,low,True,True,spectra/asdb_tcrb_20260211_238.fit
2026-02-13,04:09,2461084.673,CDZ,DSH-SP,939.0,4797.0,6864.0,low,True,True,spectra/asdb_tcrb_20260213_173.fit
2026-02-14,04:24,2461085.683,CDZ,DSH-SP,957.0,4797.0,6864.0,low,True,True,spectra/asdb_tcrb_20260214_183.fit
2026-02-14,12:53,2461086.037,JRF,MTP-US,11000.0,3975.0,8000.0,high,True,True,spectra/asdb_tcrb_20260214_536.fit
2026-02-14,13:44,2461086.073,JRF,MTP-US,538.0,6252.0,9999.0,low,True,True,spectra/asdb_tcrb_20260214_572.fit
2026-02-15,04:35,2461086.691,CDZ,DSH-SP,963.0,4800.0,6857.0,low,True,True,spectra/asdb_tcrb_20260215_191.fit
2026-02-16,04:22,2461087.682,CDZ,DSH-SP,898.0,4802.0,6859.0,low,True,True,spectra/asdb_tcrb_20260216_182.fit
2026-02-17,04:19,2461088.68,CDZ,DSH-SP,941.0,4802.0,6855.0,low,True,True,spectra/asdb_tcrb_20260217_180.fit
2026-02-18,04:24,2461089.683,CDZ,DSH-SP,976.0,4802.0,6855.0,low,True,True,spectra/asdb_tcrb_20260218_183.fit
2026-02-21,03:34,2461092.649,CDZ,DSH-SP,965.0,4801.0,6858.0,low,True,True,spectra/asdb_tcrb_20260221_149.fit
2026-02-21,12:10,2461093.007,JRF,MTP-US,11000.0,3980.0,8000.0,high,True,True,spectra/asdb_tcrb_20260221_507.fit
2026-02-21,13:40,2461093.07,JRF,MTP-US,295.0,3682.0,7401.0,low,True,True,spectra/asdb_tcrb_20260221_569.fit
2026-02-22,03:59,2461093.666,CDZ,DSH-SP,926.0,4803.0,6855.0,low,True,True,spectra/asdb_tcrb_20260222_166.fit
2026-02-23,03:30,2461094.646,CDZ,DSH-SP,1127.0,4804.0,6859.0,low,True,True,spectra/asdb_tcrb_20260223_146.fit
2026-02-24,03:43,2461095.655,CDZ,DSH-SP,979.0,4804.0,6859.0,low,True,True,spectra/asdb_tcrb_20260224_155.fit
2026-02-25,02:07,2461096.589,SARO,PRO-IT,726.0,3780.0,7801.0,low,True,True,spectra/asdb_tcrb_20260225_088.fit
2026-02-25,03:47,2461096.658,CDZ,DSH-SP,930.0,4806.0,6859.0,low,True,True,spectra/asdb_tcrb_20260225_157.fit
2026-03-01,11:29,2461100.979,JRF,MTP-US,11000.0,3929.0,8000.0,high,True,True,spectra/asdb_tcrb_20260301_478.fit
2026-03-01,13:32,2461101.064,JRF,MTP-US,355.0,3681.0,7398.0,low,True,True,spectra/asdb_tcrb_20260301_564.fit
2026-03-08,02:51,2461107.619,CDZ,DSH-SP,1136.0,4806.0,6859.0,low,True,True,spectra/asdb_tcrb_20260308_119.fit
2026-03-08,11:31,2461107.98,JRF,MTP-US,11000.0,3960.0,8000.0,high,True,True,spectra/asdb_tcrb_20260308_480.fit
2026-03-09,02:40,2461108.611,CDZ,DSH-SP,993.0,4802.0,6859.0,low,True,True,spectra/asdb_tcrb_20260309_111.fit
2026-03-10,02:37,2461109.61,CDZ,DSH-SP,949.0,4802.0,6859.0,low,True,True,spectra/asdb_tcrb_20260310_109.fit
2026-03-12,02:57,2461111.623,JCO,EES-UK,489.0,3500.0,8500.0,low,True,True,spectra/asdb_tcrb_20260312_123.fit
2026-03-12,11:32,2461111.981,JRF,MTP-US,11000.0,3915.0,8000.0,high,True,True,spectra/asdb_tcrb_20260312_481.fit
2026-03-18,00:48,2461117.534,EBE,SSO-FR,509.0,3832.0,7507.0,low,True,True,spectra/asdb_tcrb_20260318_033.fit
2026-03-18,02:49,2461117.618,CLC,ASA-FR,600.0,5400.0,7080.0,low,True,True,spectra/asdb_tcrb_20260318_118.fit
2026-03-18,03:29,2461117.645,CLC,ASA-FR,600.0,3705.0,5390.0,low,False,False,spectra/asdb_tcrb_20260318_145.fit
2026-03-18,10:56,2461117.956,JRF,MTP-US,11000.0,3920.0,8000.0,high,True,True,spectra/asdb_tcrb_20260318_455.fit
2026-03-21,12:06,2461121.005,FAS,DCO-US,9000.0,3750.0,9250.0,high,True,True,spectra/asdb_tcrb_20260321_504.fit
2026-03-21,23:56,2461121.498,RLE,THO-UK,14003.0,6483.0,6633.0,high,True,False,spectra/asdb_tcrb_20260321_997.fit
2026-03-22,23:37,2461122.484,RLE,THO-UK,532.0,3800.0,7550.0,low,True,True,spectra/asdb_tcrb_20260322_984.fit
2026-03-24,03:28,2461123.645,FTE,SMM-SP,9000.0,3930.0,8800.0,high,True,True,spectra/asdb_tcrb_20260324_144.fit
2026-03-28,00:05,2461127.504,SMO,MAI-FR,750.0,3765.0,7698.0,low,True,True,spectra/asdb_tcrb_20260328_004.fit
2026-03-28,01:29,2461127.562,CDZ,DSH-SP,1127.0,4802.0,6856.0,low,True,True,spectra/asdb_tcrb_20260328_061.fit
2026-03-28,10:53,2461127.954,JRF,MTP-US,11000.0,3972.0,8000.0,high,True,True,spectra/asdb_tcrb_20260328_453.fit
2026-03-29,01:34,2461128.566,CDZ,DSH-SP,1133.0,4801.0,6853.0,low,True,True,spectra/asdb_tcrb_20260329_065.fit
2026-03-31,00:02,2461130.502,EBE,SSO-FR,502.0,3699.0,7506.0,low,True,True,spectra/asdb_tcrb_20260331_001.fit
2026-03-31,01:29,2461130.562,CDZ,DSH-SP,1143.0,4802.0,6859.0,low,True,True,spectra/asdb_tcrb_20260331_061.fit
2026-04-01,01:15,2461131.552,CDZ,DSH-SP,983.0,4802.0,6859.0,low,True,True,spectra/asdb_tcrb_20260401_052.fit
2026-04-03,02:33,2461133.607,BUI,ANT-FR,666.0,3751.0,10143.0,low,True,True,spectra/asdb_tcrb_20260403_106.fit
2026-04-05,10:28,2461135.937,JRF,MTP-US,11000.0,3982.0,8000.0,high,True,True,spectra/asdb_tcrb_20260405_436.fit
2026-04-05,23:26,2461136.476,CLC,ASA-FR,600.0,5460.0,6980.0,low,True,True,spectra/asdb_tcrb_20260405_976.fit
2026-04-05,23:29,2461136.479,SMO,MAI-FR,750.0,3765.0,7699.0,low,True,True,spectra/asdb_tcrb_20260405_978.fit
2026-04-06,00:44,2461136.531,CLC,ASA-FR,600.0,3740.0,5390.0,low,False,False,spectra/asdb_tcrb_20260406_030.fit
2026-04-06,01:03,2461136.544,CDZ,DSH-SP,1146.0,4800.0,6859.0,low,True,True,spectra/asdb_tcrb_20260406_044.fit
2026-04-06,01:05,2461136.546,RLE,THO-UK,545.0,3750.0,7580.0,low,True,True,spectra/asdb_tcrb_20260406_045.fit
2026-04-06,01:26,2461136.56,CBO,OCT-FR,513.0,3700.0,7396.0,low,True,True,spectra/asdb_tcrb_20260406_060.fit
2026-04-06,22:52,2461137.453,BUI,ANT-FR,550.0,3750.0,7400.0,low,True,True,spectra/asdb_tcrb_20260406_952.fit
2026-04-07,00:38,2461137.527,EBE,SSO-FR,14280.0,6500.0,6688.0,high,True,False,spectra/asdb_tcrb_20260407_026.fit
2026-04-07,00:53,2461137.537,CDZ,DSH-SP,1111.0,4800.0,6859.0,low,True,True,spectra/asdb_tcrb_20260407_037.fit
2026-04-07,02:50,2461137.618,XDU,SRO-FR,15600.0,6500.0,6700.0,high,True,False,spectra/asdb_tcrb_20260407_118.fit
2026-04-08,02:53,2461138.62,FTE,SMM-SP,9000.0,3950.0,7500.0,high,True,True,spectra/asdb_tcrb_20260408_120.fit
2026-04-08,03:28,2461138.645,XDU,SRO-FR,15540.0,6500.0,6700.0,high,True,False,spectra/asdb_tcrb_20260408_144.fit
2026-04-08,10:04,2461138.92,JRF,MTP-US,11000.0,3975.0,8000.0,high,True,True,spectra/asdb_tcrb_20260408_419.fit
2026-04-09,06:07,2461139.755,KSH,OAK-US,1000.0,3850.0,7250.0,low,True,True,spectra/asdb_tcrb_20260409_256.fit
2026-04-09,11:11,2461139.966,FAS,DCO-US,9000.0,3800.0,9000.0,high,True,True,spectra/asdb_tcrb_20260409_466.fit
2026-04-11,01:47,2461141.575,FTE,SMM-SP,9000.0,3850.0,8900.0,high,True,True,spectra/asdb_tcrb_20260411_074.fit
2026-04-11,02:34,2461141.607,CDZ,DSH-SP,1112.0,4800.0,6859.0,low,True,True,spectra/asdb_tcrb_20260411_107.fit
2026-04-13,23:13,2461144.468,RLE,THO-UK,507.0,3750.0,7580.0,low,True,True,spectra/asdb_tcrb_20260413_968.fit
2026-04-14,02:33,2461144.607,CDZ,DSH-SP,1140.0,4820.0,6859.0,low,True,True,spectra/asdb_tcrb_20260414_106.fit
2026-04-15,00:58,2461145.541,CDZ,DSH-SP,1095.0,4821.0,6859.0,low,True,True,spectra/asdb_tcrb_20260415_040.fit
2026-04-15,10:29,2461145.937,JRF,MTP-US,11000.0,3880.0,8000.0,high,True,True,spectra/asdb_tcrb_20260415_436.fit
2026-04-16,01:46,2461146.574,FTE,SMM-SP,9000.0,3850.0,8900.0,high,True,True,spectra/asdb_tcrb_20260416_074.fit
2026-04-16,02:35,2461146.608,CDZ,DSH-SP,1131.0,4760.0,6832.0,low,True,True,spectra/asdb_tcrb_20260416_107.fit
2026-04-16,06:24,2461146.767,FAS,DCO-US,9000.0,3800.0,9000.0,high,True,True,spectra/asdb_tcrb_20260416_267.fit
2026-04-17,00:51,2461147.536,CDZ,DSH-SP,1009.0,4760.0,6829.0,low,True,True,spectra/asdb_tcrb_20260417_035.fit
2026-04-17,23:50,2461148.493,EBE,SSO-FR,507.0,3848.0,7473.0,low,True,True,spectra/asdb_tcrb_20260417_993.fit
2026-04-18,07:38,2461148.818,FAS,DCO-US,9000.0,3800.0,9000.0,high,True,True,spectra/asdb_tcrb_20260418_318.fit
2026-04-18,21:46,2461149.407,ALE,NSH-FR,884.0,3750.0,7350.0,low,True,True,spectra/asdb_tcrb_20260418_907.fit
2026-04-19,00:45,2461149.532,RLE,THO-UK,507.0,3750.0,7580.0,low,True,True,spectra/asdb_tcrb_20260419_031.fit
2026-04-23,21:23,2461154.391,ALE,NSH-FR,875.0,3750.0,7350.0,low,True,True,spectra/asdb_tcrb_20260423_891.fit
2026-04-23,23:32,2461154.481,SARO,PRO-IT,897.0,4000.0,7751.0,low,True,True,spectra/asdb_tcrb_20260423_980.fit
2026-04-24,04:13,2461154.676,CDZ,DSH-SP,1129.0,4760.0,6826.0,low,True,True,spectra/asdb_tcrb_20260424_176.fit
2026-04-24,06:18,2461154.763,TDW,TBO-US,932.0,3751.0,7301.0,low,True,True,spectra/asdb_tcrb_20260424_264.fit
2026-04-24,21:20,2461155.389,ALE,NSH-FR,924.0,3750.0,7350.0,low,True,True,spectra/asdb_tcrb_20260424_889.fit
2026-04-24,22:11,2461155.425,PFI,PBS-DE,645.0,3750.0,7501.0,low,True,True,spectra/asdb_tcrb_20260424_924.fit
2026-04-24,23:41,2461155.487,SARO,PRO-IT,949.0,3800.0,7751.0,low,True,True,spectra/asdb_tcrb_20260424_986.fit
2026-04-25,00:56,2461155.539,GSTD,ERB-DE,500.0,3700.0,7500.0,low,True,True,spectra/asdb_tcrb_20260425_040.fit
2026-04-25,04:11,2461155.675,CDZ,DSH-SP,1116.0,4760.0,6825.0,low,True,True,spectra/asdb_tcrb_20260425_174.fit
2026-04-25,04:23,2461155.683,KSH,OAK-US,1000.0,3850.0,7250.0,low,True,True,spectra/asdb_tcrb_20260425_183.fit
2026-04-25,23:28,2461156.478,EBE,SSO-FR,524.0,3846.0,7462.0,low,True,True,spectra/asdb_tcrb_20260425_979.fit
2026-04-25,23:53,2461156.495,BUI,ANT-FR,550.0,3600.0,7400.0,low,True,True,spectra/asdb_tcrb_20260425_996.fit
2026-04-28,04:28,2461158.686,CDZ,DSH-SP,1131.0,4764.0,6829.0,low,True,True,spectra/asdb_tcrb_20260428_186.fit
2026-04-28,05:53,2461158.745,FAS,DCO-US,9000.0,3850.0,8995.0,high,True,True,spectra/asdb_tcrb_20260428_246.fit
2026-04-28,21:37,2461159.401,RLE,THO-UK,539.0,3800.0,7580.0,low,True,True,spectra/asdb_tcrb_20260428_901.fit
2026-05-01,03:42,2461161.655,CDZ,DSH-SP,1120.0,4765.0,6823.0,low,True,True,spectra/asdb_tcrb_20260501_154.fit
2026-05-02,03:40,2461162.653,KSH,OAK-US,1000.0,3850.0,7250.0,low,True,True,spectra/asdb_tcrb_20260502_152.fit
2026-05-02,04:20,2461162.681,CDZ,DSH-SP,1116.0,4763.0,6830.0,low,True,True,spectra/asdb_tcrb_20260502_181.fit
2026-05-03,03:23,2461163.641,CDZ,DSH-SP,1123.0,4765.0,6821.0,low,True,True,spectra/asdb_tcrb_20260503_141.fit
2026-05-06,03:23,2461166.642,CDZ,DSH-SP,1133.0,4761.0,6829.0,low,True,True,spectra/asdb_tcrb_20260506_141.fit
2026-05-07,05:38,2461167.735,FAS,DCO-US,9000.0,3850.0,9000.0,high,True,True,spectra/asdb_tcrb_20260507_235.fit
2026-05-08,00:28,2461168.52,EBE,SSO-FR,517.0,3869.0,7505.0,low,True,True,spectra/asdb_tcrb_20260508_020.fit
2026-05-08,03:30,2461168.646,CDZ,DSH-SP,1148.0,4762.0,6824.0,low,True,True,spectra/asdb_tcrb_20260508_146.fit
2026-05-10,02:49,2461170.617,CDZ,DSH-SP,1154.0,4763.0,6835.0,low,True,True,spectra/asdb_tcrb_20260510_117.fit
2026-05-10,05:36,2461170.734,FAS,DCO-US,9000.0,3850.0,9000.0,high,True,True,spectra/asdb_tcrb_20260510_233.fit
2026-05-14,04:20,2461174.681,CDZ,DSH-SP,1248.0,4739.0,6808.0,low,True,True,spectra/asdb_tcrb_20260514_180.fit
2026-05-15,04:58,2461175.707,FAS,DCO-US,9000.0,3850.0,9000.0,high,True,True,spectra/asdb_tcrb_20260515_208.fit
2026-05-16,03:00,2461176.626,CDZ,DSH-SP,1256.0,4737.0,6802.0,low,True,True,spectra/asdb_tcrb_20260516_125.fit
2026-05-17,03:33,2461177.648,CDZ,DSH-SP,1244.0,4739.0,6799.0,low,True,True,spectra/asdb_tcrb_20260517_148.fit
2026-05-19,02:20,2461179.598,CDZ,DSH-SP,1262.0,4738.0,6807.0,low,True,True,spectra/asdb_tcrb_20260519_097.fit
2026-05-20,02:24,2461180.601,CDZ,DSH-SP,1266.0,4738.0,6805.0,low,True,True,spectra/asdb_tcrb_20260520_100.fit
2026-05-21,04:34,2461181.691,JPE,DHO-US,9000.0,3916.0,9310.0,high,True,True,spectra/asdb_tcrb_20260521_190.fit
2026-05-21,06:06,2461181.755,FAS,DCO-US,9000.0,3850.0,9000.0,high,True,True,spectra/asdb_tcrb_20260521_254.fit
2026-05-21,20:42,2461182.363,EBE,SSO-FR,519.0,3851.0,7463.0,low,True,True,spectra/asdb_tcrb_20260521_862.fit
2026-05-21,22:36,2461182.442,CDZ,DSH-SP,1303.0,4737.0,6807.0,low,True,True,spectra/asdb_tcrb_20260521_942.fit
2026-05-22,22:42,2461183.446,CDZ,DSH-SP,1316.0,4737.0,6807.0,low,True,True,spectra/asdb_tcrb_20260522_947.fit
2026-05-23,21:06,2461184.379,EBE,SSO-FR,507.0,3810.0,7464.0,low,True,True,spectra/asdb_tcrb_20260523_880.fit
2026-05-23,22:44,2461184.447,CDZ,DSH-SP,1314.0,4736.0,6810.0,low,True,True,spectra/asdb_tcrb_20260523_948.fit
2026-05-24,09:59,2461184.916,JRF,MTP-US,11000.0,3790.0,8000.0,high,True,True,spectra/asdb_tcrb_20260524_416.fit
2026-05-24,20:54,2461185.371,EBE,SSO-FR,520.0,3799.0,7500.0,low,True,True,spectra/asdb_tcrb_20260524_871.fit
2026-05-24,22:34,2461185.441,CDZ,DSH-SP,1144.0,4737.0,6800.0,low,True,True,spectra/asdb_tcrb_20260524_941.fit
2026-05-25,01:41,2461185.57,IBR,HVR-FR,839.0,3234.0,6086.0,low,False,False,spectra/asdb_tcrb_20260525_070.fit
2026-05-25,22:39,2461186.444,RLE,THO-UK,530.0,3800.0,7760.0,low,True,True,spectra/asdb_tcrb_20260525_944.fit
2026-05-26,22:25,2461187.434,CDZ,DSH-SP,1159.0,4737.0,6808.0,low,True,True,spectra/asdb_tcrb_20260526_934.fit
2026-05-27,04:49,2461187.701,JPE,DHO-US,9000.0,3910.0,9296.0,high,True,True,spectra/asdb_tcrb_20260527_200.fit
2026-05-27,21:36,2461188.4,JGF,SMM-SP,9000.0,3808.0,9271.0,high,True,True,spectra/asdb_tcrb_20260527_900.fit
2026-05-27,22:48,2461188.451,CDZ,DSH-SP,1137.0,4737.0,6807.0,low,True,True,spectra/asdb_tcrb_20260527_950.fit
2026-05-28,23:24,2461189.475,CDZ,DSH-SP,1151.0,4737.0,6804.0,low,True,True,spectra/asdb_tcrb_20260528_975.fit
2026-05-29,22:38,2461190.444,CDZ,DSH-SP,1086.0,4734.0,6806.0,low,True,True,spectra/asdb_tcrb_20260529_943.fit
2026-05-29,22:59,2461190.458,JPN,PBO-FR,523.0,3560.0,7380.0,low,True,True,spectra/asdb_tcrb_20260529_958.fit
2026-05-30,00:17,2461190.512,CDZ,DSH-SP,1743.0,6570.0,8633.0,low,False,False,spectra/asdb_tcrb_20260530_012.fit
2026-05-30,22:37,2461191.443,CDZ,DSH-SP,1143.0,4735.0,6803.0,low,True,True,spectra/asdb_tcrb_20260530_942.fit
2026-05-31,00:21,2461191.515,CDZ,DSH-SP,1758.0,6580.0,8622.0,low,False,False,spectra/asdb_tcrb_20260531_014.fit
2026-06-01,22:58,2461193.457,CDZ,DSH-SP,1141.0,4743.0,6805.0,low,True,True,spectra/asdb_tcrb_20260601_957.fit
2026-06-03,03:34,2461194.649,JDH,IUSB-US,530.0,3850.0,7501.0,low,True,True,spectra/asdb_tcrb_20260603_149.fit
2026-06-03,04:31,2461194.688,FAS,DCO-US,9000.0,3850.0,9200.0,high,True,True,spectra/asdb_tcrb_20260603_188.fit
2026-06-04,01:32,2461195.564,CDZ,DSH-SP,1149.0,4742.0,6802.0,low,True,True,spectra/asdb_tcrb_20260604_063.fit
2026-06-07,01:10,2461198.549,FTE,SMM-SP,9000.0,3850.0,7500.0,high,True,True,spectra/asdb_tcrb_20260607_049.fit
2026-06-07,01:18,2461198.554,CDZ,DSH-SP,1132.0,4735.0,6802.0,low,True,True,spectra/asdb_tcrb_20260607_054.fit
2026-06-08,01:19,2461199.555,CDZ,DSH-SP,1151.0,4735.0,6802.0,low,True,True,spectra/asdb_tcrb_20260608_055.fit
2026-06-08,03:17,2461199.637,KSH,OAK-US,1000.0,3850.0,7250.0,low,True,True,spectra/asdb_tcrb_20260608_137.fit
2026-06-08,04:53,2461199.704,JPE,DHO-US,9000.0,3940.0,9317.0,high,True,True,spectra/asdb_tcrb_20260608_203.fit
2026-06-09,04:54,2461200.704,FAS,DCO-US,9000.0,3850.0,9250.0,high,True,True,spectra/asdb_tcrb_20260609_204.fit
2026-06-11,04:50,2461202.702,JPE,DHO-US,9000.0,3928.0,9496.0,high,True,True,spectra/asdb_tcrb_20260611_201.fit
2026-06-13,23:23,2461205.475,CBO,OCT-FR,517.0,3700.0,7396.0,low,True,True,spectra/asdb_tcrb_20260613_974.fit
2026-06-14,22:32,2461206.439,RLE,THO-UK,530.0,3750.0,7576.0,low,True,True,spectra/asdb_tcrb_20260614_940.fit
2026-06-18,00:26,2461209.518,CDZ,DSH-SP,1123.0,4747.0,6811.0,low,True,True,spectra/asdb_tcrb_20260618_018.fit
2026-06-19,00:22,2461210.516,CDZ,DSH-SP,1134.0,4747.0,6807.0,low,True,True,spectra/asdb_tcrb_20260619_015.fit
2026-06-19,04:50,2461210.702,FAS,DCO-US,9000.0,3800.0,9000.0,high,True,True,spectra/asdb_tcrb_20260619_201.fit
2026-06-20,22:49,2461212.451,RLE,THO-UK,538.0,3800.0,7580.0,low,True,True,spectra/asdb_tcrb_20260620_951.fit
2026-06-21,08:48,2461212.867,JRF,MTP-US,11000.0,3975.0,8000.0,high,True,True,spectra/asdb_tcrb_20260621_367.fit
2026-06-21,20:48,2461213.367,EBE,SSO-FR,528.0,3869.0,7489.0,low,True,True,spectra/asdb_tcrb_20260621_866.fit
2026-06-22,00:13,2461213.509,CDZ,DSH-SP,1165.0,4810.0,6808.0,low,True,True,spectra/asdb_tcrb_20260622_009.fit
2026-06-22,03:41,2461213.654,KSH,OAK-US,1000.0,3850.0,7250.0,low,True,True,spectra/asdb_tcrb_20260622_153.fit
2026-06-23,04:41,2461214.695,FAS,DCO-US,9000.0,3800.0,9000.0,high,True,True,spectra/asdb_tcrb_20260623_195.fit
2026-06-23,23:23,2461215.475,JCO,EES-UK,717.0,3800.0,7000.0,low,True,True,spectra/asdb_tcrb_20260623_974.fit
2026-06-24,00:47,2461215.533,CDZ,DSH-SP,1156.0,4755.0,6812.0,low,True,True,spectra/asdb_tcrb_20260624_033.fit
2026-06-25,00:46,2461216.533,CDZ,DSH-SP,1141.0,4755.0,6804.0,low,True,True,spectra/asdb_tcrb_20260625_032.fit
2026-06-25,05:01,2461216.709,JPE,DHO-US,9000.0,3908.0,9301.0,high,True,True,spectra/asdb_tcrb_20260625_209.fit
2026-06-25,23:50,2461217.494,CDZ,DSH-SP,1165.0,4754.0,6809.0,low,True,True,spectra/asdb_tcrb_20260625_993.fit
2026-06-26,22:57,2461218.457,CDZ,DSH-SP,1181.0,4755.0,6823.0,low,True,True,spectra/asdb_tcrb_20260626_956.fit
2026-06-27,23:22,2461219.474,CDZ,DSH-SP,1188.0,4755.0,6822.0,low,True,True,spectra/asdb_tcrb_20260627_973.fit
2026-06-28,22:55,2461220.455,CDZ,DSH-SP,1179.0,4755.0,6816.0,low,True,True,spectra/asdb_tcrb_20260628_955.fit
2026-06-29,07:30,2461220.813,JRF,MTP-US,11000.0,3970.0,8000.0,high,True,True,spectra/asdb_tcrb_20260629_312.fit
2026-06-29,22:48,2461221.45,CDZ,DSH-SP,1206.0,4757.0,6808.0,low,True,True,spectra/asdb_tcrb_20260629_950.fit
2026-06-30,06:32,2461221.773,JPE,DHO-US,9000.0,3923.0,9529.0,high,True,True,spectra/asdb_tcrb_20260630_272.fit
2026-06-30,22:50,2461222.452,CDZ,DSH-SP,1177.0,4760.0,6814.0,low,True,True,spectra/asdb_tcrb_20260630_951.fit
2026-07-01,22:56,2461223.456,CDZ,DSH-SP,1180.0,4760.0,6812.0,low,True,True,spectra/asdb_tcrb_20260701_955.fit
2026-07-02,04:30,2461223.688,JPE,DHO-US,9000.0,3901.0,9536.0,high,True,True,spectra/asdb_tcrb_20260702_187.fit
2026-07-02,21:42,2461224.405,FTE,SMM-SP,9000.0,4000.0,7500.0,high,True,True,spectra/asdb_tcrb_20260702_904.fit
2026-07-02,22:56,2461224.456,CDZ,DSH-SP,1173.0,4760.0,6812.0,low,True,True,spectra/asdb_tcrb_20260702_956.fit
2026-07-03,22:46,2461225.449,CDZ,DSH-SP,1175.0,4748.0,6818.0,low,True,True,spectra/asdb_tcrb_20260703_948.fit
2026-07-04,00:16,2461225.512,IBR,HVR-FR,780.0,3232.0,6084.0,low,False,False,spectra/asdb_tcrb_20260704_011.fit
2026-07-08,05:12,2461229.717,KSH,OAK-US,1000.0,3850.0,7245.0,low,True,True,spectra/asdb_tcrb_20260708_217.fit
2026-07-10,22:35,2461232.441,CDZ,DSH-SP,1170.0,4747.0,6817.0,low,True,True,spectra/asdb_tcrb_20260710_941.fit
2026-07-10,22:54,2461232.454,IBR,HVR-FR,834.0,3523.0,6085.0,low,False,False,spectra/asdb_tcrb_20260710_954.fit
2026-07-11,22:36,2461233.442,CDZ,DSH-SP,1172.0,4748.0,6816.0,low,True,True,spectra/asdb_tcrb_20260711_941.fit
2026-07-12,22:39,2461234.444,CDZ,DSH-SP,1168.0,4750.0,6819.0,low,True,True,spectra/asdb_tcrb_20260712_943.fit
2026-07-14,22:42,2461236.446,CDZ,DSH-SP,1172.0,4748.0,6816.0,low,True,True,spectra/asdb_tcrb_20260714_946.fit
2026-07-15,22:43,2461237.447,CDZ,DSH-SP,1165.0,4748.0,6815.0,low,True,True,spectra/asdb_tcrb_20260715_946.fit
2026-07-16,22:42,2461238.446,CDZ,DSH-SP,1174.0,4748.0,6817.0,low,True,True,spectra/asdb_tcrb_20260716_945.fit
2026-07-17,22:48,2461239.45,CDZ,DSH-SP,1160.0,4748.0,6816.0,low,True,True,spectra/asdb_tcrb_20260717_950.fit
2026-07-18,22:39,2461240.444,CDZ,DSH-SP,1174.0,4748.0,6818.0,low,True,True,spectra/asdb_tcrb_20260718_943.fit
2026-07-18,23:03,2461240.461,IBR,HVR-FR,792.0,3571.0,6061.0,low,False,False,spectra/asdb_tcrb_20260718_960.fit
2026-07-19,23:14,2461241.469,CDZ,DSH-SP,1158.0,4748.0,6815.0,low,True,True,spectra/asdb_tcrb_20260719_968.fit
2026-07-20,03:15,2461241.636,KSH,OAK-US,1000.0,3850.0,7250.0,low,True,True,spectra/asdb_tcrb_20260720_135.fit
2026-07-20,22:05,2461242.421,ALE,GIR-FR,684.0,3750.0,7350.0,low,True,True,spectra/asdb_tcrb_20260720_920.fit
2026-07-20,23:38,2461242.485,CDZ,DSH-SP,1106.0,4748.0,6818.0,low,True,True,spectra/asdb_tcrb_20260720_984.fit
2026-07-22,23:23,2461244.475,CDZ,DSH-SP,1129.0,4749.0,6816.0,low,True,True,spectra/asdb_tcrb_20260722_974.fit
2026-07-23,05:29,2461244.729,JPE,DHO-US,9000.0,3940.0,8949.0,high,True,True,spectra/asdb_tcrb_20260723_229.fit
2026-07-25,22:35,2461247.441,CDZ,DSH-SP,1163.0,4748.0,6817.0,low,True,True,spectra/asdb_tcrb_20260725_940.fit
2026-07-26,21:34,2461248.399,FTE,SMM-SP,9000.0,3900.0,9000.0,high,True,True,spectra/asdb_tcrb_20260726_899.fit
2026-07-26,23:59,2461248.5,CDZ,DSH-SP,1159.0,4749.0,6817.0,low,True,True,spectra/asdb_tcrb_20260726_999.fit
2026-07-27,23:01,2461249.459,CDZ,DSH-SP,1157.0,4748.0,6817.0,low,True,True,spectra/asdb_tcrb_20260727_959.fit
2026-07-28,21:27,2461250.394,ALE,GIR-FR,642.0,3750.0,7350.0,low,True,True,spectra/asdb_tcrb_20260728_894.fit
2026-07-30,04:12,2461251.675,KSH,OAK-US,1000.0,3850.0,7239.0,low,True,True,spectra/asdb_tcrb_20260730_175.fit
2026-07-30,22:55,2461252.456,CDZ,DSH-SP,1148.0,4748.0,6817.0,low,True,True,spectra/asdb_tcrb_20260730_955.fit
2026-07-31,06:29,2461252.77,JRF,MTP-US,11000.0,3848.0,8000.0,high,True,True,spectra/asdb_tcrb_20260731_270.fit
2026-08-01,05:14,2461253.718,JPE,DHO-US,9000.0,3923.0,9524.0,high,True,True,spectra/asdb_tcrb_20260801_218.fit
2026-08-01,22:56,2461254.456,CDZ,DSH-SP,1152.0,4748.0,6817.0,low,True,True,spectra/asdb_tcrb_20260801_955.fit
2026-08-02,22:57,2461255.457,CDZ,DSH-SP,1157.0,4749.0,6817.0,low,True,True,spectra/asdb_tcrb_20260802_956.fit
2026-08-03,22:51,2461256.452,CDZ,DSH-SP,1166.0,4749.0,6817.0,low,True,True,spectra/asdb_tcrb_20260803_952.fit
2026-08-04,23:40,2461257.486,SMO,OHP-FR,600.0,3765.0,7699.0,low,True,True,spectra/asdb_tcrb_20260804_986.fit
2026-08-06,23:02,2461259.46,CDZ,DSH-SP,1151.0,4749.0,6817.0,low,True,True,spectra/asdb_tcrb_20260806_960.fit
2026-08-07,06:33,2461259.773,JRF,MTP-US,11000.0,3905.0,8000.0,high,True,True,spectra/asdb_tcrb_20260807_273.fit
2026-08-07,22:50,2461260.451,CDZ,DSH-SP,1169.0,4749.0,6817.0,low,True,True,spectra/asdb_tcrb_20260807_951.fit
2026-08-08,22:49,2461261.451,CDZ,DSH-SP,1153.0,4749.0,6820.0,low,True,True,spectra/asdb_tcrb_20260808_951.fit
2026-08-09,04:56,2461261.706,JPE,DHO-US,9000.0,3912.0,9531.0,high,True,True,spectra/asdb_tcrb_20260809_205.fit
2026-08-09,21:28,2461262.395,RLE,THO-UK,553.0,3850.0,8120.0,low,True,True,spectra/asdb_tcrb_20260809_895.fit
2026-08-09,22:51,2461262.452,CDZ,DSH-SP,1130.0,4749.0,6817.0,low,True,True,spectra/asdb_tcrb_20260809_952.fit
2026-08-10,04:02,2461262.668,KSH,OAK-US,1000.0,3850.0,7249.0,low,True,True,spectra/asdb_tcrb_20260810_168.fit
2026-08-10,22:46,2461263.449,CDZ,DSH-SP,1159.0,4749.0,6817.0,low,True,True,spectra/asdb_tcrb_20260810_948.fit
2026-08-11,02:38,2461263.61,MBU,EY-CA,12594.0,6500.0,6700.0,high,True,False,spectra/asdb_tcrb_20260811_111.fit
2026-08-11,22:45,2461264.448,CDZ,DSH-SP,1161.0,4749.0,6817.0,low,True,True,spectra/asdb_tcrb_20260811_948.fit
2026-08-12,22:18,2461265.43,CDZ,DSH-SP,1173.0,4748.0,6817.0,low,True,True,spectra/asdb_tcrb_20260812_929.fit
2026-08-13,05:48,2461265.742,JRF,MTP-US,11000.0,3965.0,8000.0,high,True,True,spectra/asdb_tcrb_20260813_241.fit
2026-08-16,02:34,2461268.608,MBU,EY-CA,13392.0,6500.0,6700.0,high,True,False,spectra/asdb_tcrb_20260816_107.fit
2026-08-16,06:04,2461268.753,JRF,MTP-US,11000.0,3975.0,8000.0,high,True,True,spectra/asdb_tcrb_20260816_252.fit
2026-08-18,04:56,2461270.706,JPE,DHO-US,9000.0,3901.0,9531.0,high,True,True,spectra/asdb_tcrb_20260818_205.fit
2026-08-19,20:18,2461272.346,FTE,SMM-SP,9000.0,4000.0,7500.0,high,True,True,spectra/asdb_tcrb_20260819_846.fit
2026-08-22,20:22,2461275.349,RLE,THO-UK,589.0,3900.0,7996.0,low,True,True,spectra/asdb_tcrb_20260822_848.fit
2026-08-22,22:06,2461275.421,CDZ,DSH-SP,1150.0,4748.0,6817.0,low,True,True,spectra/asdb_tcrb_20260822_921.fit
2026-08-23,22:00,2461276.417,CDZ,DSH-SP,1168.0,4748.0,6817.0,low,True,True,spectra/asdb_tcrb_20260823_918.fit
2026-08-24,22:07,2461277.422,CDZ,DSH-SP,1173.0,4748.0,6817.0,low,True,True,spectra/asdb_tcrb_20260824_921.fit
2026-08-28,02:16,2461280.595,MBU,EY-CA,12692.0,6500.0,6700.0,high,True,False,spectra/asdb_tcrb_20260828_094.fit
2026-08-28,21:18,2461281.388,CDZ,DSH-SP,1133.0,4748.0,6817.0,low,True,True,spectra/asdb_tcrb_20260828_888.fit
2026-09-05,19:10,2461289.299,FRA,BAL-IT,540.0,3900.0,7230.0,low,True,True,spectra/asdb_tcrb_20260905_799.fit
2026-09-11,19:44,2461295.322,SARO,PRO-IT,679.0,4000.0,7501.0,low,True,True,spectra/asdb_tcrb_20260911_822.fit
2026-09-12,20:10,2461296.341,FTE,SMM-SP,9000.0,3950.0,7500.0,high,True,True,spectra/asdb_tcrb_20260912_840.fit
2026-09-14,04:11,2461297.675,JPE,DHO-US,9000.0,3993.0,8927.0,high,True,True,spectra/asdb_tcrb_20260914_174.fit
2026-09-22,19:56,2461306.331,SARO,PRO-IT,706.0,4000.0,8001.0,low,True,True,spectra/asdb_tcrb_20260922_830.fit
2026-09-23,00:30,2461306.521,MBU,EY-CA,1168.0,4500.0,7200.0,low,True,True,spectra/asdb_tcrb_20260923_020.fit
2026-09-25,19:35,2461309.316,SARO,PRO-IT,757.0,3850.0,8001.0,low,True,True,spectra/asdb_tcrb_20260925_815.fit
