obs_rowid,archive_path,night,bjd_tdb,phase_d,filter_code,exptime_s,airmass,census_class,sn_peak_adu,linearity_cap_adu,usable,exclusion,mag_natural,err_photon,err_scint,err_floor,err_zp,err_total,sn_colour_gi_ps1,colour_in_training_range,mag_ps1
64693,rawimage/2023-05-20/mol14000.fts.fz,2023-05-19,2460084.907886,1.614310,R,255.999985,1.499616,undetermined,3518.000000,1800.000000,0,census undetermined; calibration: <8 ensemble stars; own peak >= cap; error model not validated at this exposure,,,,,,,,,
64694,rawimage/2023-05-20/mol14001.fts.fz,2023-05-19,2460084.911145,1.617569,R,255.999985,1.520018,undetermined,3520.000000,1800.000000,0,census undetermined; calibration: <8 ensemble stars; own peak >= cap; error model not validated at this exposure,,,,,,,,,
64695,rawimage/2023-05-20/mol14002.fts.fz,2023-05-19,2460084.914683,1.621107,R,255.999985,1.552937,rejected,3535.000000,1800.000000,0,census rejected; calibration: <8 ensemble stars; own peak >= cap; error model not validated at this exposure,,,,,,,,,
64696,rawimage/2023-05-20/mol14003.fts.fz,2023-05-19,2460084.919344,1.625768,R,255.999985,1.575085,rejected,3534.000000,1800.000000,0,census rejected; calibration: <8 ensemble stars; own peak >= cap; error model not validated at this exposure,,,,,,,,,
64697,rawimage/2023-05-20/mol14004.fts.fz,2023-05-19,2460084.922544,1.628967,R,255.999985,1.598002,rejected,3538.000000,1800.000000,0,census rejected; calibration: <8 ensemble stars; own peak >= cap; error model not validated at this exposure,,,,,,,,,
64698,rawimage/2023-05-20/mol14006.fts.fz,2023-05-19,2460084.925841,1.632265,R,255.999985,1.622596,undetermined,3533.000000,1800.000000,0,census undetermined; calibration: <8 ensemble stars; own peak >= cap; error model not validated at this exposure,,,,,,,,,
64699,rawimage/2023-05-20/mol14007.fts.fz,2023-05-19,2460084.929102,1.635527,R,255.999985,1.647902,undetermined,3536.000000,1800.000000,0,census undetermined; calibration: <8 ensemble stars; own peak >= cap; error model not validated at this exposure,,,,,,,,,
64700,rawimage/2023-05-20/mol14008.fts.fz,2023-05-19,2460084.932465,1.638890,G,255.999985,1.674981,undetermined,3540.000000,1800.000000,0,census undetermined; calibration: <8 ensemble stars; own peak >= cap; error model not validated at this exposure,,,,,,,,,
64701,rawimage/2023-05-20/mol14009.fts.fz,2023-05-19,2460084.935716,1.642141,G,255.999985,1.702287,undetermined,3537.000000,1800.000000,0,census undetermined; calibration: <8 ensemble stars; own peak >= cap; error model not validated at this exposure,,,,,,,,,
64702,rawimage/2023-05-20/mol1400a.fts.fz,2023-05-19,2460084.941584,1.648008,G,255.999985,1.764455,rejected,3545.000000,1800.000000,0,census rejected; calibration: <8 ensemble stars; own peak >= cap; error model not validated at this exposure,,,,,,,,,
64703,rawimage/2023-05-20/mol1400b.fts.fz,2023-05-19,2460084.945809,1.652233,G,255.999985,1.794279,rejected,3538.000000,1800.000000,0,census rejected; calibration: <8 ensemble stars; own peak >= cap; error model not validated at this exposure,,,,,,,,,
64704,rawimage/2023-05-20/mol1400c.fts.fz,2023-05-19,2460084.948944,1.655370,G,255.999985,1.825291,undetermined,3535.000000,1800.000000,0,census undetermined; calibration: <8 ensemble stars; own peak >= cap; error model not validated at this exposure,,,,,,,,,
64705,rawimage/2023-05-20/mol1400d.fts.fz,2023-05-19,2460084.952196,1.658621,G,255.999985,1.858766,undetermined,3537.000000,1800.000000,0,census undetermined; calibration: <8 ensemble stars; own peak >= cap; error model not validated at this exposure,,,,,,,,,
64706,rawimage/2023-05-20/mol1400e.fts.fz,2023-05-19,2460084.955455,1.661881,G,255.999985,1.893777,undetermined,3538.000000,1800.000000,0,census undetermined; calibration: <8 ensemble stars; own peak >= cap; error model not validated at this exposure,,,,,,,,,
64707,rawimage/2023-05-20/mol1400f.fts.fz,2023-05-19,2460084.958933,1.665359,G,255.999985,1.949661,rejected,3532.000000,1800.000000,0,census rejected; calibration: <8 ensemble stars; own peak >= cap; error model not validated at this exposure,,,,,,,,,
64764,rawimage/2023-05-21/xwg1411c.fts.fz,2023-05-20,2460085.792596,2.500356,G,32.000008,1.124391,rejected,3516.000000,1800.000000,0,census rejected; own peak >= cap; error model not validated at this exposure,12.100108,0.001888,0.002518,0.012740,0.012537,0.018149,-0.424019,0,12.228743
64763,rawimage/2023-05-21/xwg1411b.fts.fz,2023-05-20,2460085.793118,2.500878,R,32.000008,1.125200,rejected,3413.000000,1800.000000,0,census rejected; own peak >= cap; error model not validated at this exposure,12.189935,0.002292,0.002521,0.012026,0.005828,0.013791,-0.424019,0,12.236501
64761,rawimage/2023-05-21/xwg14119.fts.fz,2023-05-20,2460085.793909,2.501484,O,64.000015,1.126086,clean,1403.000000,1800.000000,1,,11.769136,0.006551,0.001785,0.043656,0.010916,0.045509,,,
64760,rawimage/2023-05-21/xwg14118.fts.fz,2023-05-20,2460085.795092,2.502667,1,64.000015,1.127589,bounded_clean,751.000000,1800.000000,1,,11.941349,0.008779,0.001789,0.015405,0.007825,0.019463,,,
64762,rawimage/2023-05-21/xwg1411a.fts.fz,2023-05-20,2460085.796150,2.503724,H,64.000015,1.129192,clean,825.000000,1800.000000,1,,11.875160,0.007444,0.001794,0.032934,0.007987,0.034743,,,
64765,rawimage/2023-05-21/xwg1411d.fts.fz,2023-05-20,2460085.797690,2.505450,I,32.000008,1.131881,rejected,2778.000000,1800.000000,0,census rejected; calibration: fwhm>6.0px; own peak >= cap; error model not validated at this exposure,,,,,,,,,
64769,rawimage/2023-05-21/xwg14121.fts.fz,2023-05-20,2460085.845150,2.552911,R,32.000008,1.242087,rejected,3517.000000,1800.000000,0,census rejected; own peak >= cap; error model not validated at this exposure,12.491285,0.002458,0.002997,0.012026,0.007456,0.014671,-0.424019,0,12.536538
64770,rawimage/2023-05-21/xwg14122.fts.fz,2023-05-20,2460085.845917,2.553678,G,32.000008,1.240354,rejected,3530.000000,1800.000000,0,census rejected; calibration: <8 ensemble stars; own peak >= cap; error model not validated at this exposure,,,,,,,,,
64767,rawimage/2023-05-21/xwg1411f.fts.fz,2023-05-20,2460085.845949,2.553525,O,64.000015,1.244015,rejected,1958.000000,1800.000000,0,census rejected; own peak >= cap,11.777022,0.006183,0.002125,0.043656,0.010680,0.045416,,,
64766,rawimage/2023-05-21/xwg1411e.fts.fz,2023-05-20,2460085.847059,2.554634,1,64.000015,1.246953,undetermined,1066.000000,1800.000000,0,census undetermined,11.916789,0.008374,0.002134,0.015405,0.007650,0.019248,,,
64768,rawimage/2023-05-21/xwg14120.fts.fz,2023-05-20,2460085.848097,2.555673,H,64.000015,1.250262,undetermined,1415.000000,1800.000000,0,census undetermined,11.858542,0.007027,0.002144,0.032934,0.007313,0.034527,,,
64771,rawimage/2023-05-21/xwg14123.fts.fz,2023-05-20,2460085.850273,2.558034,I,32.000008,1.259201,rejected,3377.000000,1800.000000,0,census rejected; own peak >= cap; error model not validated at this exposure,12.378765,0.003132,0.003070,0.016324,0.004844,0.017583,-0.424019,0,12.373693
64775,rawimage/2023-05-21/xwg14127.fts.fz,2023-05-20,2460085.900954,2.608717,R,32.000008,1.490011,rejected,3531.000000,1800.000000,0,census rejected; own peak >= cap; error model not validated at this exposure,12.444163,0.002437,0.004121,0.012026,0.007222,0.014822,-0.424019,0,12.486631
64776,rawimage/2023-05-21/xwg14128.fts.fz,2023-05-20,2460085.901690,2.609453,G,32.000008,1.486664,rejected,3537.000000,1800.000000,0,census rejected; calibration: <8 ensemble stars; own peak >= cap; error model not validated at this exposure,,,,,,,,,
64773,rawimage/2023-05-21/xwg14125.fts.fz,2023-05-20,2460085.901744,2.609322,O,64.000015,1.493731,rejected,1829.000000,1800.000000,0,census rejected; own peak >= cap,11.718594,0.006193,0.002927,0.043656,0.011045,0.045549,,,
64772,rawimage/2023-05-21/xwg14124.fts.fz,2023-05-20,2460085.902908,2.610486,1,64.000015,1.499682,clean,840.000000,1800.000000,1,,11.911922,0.008611,0.002947,0.015405,0.008091,0.019637,,,
64774,rawimage/2023-05-21/xwg14126.fts.fz,2023-05-20,2460085.903944,2.611522,H,64.000015,1.506133,clean,969.000000,1800.000000,1,,11.822111,0.007399,0.002969,0.032934,0.008127,0.034847,,,
64777,rawimage/2023-05-21/xwg14129.fts.fz,2023-05-20,2460085.904759,2.612522,I,32.000008,1.512371,rejected,3359.000000,1800.000000,0,census rejected; own peak >= cap; error model not validated at this exposure,12.278090,0.003043,0.004230,0.016324,0.005084,0.017874,-0.424019,0,12.272175
64781,rawimage/2023-05-21/xwg1412d.fts.fz,2023-05-20,2460085.955070,2.662834,R,32.000008,1.950055,rejected,3518.000000,1800.000000,0,census rejected; own peak >= cap; error model not validated at this exposure,12.412868,0.002469,0.006599,0.012026,0.007008,0.015601,-0.424019,0,12.450168
64779,rawimage/2023-05-21/xwg1412b.fts.fz,2023-05-20,2460085.955858,2.663440,O,64.000015,1.957111,undetermined,1981.000000,1800.000000,0,census undetermined; own peak >= cap,11.700724,0.006322,0.004696,0.043656,0.010987,0.045701,,,
64778,rawimage/2023-05-21/xwg1412a.fts.fz,2023-05-20,2460085.957081,2.664661,1,64.000015,1.969456,clean,1132.000000,1800.000000,1,,11.859867,0.008404,0.004748,0.015405,0.007787,0.019776,,,
64782,rawimage/2023-05-21/xwg1412e.fts.fz,2023-05-20,2460085.957297,2.665062,G,32.000008,1.943725,rejected,3525.000000,1800.000000,0,census rejected; calibration: <8 ensemble stars; own peak >= cap; error model not validated at this exposure,,,,,,,,,
64780,rawimage/2023-05-21/xwg1412c.fts.fz,2023-05-20,2460085.958132,2.665712,H,64.000015,1.982109,rejected,1883.000000,1800.000000,0,census rejected; own peak >= cap,11.793277,0.007021,0.004802,0.032934,0.007427,0.034817,,,
64783,rawimage/2023-05-21/xwg1412f.fts.fz,2023-05-20,2460085.958964,2.666729,I,32.000008,1.994512,rejected,3416.000000,1800.000000,0,census rejected; own peak >= cap; error model not validated at this exposure,12.372752,0.003207,0.006865,0.016324,0.004825,0.018633,-0.424019,0,12.365230
64926,rawimage/2023-05-22/xwg14211.fts.fz,2023-05-21,2460086.747086,3.454981,I,15.999963,1.085742,rejected,3334.000000,1800.000000,0,census rejected; own peak >= cap,11.809458,0.003358,0.003349,0.016324,0.004935,0.017701,-0.424019,0,11.804963
64925,rawimage/2023-05-22/xwg14210.fts.fz,2023-05-21,2460086.747425,3.455366,G,7.999981,1.085894,rejected,3477.000000,1800.000000,0,census rejected; own peak >= cap,11.428009,0.002791,0.004738,0.012740,0.010598,0.017460,-0.424019,0,11.556627
64924,rawimage/2023-05-22/xwg1420f.fts.fz,2023-05-21,2460086.747662,3.455603,R,7.999981,1.086007,rejected,3217.000000,1800.000000,0,census rejected; own peak >= cap; error model not validated at this exposure,11.413867,0.003915,0.004739,0.012026,0.005833,0.014711,-0.424019,0,11.460874
64922,rawimage/2023-05-22/xwg1420d.fts.fz,2023-05-21,2460086.748681,3.455928,O,128.000031,1.086141,rejected,3357.000000,1800.000000,0,census rejected; own peak >= cap; error model not validated at this exposure,11.360271,0.003186,0.001185,0.043656,0.010465,0.045021,,,
64921,rawimage/2023-05-22/xwg1420c.fts.fz,2023-05-21,2460086.751040,3.458287,1,128.000031,1.086870,rejected,2929.000000,1800.000000,0,census rejected; own peak >= cap,11.387632,0.004303,0.001186,0.015405,0.007032,0.017512,,,
64923,rawimage/2023-05-22/xwg1420e.fts.fz,2023-05-21,2460086.752770,3.460017,H,128.000031,1.087698,rejected,3233.000000,1800.000000,0,census rejected; own peak >= cap,11.381917,0.003770,0.001188,0.032934,0.006868,0.033874,,,
64931,rawimage/2023-05-22/xwg1421c.fts.fz,2023-05-21,2460086.830456,3.538400,G,7.999981,1.208052,rejected,3400.000000,1800.000000,0,census rejected; own peak >= cap,11.133995,0.003301,0.005710,0.012740,0.010679,0.017884,-0.424019,0,11.262669
64930,rawimage/2023-05-22/xwg1421b.fts.fz,2023-05-21,2460086.830685,3.538629,R,7.999981,1.208803,rejected,3203.000000,1800.000000,0,census rejected; calibration: cloud (>0.5 mag); own peak >= cap; error model not validated at this exposure,,,,,,,,,
64932,rawimage/2023-05-22/xwg1421d.fts.fz,2023-05-21,2460086.831545,3.539443,I,15.999963,1.207055,rejected,2891.000000,1800.000000,0,census rejected; calibration: cloud (>0.5 mag); own peak >= cap,,,,,,,,,
64928,rawimage/2023-05-22/xwg14219.fts.fz,2023-05-21,2460086.831706,3.538956,O,128.000031,1.209683,undetermined,3093.000000,1800.000000,0,census undetermined; own peak >= cap; error model not validated at this exposure,11.210648,0.004265,0.001431,0.043656,0.010931,0.045228,,,
64927,rawimage/2023-05-22/xwg14218.fts.fz,2023-05-21,2460086.834182,3.541432,1,128.000031,1.214587,rejected,2294.000000,1800.000000,0,census rejected; own peak >= cap,11.393748,0.005392,0.001441,0.015405,0.007482,0.018012,,,
64929,rawimage/2023-05-22/xwg1421a.fts.fz,2023-05-21,2460086.835993,3.543243,H,128.000031,1.219672,undetermined,2786.000000,1800.000000,0,census undetermined; own peak >= cap,11.366618,0.004795,0.001452,0.032934,0.007429,0.034132,,,
64938,rawimage/2023-05-22/xwg14223.fts.fz,2023-05-21,2460086.870248,3.578147,I,15.999963,1.347004,rejected,3005.000000,1800.000000,0,census rejected; own peak >= cap,11.681775,0.003681,0.004885,0.016324,0.004544,0.018015,-0.424019,0,11.676411
64937,rawimage/2023-05-22/xwg14222.fts.fz,2023-05-21,2460086.870655,3.578601,G,7.999981,1.348632,rejected,3387.000000,1800.000000,0,census rejected; own peak >= cap,11.197999,0.002996,0.006923,0.012740,0.009940,0.017833,-0.424019,0,11.326736
64936,rawimage/2023-05-22/xwg14221.fts.fz,2023-05-21,2460086.870896,3.578842,R,7.999981,1.349908,rejected,3259.000000,1800.000000,0,census rejected; own peak >= cap; error model not validated at this exposure,11.468682,0.003589,0.006934,0.012026,0.005846,0.015484,-0.424019,0,11.512723
64934,rawimage/2023-05-22/xwg1421f.fts.fz,2023-05-21,2460086.871916,3.579168,O,128.000031,1.351342,rejected,3304.000000,1800.000000,0,census rejected; own peak >= cap; error model not validated at this exposure,11.323582,0.003787,0.001737,0.043656,0.009753,0.044926,,,
64933,rawimage/2023-05-22/xwg1421e.fts.fz,2023-05-21,2460086.874373,3.581624,1,128.000031,1.359277,rejected,2425.000000,1800.000000,0,census rejected; own peak >= cap,11.411334,0.004915,0.001755,0.015405,0.006691,0.017587,,,
64935,rawimage/2023-05-22/xwg14220.fts.fz,2023-05-21,2460086.876156,3.583407,H,128.000031,1.367430,rejected,3089.000000,1800.000000,0,census rejected; own peak >= cap,11.416125,0.004362,0.001773,0.032934,0.006428,0.033885,,,
64944,rawimage/2023-05-22/xwg14229.fts.fz,2023-05-21,2460086.915644,3.623545,I,15.999963,1.609088,rejected,3355.000000,1800.000000,0,census rejected; own peak >= cap,11.806333,0.003618,0.006667,0.016324,0.004929,0.018663,-0.424019,0,11.800095
64943,rawimage/2023-05-22/xwg14228.fts.fz,2023-05-21,2460086.916049,3.623997,G,7.999981,1.611937,rejected,3447.000000,1800.000000,0,census rejected; own peak >= cap,11.279790,0.002924,0.009458,0.012740,0.010564,0.019285,-0.424019,0,11.408647
64942,rawimage/2023-05-22/xwg14227.fts.fz,2023-05-21,2460086.916281,3.624228,R,7.999981,1.614017,rejected,3358.000000,1800.000000,0,census rejected; own peak >= cap; error model not validated at this exposure,11.502530,0.003482,0.009480,0.012026,0.006033,0.016823,-0.424019,0,11.543605
64940,rawimage/2023-05-22/xwg14225.fts.fz,2023-05-21,2460086.917304,3.624557,O,128.000031,1.616452,rejected,3337.000000,1800.000000,0,census rejected; own peak >= cap; error model not validated at this exposure,11.308932,0.003860,0.002376,0.043656,0.010402,0.045106,,,
64939,rawimage/2023-05-22/xwg14224.fts.fz,2023-05-21,2460086.919717,3.626970,1,128.000031,1.629572,rejected,2858.000000,1800.000000,0,census rejected; own peak >= cap,11.361890,0.004851,0.002410,0.015405,0.007127,0.017817,,,
64941,rawimage/2023-05-22/xwg14226.fts.fz,2023-05-21,2460086.921501,3.628754,H,128.000031,1.643420,rejected,2686.000000,1800.000000,0,census rejected; own peak >= cap,11.363935,0.004503,0.002446,0.032934,0.007180,0.034095,,,
64949,rawimage/2023-05-22/xwg1422e.fts.fz,2023-05-21,2460086.956344,3.664293,G,7.999981,2.001480,rejected,3352.000000,1800.000000,0,census rejected; own peak >= cap,11.113239,0.002688,0.013814,0.012740,0.009724,0.021329,-0.424019,0,11.242271
64948,rawimage/2023-05-22/xwg1422d.fts.fz,2023-05-21,2460086.956573,3.664522,R,7.999981,2.004917,rejected,3207.000000,1800.000000,0,census rejected; own peak >= cap; error model not validated at this exposure,11.400201,0.003191,0.013856,0.012026,0.006422,0.019698,-0.424019,0,11.436885
64950,rawimage/2023-05-22/xwg1422f.fts.fz,2023-05-21,2460086.957403,3.665306,I,15.999963,1.996916,rejected,3249.000000,1800.000000,0,census rejected; own peak >= cap,11.713711,0.003373,0.009729,0.016324,0.005061,0.019953,-0.424019,0,11.706182
64946,rawimage/2023-05-22/xwg1422b.fts.fz,2023-05-21,2460086.957596,3.664850,O,128.000031,2.008943,rejected,3186.000000,1800.000000,0,census rejected; own peak >= cap; error model not validated at this exposure,11.226961,0.003321,0.003476,0.043656,0.009948,0.045032,,,
64945,rawimage/2023-05-22/xwg1422a.fts.fz,2023-05-21,2460086.961002,3.668257,1,128.000031,2.052732,rejected,2141.000000,1800.000000,0,census rejected; own peak >= cap,11.358753,0.004381,0.003610,0.015405,0.007495,0.018047,,,
64947,rawimage/2023-05-22/xwg1422c.fts.fz,2023-05-21,2460086.963461,3.670716,H,128.000031,2.075623,rejected,2820.000000,1800.000000,0,census rejected; own peak >= cap,11.355423,0.003816,0.003680,0.032934,0.007179,0.034122,,,
65091,rawimage/2023-05-24/xwg14402.fts.fz,2023-05-23,2460088.659612,5.367495,1,32.000008,1.132800,clean,825.000000,1800.000000,1,,11.183033,0.009528,0.002551,0.015405,0.008903,0.020343,,,
65092,rawimage/2023-05-24/xwg14403.fts.fz,2023-05-23,2460088.661124,5.369007,O,32.000008,1.130689,clean,1564.000000,1800.000000,1,,11.086546,0.006735,0.002543,0.043656,0.010980,0.045588,,,
65093,rawimage/2023-05-24/xwg14404.fts.fz,2023-05-23,2460088.662538,5.370421,H,32.000008,1.128485,clean,1080.000000,1800.000000,1,,11.242865,0.007899,0.002534,0.032934,0.008460,0.035001,,,
65094,rawimage/2023-05-24/xwg14405.fts.fz,2023-05-23,2460088.663654,5.371719,R,0.499983,1.126526,clean,516.000000,1800.000000,1,,11.258237,0.013353,0.020210,0.012026,0.013343,0.030156,-0.424019,0,11.304788
65095,rawimage/2023-05-24/xwg14406.fts.fz,2023-05-23,2460088.664436,5.372501,G,0.499983,1.125104,clean,891.000000,1800.000000,1,,10.854683,0.009931,0.020165,0.012740,0.015196,0.029975,-0.424019,0,10.983318
65096,rawimage/2023-05-24/xwg14407.fts.fz,2023-05-23,2460088.665402,5.373467,I,0.499983,1.123690,clean,242.000000,1800.000000,1,,11.466197,0.021149,0.020121,0.016324,0.016340,0.037224,-0.424019,0,11.461576
65097,rawimage/2023-05-24/xwg14408.fts.fz,2023-05-23,2460088.666305,5.374362,R,2.000016,1.122417,clean,1252.000000,1800.000000,1,,11.203793,0.005867,0.010040,0.012026,0.007434,0.018306,-0.424019,0,11.250391
65098,rawimage/2023-05-24/xwg14409.fts.fz,2023-05-23,2460088.667303,5.375360,G,2.000016,1.121035,rejected,2124.000000,1800.000000,0,census rejected; own peak >= cap,10.845581,0.004543,0.010019,0.012740,0.010380,0.019775,-0.424019,0,10.974215
65099,rawimage/2023-05-24/xwg1440a.fts.fz,2023-05-23,2460088.668281,5.376338,I,2.000016,1.119680,clean,677.000000,1800.000000,1,,11.421529,0.009076,0.009998,0.016324,0.007176,0.022367,-0.424019,0,11.416921
65101,rawimage/2023-05-24/xwg14413.fts.fz,2023-05-23,2460088.709595,5.417654,R,2.000016,1.084753,clean,1366.000000,1800.000000,1,,11.195758,0.006059,0.009458,0.012026,0.007350,0.018023,-0.424019,0,11.242778
65103,rawimage/2023-05-24/xwg1441f.fts.fz,2023-05-23,2460088.751227,5.459287,G,2.000016,1.090246,rejected,3222.000000,1800.000000,0,census rejected; own peak >= cap,10.916966,0.004763,0.009542,0.012740,0.010104,0.019446,-0.424019,0,11.045586
65104,rawimage/2023-05-24/xwg14425.fts.fz,2023-05-23,2460088.794280,5.502168,H,32.000008,1.139540,undetermined,1144.000000,1800.000000,0,census undetermined,11.281271,0.008351,0.002578,0.032934,0.008541,0.035128,,,
65112,rawimage/2023-05-24/xwg14435.fts.fz,2023-05-23,2460088.831446,5.539509,G,2.000016,1.225698,rejected,2463.000000,1800.000000,0,census rejected; own peak >= cap,10.870073,0.004722,0.011713,0.012740,0.011222,0.021159,-0.423523,0,10.998702
65111,rawimage/2023-05-24/xwg14434.fts.fz,2023-05-23,2460088.831647,5.539710,R,2.000016,1.226275,clean,1778.000000,1800.000000,1,,11.194852,0.006062,0.011722,0.012026,0.007189,0.019247,-0.423511,0,11.240264
65110,rawimage/2023-05-24/xwg14433.fts.fz,2023-05-23,2460088.831908,5.539980,I,0.499983,1.227092,clean,279.000000,1800.000000,1,,11.422360,0.020571,0.023472,0.016324,0.018045,0.039576,-0.423494,0,11.417397
65109,rawimage/2023-05-24/xwg14432.fts.fz,2023-05-23,2460088.832091,5.540163,G,0.499983,1.227639,clean,995.000000,1800.000000,1,,10.861219,0.010228,0.023491,0.012740,0.017789,0.033692,-0.423483,0,10.989845
65108,rawimage/2023-05-24/xwg14431.fts.fz,2023-05-23,2460088.832275,5.540347,R,0.499983,1.228186,clean,696.000000,1800.000000,1,,11.187654,0.012799,0.023509,0.012026,0.011968,0.031691,-0.423471,0,11.233043
65113,rawimage/2023-05-24/xwg14436.fts.fz,2023-05-23,2460088.832734,5.540798,I,2.000016,1.225088,clean,990.000000,1800.000000,1,,11.447080,0.009242,0.011702,0.016324,0.007464,0.023336,-0.423444,0,11.442124
65106,rawimage/2023-05-24/xwg1442f.fts.fz,2023-05-23,2460088.833386,5.541277,O,32.000008,1.230945,undetermined,1927.000000,1800.000000,0,census undetermined; own peak >= cap,11.048357,0.006780,0.002950,0.043656,0.011020,0.045628,,,
65105,rawimage/2023-05-24/xwg1442e.fts.fz,2023-05-23,2460088.835770,5.543660,1,32.000008,1.238160,clean,1181.000000,1800.000000,1,,11.090325,0.008429,0.002980,0.015405,0.008766,0.019852,,,
65107,rawimage/2023-05-24/xwg14430.fts.fz,2023-05-23,2460088.836606,5.544496,H,32.000008,1.240241,clean,1333.000000,1800.000000,1,,11.185219,0.007569,0.002989,0.032934,0.008317,0.034930,,,
65123,rawimage/2023-05-24/xwg14440.fts.fz,2023-05-23,2460088.870379,5.578443,G,2.000016,1.371595,rejected,2523.000000,1800.000000,0,census rejected; own peak >= cap,10.826824,0.004892,0.014260,0.012740,0.010695,0.022449,-0.421127,0,10.955267
65122,rawimage/2023-05-24/xwg1443f.fts.fz,2023-05-23,2460088.870582,5.578646,R,2.000016,1.372516,clean,1065.000000,1800.000000,1,,11.168951,0.006235,0.014277,0.012026,0.007560,0.021083,-0.421115,0,11.212635
65121,rawimage/2023-05-24/xwg1443e.fts.fz,2023-05-23,2460088.870843,5.578916,I,0.499983,1.373820,clean,312.000000,1800.000000,1,,11.417314,0.021221,0.028602,0.016324,0.016169,0.042383,-0.421098,0,11.411873
65120,rawimage/2023-05-24/xwg1443d.fts.fz,2023-05-23,2460088.871028,5.579101,G,0.499983,1.374691,clean,698.000000,1800.000000,1,,10.861909,0.010682,0.028634,0.012740,0.017023,0.037230,-0.421087,0,10.990349
65119,rawimage/2023-05-24/xwg1443c.fts.fz,2023-05-23,2460088.871213,5.579287,R,0.499983,1.375565,clean,518.000000,1800.000000,1,,11.190463,0.013354,0.028666,0.012026,0.013389,0.036386,-0.421075,0,11.234111
65117,rawimage/2023-05-24/xwg1443a.fts.fz,2023-05-23,2460088.871629,5.579521,O,32.000008,1.376714,undetermined,1390.000000,1800.000000,0,census undetermined,11.004442,0.007016,0.003588,0.043656,0.011791,0.045902,,,
65124,rawimage/2023-05-24/xwg14441.fts.fz,2023-05-23,2460088.871668,5.579733,I,2.000016,1.370622,clean,661.000000,1800.000000,1,,11.388868,0.009626,0.014243,0.016324,0.007741,0.024938,-0.421048,0,11.383438
65116,rawimage/2023-05-24/xwg14439.fts.fz,2023-05-23,2460088.872461,5.580352,1,32.000008,1.379794,clean,792.000000,1800.000000,0,calibration: cloud (>0.5 mag),,,,,,,,,
65118,rawimage/2023-05-24/xwg1443b.fts.fz,2023-05-23,2460088.875804,5.583696,H,32.000008,1.396753,undetermined,953.000000,1800.000000,0,census undetermined,11.173339,0.008792,0.003680,0.032934,0.009061,0.035463,,,
65129,rawimage/2023-05-24/xwg1444b.fts.fz,2023-05-23,2460088.916744,5.624810,G,2.000016,1.658975,rejected,2857.000000,1800.000000,0,census rejected; own peak >= cap,10.787483,0.004869,0.019893,0.012740,0.011012,0.026514,-0.418274,0,10.915756
65128,rawimage/2023-05-24/xwg14449.fts.fz,2023-05-23,2460088.917011,5.625088,I,0.499983,1.661214,bounded_clean,184.000000,1800.000000,1,,11.445898,0.023849,0.039881,0.016324,0.023133,0.054414,-0.418257,0,11.439517
65126,rawimage/2023-05-24/xwg14444.fts.fz,2023-05-23,2460088.917445,5.625337,1,32.000008,1.663272,clean,834.000000,1800.000000,0,calibration: cloud (>0.5 mag),,,,,,,,,
65130,rawimage/2023-05-24/xwg1444c.fts.fz,2023-05-23,2460088.918003,5.626069,I,2.000016,1.657301,clean,829.000000,1800.000000,1,,11.377450,0.009337,0.019858,0.016324,0.007679,0.028407,-0.418196,0,11.371083
65127,rawimage/2023-05-24/xwg14446.fts.fz,2023-05-23,2460088.919296,5.627188,H,32.000008,1.678149,clean,861.000000,1800.000000,0,calibration: cloud (>0.5 mag),,,,,,,,,
65140,rawimage/2023-05-24/xwg14456.fts.fz,2023-05-23,2460088.956105,5.664173,G,2.000016,2.067634,clean,1254.000000,1800.000000,1,,10.863227,0.005304,0.029246,0.012740,0.012323,0.034606,-0.415852,0,10.991428
65139,rawimage/2023-05-24/xwg14455.fts.fz,2023-05-23,2460088.956308,5.664376,R,2.000016,2.070244,clean,623.000000,1800.000000,1,,11.191850,0.006610,0.029310,0.012026,0.009933,0.033854,-0.415839,0,11.227560
65138,rawimage/2023-05-24/xwg14454.fts.fz,2023-05-23,2460088.956567,5.664645,I,0.499983,2.073939,bounded_clean,216.000000,1800.000000,1,,11.489330,0.023937,0.058805,0.016324,0.025504,0.070342,-0.415823,0,11.481597
65137,rawimage/2023-05-24/xwg14453.fts.fz,2023-05-23,2460088.956742,5.664819,G,0.499983,2.076256,clean,366.000000,1800.000000,1,,10.918500,0.011661,0.058920,0.012740,0.022815,0.065501,-0.415812,0,11.046701
65136,rawimage/2023-05-24/xwg14452.fts.fz,2023-05-23,2460088.956927,5.665003,R,0.499983,2.078733,clean,311.000000,1800.000000,1,,11.274050,0.015796,0.059043,0.012026,0.019578,0.065296,-0.415800,0,11.309664
65134,rawimage/2023-05-24/xwg14450.fts.fz,2023-05-23,2460088.957344,5.665240,O,32.000008,2.081993,undetermined,677.000000,1800.000000,0,census undetermined; calibration: cloud (>0.5 mag),,,,,,,,,
65141,rawimage/2023-05-24/xwg14457.fts.fz,2023-05-23,2460088.957364,5.665432,I,2.000016,2.064879,clean,514.000000,1800.000000,1,,11.414719,0.009938,0.029178,0.016324,0.009176,0.036066,-0.415774,0,11.407015
65133,rawimage/2023-05-24/xwg1444f.fts.fz,2023-05-23,2460088.958175,5.666069,1,32.000008,2.090741,clean,535.000000,1800.000000,0,calibration: cloud (>0.5 mag),,,,,,,,,
65135,rawimage/2023-05-24/xwg14451.fts.fz,2023-05-23,2460088.961435,5.669331,H,32.000008,2.137949,undetermined,572.000000,1800.000000,0,census undetermined; calibration: cloud (>0.5 mag),,,,,,,,,
65243,rawimage/2023-05-25/xwg14502.fts.fz,2023-05-24,2460089.660204,6.368133,1,32.000008,1.127554,clean,922.000000,1800.000000,1,,11.083905,0.009046,0.002530,0.015405,0.010027,0.020641,,,
65244,rawimage/2023-05-25/xwg14503.fts.fz,2023-05-24,2460089.661763,6.369691,O,32.000008,1.125497,undetermined,1498.000000,1800.000000,0,census undetermined,11.016472,0.006949,0.002522,0.043656,0.012083,0.045896,,,
65245,rawimage/2023-05-25/xwg14504.fts.fz,2023-05-24,2460089.663190,6.371119,H,32.000008,1.123409,clean,985.000000,1800.000000,1,,11.198913,0.007997,0.002514,0.032934,0.009498,0.035287,,,
65246,rawimage/2023-05-25/xwg14505.fts.fz,2023-05-24,2460089.664362,6.372473,R,0.499983,1.121489,clean,444.000000,1800.000000,1,,11.267668,0.013195,0.020052,0.012026,0.013599,0.030096,-0.372266,0,11.312305
65247,rawimage/2023-05-25/xwg14506.fts.fz,2023-05-24,2460089.665178,6.373289,G,0.499983,1.120125,clean,565.000000,1800.000000,1,,10.889658,0.010470,0.020010,0.012740,0.019561,0.032480,-0.372216,0,11.012847
65248,rawimage/2023-05-25/xwg14507.fts.fz,2023-05-24,2460089.666133,6.374244,I,0.499983,1.118802,clean,278.000000,1800.000000,1,,11.388742,0.020136,0.019968,0.016324,0.017024,0.036885,-0.372157,0,11.384332
65249,rawimage/2023-05-25/xwg14508.fts.fz,2023-05-24,2460089.667072,6.375175,R,2.000016,1.117581,rejected,1821.000000,1800.000000,0,census rejected; own peak >= cap,11.181976,0.005793,0.009965,0.012026,0.007404,0.018229,-0.372100,0,11.226649
65250,rawimage/2023-05-25/xwg14509.fts.fz,2023-05-24,2460089.668083,6.376186,G,2.000016,1.116247,rejected,2392.000000,1800.000000,0,census rejected; own peak >= cap,10.871385,0.004745,0.009944,0.012740,0.010908,0.020067,-0.372037,0,10.994554
65251,rawimage/2023-05-25/xwg1450a.fts.fz,2023-05-24,2460089.669055,6.377157,I,2.000016,1.114998,clean,711.000000,1800.000000,1,,11.394822,0.008953,0.009925,0.016324,0.007968,0.022553,-0.371978,0,11.390425
65254,rawimage/2023-05-25/xwg14515.fts.fz,2023-05-24,2460089.709352,6.417456,I,2.000016,1.083939,clean,959.000000,1800.000000,1,,11.387672,0.008842,0.009446,0.016324,0.007272,0.022063,-0.369623,0,11.383383
65253,rawimage/2023-05-25/xwg1450f.fts.fz,2023-05-24,2460089.712319,6.420250,H,32.000008,1.083198,clean,1095.000000,1800.000000,1,,11.228020,0.007678,0.002359,0.032934,0.009054,0.035088,,,
65255,rawimage/2023-05-25/xwg14518.fts.fz,2023-05-24,2460089.751882,6.459814,1,32.000008,1.092382,clean,824.000000,1800.000000,1,,11.078808,0.009385,0.002394,0.015405,0.009142,0.020364,,,
65256,rawimage/2023-05-25/xwg1451a.fts.fz,2023-05-24,2460089.753332,6.461265,H,32.000008,1.093355,clean,1236.000000,1800.000000,1,,11.209837,0.007509,0.002397,0.032934,0.008356,0.034880,,,
65258,rawimage/2023-05-25/xwg14523.fts.fz,2023-05-24,2460089.793407,6.501341,1,32.000008,1.142810,clean,1270.000000,1800.000000,1,,11.108779,0.008602,0.002590,0.015405,0.008948,0.019952,,,
65259,rawimage/2023-05-25/xwg14536.fts.fz,2023-05-24,2460089.831489,6.539598,I,2.000016,1.234013,clean,923.000000,1800.000000,1,,11.377067,0.008858,0.011852,0.016324,0.007269,0.023200,-0.363258,0,11.372327
65519,rawimage/2023-05-27/xwg14701.fts.fz,2023-05-26,2460091.657749,8.365584,1,64.000015,1.123263,clean,1318.000000,1800.000000,1,,11.153384,0.005765,0.001777,0.015405,0.007490,0.018160,,,
65520,rawimage/2023-05-27/xwg14702.fts.fz,2023-05-26,2460091.659146,8.366982,O,64.000015,1.121801,rejected,2340.000000,1800.000000,0,census rejected; own peak >= cap,11.185593,0.004330,0.001773,0.043656,0.010068,0.045045,,,
65521,rawimage/2023-05-27/xwg14703.fts.fz,2023-05-26,2460091.660151,8.367987,H,64.000015,1.120399,clean,1457.000000,1800.000000,1,,11.280806,0.005141,0.001769,0.032934,0.007816,0.034283,,,
65522,rawimage/2023-05-27/xwg14704.fts.fz,2023-05-26,2460091.660785,8.368968,R,4.000032,1.119056,clean,1697.000000,1800.000000,1,,11.196602,0.004765,0.007062,0.012026,0.006497,0.016106,-0.267927,0,11.237290
65523,rawimage/2023-05-27/xwg14705.fts.fz,2023-05-26,2460091.661118,8.369313,G,2.000016,1.118108,clean,1643.000000,1800.000000,1,,10.989577,0.004878,0.009973,0.012740,0.011011,0.020169,-0.267909,0,11.101804
65524,rawimage/2023-05-27/xwg14706.fts.fz,2023-05-26,2460091.661413,8.369596,I,4.000032,1.117738,clean,980.000000,1800.000000,0,error model not validated at this exposure,11.366240,0.006384,0.007048,0.016324,0.006223,0.019891,-0.267894,0,11.362226
65531,rawimage/2023-05-27/xwg1470d.fts.fz,2023-05-26,2460091.675605,8.383789,I,4.000032,1.101576,clean,996.000000,1800.000000,0,error model not validated at this exposure,11.342367,0.006301,0.006871,0.016324,0.006241,0.019808,-0.267155,0,11.338403
65530,rawimage/2023-05-27/xwg1470c.fts.fz,2023-05-26,2460091.676131,8.384326,G,2.000016,1.100988,rejected,1835.000000,1800.000000,0,census rejected; own peak >= cap,10.956375,0.004783,0.009707,0.012740,0.010716,0.019856,-0.267127,0,11.068513
65529,rawimage/2023-05-27/xwg1470b.fts.fz,2023-05-26,2460091.676351,8.384535,R,4.000032,1.100791,rejected,2143.000000,1800.000000,0,census rejected; own peak >= cap,11.189764,0.003912,0.006862,0.012026,0.006166,0.015653,-0.267116,0,11.230600
65528,rawimage/2023-05-27/xwg1470a.fts.fz,2023-05-26,2460091.677347,8.385183,H,64.000015,1.100183,undetermined,1500.000000,1800.000000,0,census undetermined,11.246840,0.005002,0.001714,0.032934,0.007657,0.034224,,,
65527,rawimage/2023-05-27/xwg14709.fts.fz,2023-05-26,2460091.679114,8.386950,O,64.000015,1.098895,undetermined,2374.000000,1800.000000,0,census undetermined; own peak >= cap,11.159237,0.004259,0.001710,0.043656,0.010444,0.045122,,,
65526,rawimage/2023-05-27/xwg14708.fts.fz,2023-05-26,2460091.680462,8.388298,1,64.000015,1.097716,undetermined,1031.000000,1800.000000,0,census undetermined,11.102763,0.006342,0.001707,0.015405,0.007914,0.018522,,,
65538,rawimage/2023-05-27/xwg14714.fts.fz,2023-05-26,2460091.736622,8.444808,I,4.000032,1.086830,clean,1549.000000,1800.000000,0,error model not validated at this exposure,11.349905,0.006083,0.006710,0.016324,0.005502,0.019462,-0.263975,0,11.345995
65537,rawimage/2023-05-27/xwg14713.fts.fz,2023-05-26,2460091.737149,8.445347,G,2.000016,1.087122,clean,1481.000000,1800.000000,1,,10.992836,0.005790,0.009494,0.012740,0.011037,0.020194,-0.263947,0,11.104634
65536,rawimage/2023-05-27/xwg14712.fts.fz,2023-05-26,2460091.737376,8.445563,R,4.000032,1.087229,rejected,1871.000000,1800.000000,0,census rejected; own peak >= cap,11.232037,0.005270,0.006715,0.012026,0.006591,0.016153,-0.263936,0,11.272884
65535,rawimage/2023-05-27/xwg14711.fts.fz,2023-05-26,2460091.738367,8.446206,H,64.000015,1.087545,undetermined,1096.000000,1800.000000,0,census undetermined; calibration: cloud (>0.5 mag),,,,,,,,,
65534,rawimage/2023-05-27/xwg14710.fts.fz,2023-05-26,2460091.740069,8.447908,O,64.000015,1.088243,undetermined,,1800.000000,0,census undetermined; no WCS; no SN flux,,,,,,,,,
65533,rawimage/2023-05-27/xwg1470f.fts.fz,2023-05-26,2460091.741273,8.449112,1,64.000015,1.088912,undetermined,,1800.000000,0,census undetermined; no WCS; no SN flux,,,,,,,,,
65540,rawimage/2023-05-27/xwg14717.fts.fz,2023-05-26,2460091.791802,8.499643,O,64.000015,1.150048,undetermined,1655.000000,1800.000000,0,census undetermined; calibration: cloud (>0.5 mag),,,,,,,,,
65541,rawimage/2023-05-27/xwg1471b.fts.fz,2023-05-26,2460091.792262,8.500450,I,4.000032,1.148766,clean,553.000000,1800.000000,0,calibration: cloud (>0.5 mag); error model not validated at this exposure,,,,,,,,,
65544,rawimage/2023-05-27/xwg14722.fts.fz,2023-05-26,2460091.832690,8.540880,I,4.000032,1.254188,clean,178.000000,1800.000000,0,calibration: cloud (>0.5 mag); error model not validated at this exposure,,,,,,,,,
65543,rawimage/2023-05-27/xwg1471e.fts.fz,2023-05-26,2460091.833333,8.541177,O,64.000015,1.256440,undetermined,,1800.000000,0,census undetermined; no WCS; no SN flux,,,,,,,,,
65542,rawimage/2023-05-27/xwg1471d.fts.fz,2023-05-26,2460091.834805,8.542649,1,64.000015,1.260146,undetermined,,1800.000000,0,census undetermined; no WCS; no SN flux,,,,,,,,,
65551,rawimage/2023-05-27/xwg14729.fts.fz,2023-05-26,2460091.868797,8.576988,I,4.000032,1.404337,clean,412.000000,1800.000000,0,calibration: cloud (>0.5 mag); error model not validated at this exposure,,,,,,,,,
65550,rawimage/2023-05-27/xwg14728.fts.fz,2023-05-26,2460091.869393,8.577597,G,2.000016,1.407449,bounded_clean,222.000000,1800.000000,0,calibration: cloud (>0.5 mag),,,,,,,,,
65549,rawimage/2023-05-27/xwg14727.fts.fz,2023-05-26,2460091.869602,8.577793,R,4.000032,1.408392,clean,525.000000,1800.000000,0,calibration: cloud (>0.5 mag),,,,,,,,,
65548,rawimage/2023-05-27/xwg14726.fts.fz,2023-05-26,2460091.870594,8.578439,H,64.000015,1.411712,undetermined,,1800.000000,0,census undetermined; no WCS; no SN flux,,,,,,,,,
65547,rawimage/2023-05-27/xwg14725.fts.fz,2023-05-26,2460091.872111,8.579956,O,64.000015,1.417701,undetermined,,1800.000000,0,census undetermined; no WCS; no SN flux,,,,,,,,,
65546,rawimage/2023-05-27/xwg14724.fts.fz,2023-05-26,2460091.873168,8.581013,1,64.000015,1.423283,undetermined,,1800.000000,0,census undetermined; no WCS; no SN flux,,,,,,,,,
65554,rawimage/2023-05-27/xwg14730.fts.fz,2023-05-26,2460091.915867,8.624061,I,4.000032,1.721606,bounded_clean,,1800.000000,0,S2c indeterminate and own PSF check not passed; no WCS; no SN flux; error model not validated at this exposure,,,,,,,,,
65553,rawimage/2023-05-27/xwg1472c.fts.fz,2023-05-26,2460091.916891,8.624739,O,64.000015,1.727644,undetermined,,1800.000000,0,census undetermined; no WCS; no SN flux,,,,,,,,,
65558,rawimage/2023-05-27/xwg14737.fts.fz,2023-05-26,2460091.956553,8.664749,I,4.000032,2.190988,bounded_clean,,1800.000000,0,no WCS; no SN flux; error model not validated at this exposure,,,,,,,,,
65557,rawimage/2023-05-27/xwg14736.fts.fz,2023-05-26,2460091.957145,8.665353,G,2.000016,2.200012,bounded_clean,,1800.000000,0,S2c indeterminate and own PSF check not passed; no WCS; no SN flux,,,,,,,,,
65556,rawimage/2023-05-27/xwg14733.fts.fz,2023-05-26,2460091.957757,8.665606,O,64.000015,2.203852,undetermined,,1800.000000,0,census undetermined; no WCS; no SN flux,,,,,,,,,
65555,rawimage/2023-05-27/xwg14732.fts.fz,2023-05-26,2460091.960576,8.668425,1,64.000015,2.247193,undetermined,,1800.000000,0,census undetermined; no WCS; no SN flux,,,,,,,,,
65565,rawimage/2023-05-27/xwg1473e.fts.fz,2023-05-26,2460091.966058,8.674255,I,4.000032,2.342783,bounded_clean,,1800.000000,0,no WCS; no SN flux; error model not validated at this exposure,,,,,,,,,
65564,rawimage/2023-05-27/xwg1473d.fts.fz,2023-05-26,2460091.966667,8.674875,G,2.000016,2.353507,bounded_clean,,1800.000000,0,S2c indeterminate and own PSF check not passed; no WCS; no SN flux,,,,,,,,,
65563,rawimage/2023-05-27/xwg1473c.fts.fz,2023-05-26,2460091.966880,8.675077,R,4.000032,2.356904,bounded_clean,,1800.000000,0,S2c indeterminate and own PSF check not passed; no WCS; no SN flux,,,,,,,,,
65562,rawimage/2023-05-27/xwg1473b.fts.fz,2023-05-26,2460091.967848,8.675697,H,64.000015,2.367757,undetermined,,1800.000000,0,census undetermined; no WCS; no SN flux,,,,,,,,,
65561,rawimage/2023-05-27/xwg1473a.fts.fz,2023-05-26,2460091.969279,8.677129,O,64.000015,2.386476,undetermined,525.000000,1800.000000,0,census undetermined; calibration: cloud (>0.5 mag),,,,,,,,,
65560,rawimage/2023-05-27/xwg14739.fts.fz,2023-05-26,2460091.970586,8.678436,1,64.000015,2.409870,undetermined,,1800.000000,0,census undetermined; no WCS; no SN flux,,,,,,,,,
65637,rawimage/2023-05-28/xwg14801.fts.fz,2023-05-27,2460092.661599,9.369111,1,128.000031,1.114827,rejected,3190.000000,1800.000000,0,census rejected; own peak >= cap,11.103361,0.003624,0.001240,0.015405,0.006340,0.017093,,,
65638,rawimage/2023-05-28/xwg14802.fts.fz,2023-05-27,2460092.663713,9.371595,O,64.000015,1.112637,rejected,2921.000000,1800.000000,0,census rejected; own peak >= cap,11.140608,0.004165,0.001748,0.043656,0.009346,0.044873,,,
65639,rawimage/2023-05-28/xwg14803.fts.fz,2023-05-27,2460092.664710,9.372221,H,128.000031,1.111433,undetermined,3231.000000,1800.000000,0,census undetermined; own peak >= cap,11.254059,0.003409,0.001234,0.032934,0.006148,0.033699,,,
65641,rawimage/2023-05-28/xwg14805.fts.fz,2023-05-27,2460092.666705,9.374946,G,2.000016,1.107858,rejected,2660.000000,1800.000000,0,census rejected; own peak >= cap,11.011193,0.004858,0.009814,0.012740,0.009480,0.019289,-0.215504,0,11.117909
65640,rawimage/2023-05-28/xwg14804.fts.fz,2023-05-27,2460092.666755,9.374984,R,4.000032,1.108640,rejected,3074.000000,1800.000000,0,census rejected; own peak >= cap,11.210970,0.003852,0.006948,0.012026,0.005722,0.015507,-0.215502,0,11.249758
65642,rawimage/2023-05-28/xwg14806.fts.fz,2023-05-27,2460092.667014,9.375221,I,7.999981,1.107561,rejected,2715.000000,1800.000000,0,census rejected; own peak >= cap,11.333851,0.003803,0.004905,0.016324,0.004533,0.018043,-0.215490,0,11.330062
65649,rawimage/2023-05-28/xwg1480d.fts.fz,2023-05-27,2460092.672258,9.380465,I,7.999981,1.102084,rejected,3254.000000,1800.000000,0,census rejected; own peak >= cap,11.388050,0.003887,0.004862,0.016324,0.005080,0.018194,-0.215217,0,11.384277
65648,rawimage/2023-05-28/xwg1480c.fts.fz,2023-05-27,2460092.672897,9.381139,G,2.000016,1.101421,rejected,2959.000000,1800.000000,0,census rejected; own peak >= cap,11.030869,0.004960,0.009714,0.012740,0.010345,0.019705,-0.215181,0,11.137548
65647,rawimage/2023-05-28/xwg1480b.fts.fz,2023-05-27,2460092.673120,9.381350,R,4.000032,1.101222,rejected,3165.000000,1800.000000,0,census rejected; own peak >= cap,11.208348,0.003882,0.006867,0.012026,0.006763,0.015893,-0.215170,0,11.247193
65646,rawimage/2023-05-28/xwg1480a.fts.fz,2023-05-27,2460092.674483,9.381995,H,128.000031,1.100607,undetermined,3284.000000,1800.000000,0,census undetermined; own peak >= cap,11.310301,0.003474,0.001213,0.032934,0.007085,0.033888,,,
65645,rawimage/2023-05-28/xwg14809.fts.fz,2023-05-27,2460092.677197,9.385080,O,64.000015,1.098464,rejected,3173.000000,1800.000000,0,census rejected; own peak >= cap,11.209473,0.004287,0.001709,0.043656,0.010354,0.045104,,,
65644,rawimage/2023-05-28/xwg14808.fts.fz,2023-05-27,2460092.678525,9.386037,1,128.000031,1.097311,undetermined,3205.000000,1800.000000,0,census undetermined; own peak >= cap,11.125954,0.003908,0.001206,0.015405,0.007421,0.017581,,,
65655,rawimage/2023-05-28/xwg14813.fts.fz,2023-05-27,2460092.731704,9.439948,G,2.000016,1.085918,rejected,2253.000000,1800.000000,0,census rejected; own peak >= cap,10.988076,0.004828,0.009476,0.012740,0.011331,0.020095,-0.212117,0,11.094427
65654,rawimage/2023-05-28/xwg14812.fts.fz,2023-05-27,2460092.731929,9.440162,R,4.000032,1.086006,rejected,3245.000000,1800.000000,0,census rejected; own peak >= cap,11.206279,0.003846,0.006702,0.012026,0.006450,0.015682,-0.212106,0,11.245147
65656,rawimage/2023-05-28/xwg14814.fts.fz,2023-05-27,2460092.732573,9.440783,I,7.999981,1.085640,rejected,3210.000000,1800.000000,0,census rejected; own peak >= cap,11.328973,0.003806,0.004736,0.016324,0.004664,0.018032,-0.212073,0,11.325257
65653,rawimage/2023-05-28/xwg14811.fts.fz,2023-05-27,2460092.733300,9.440816,H,128.000031,1.086292,rejected,3325.000000,1800.000000,0,census rejected; own peak >= cap,11.286151,0.003462,0.001185,0.032934,0.006650,0.033798,,,
65652,rawimage/2023-05-28/xwg14810.fts.fz,2023-05-27,2460092.736446,9.444332,O,64.000015,1.087986,rejected,3227.000000,1800.000000,0,census rejected; own peak >= cap,11.195432,0.004321,0.001681,0.043656,0.009445,0.044906,,,
65651,rawimage/2023-05-28/xwg1480f.fts.fz,2023-05-27,2460092.738109,9.445625,1,128.000031,1.088487,rejected,3291.000000,1800.000000,0,census rejected; own peak >= cap,11.151926,0.003656,0.001189,0.015405,0.006168,0.017033,,,
65659,rawimage/2023-05-28/xwg1481a.fts.fz,2023-05-27,2460092.789701,9.497948,G,2.000016,1.152028,rejected,3074.000000,1800.000000,0,census rejected; own peak >= cap,10.992765,0.004842,0.010509,0.012740,0.010425,0.020121,-0.209094,0,11.098824
65658,rawimage/2023-05-28/xwg14817.fts.fz,2023-05-27,2460092.790336,9.498224,O,64.000015,1.152561,rejected,3191.000000,1800.000000,0,census rejected; own peak >= cap,11.156725,0.004303,0.001859,0.043656,0.009917,0.045013,,,
65660,rawimage/2023-05-28/xwg1481b.fts.fz,2023-05-27,2460092.790569,9.498781,I,7.999981,1.150747,rejected,3183.000000,1800.000000,0,census rejected; own peak >= cap,11.324186,0.004587,0.005244,0.016324,0.004825,0.018393,-0.209051,0,11.320302
65657,rawimage/2023-05-28/xwg14816.fts.fz,2023-05-27,2460092.791991,9.499508,1,128.000031,1.154357,rejected,3287.000000,1800.000000,0,census rejected; own peak >= cap,11.143201,0.003684,0.001318,0.015405,0.006415,0.017139,,,
65664,rawimage/2023-05-28/xwg14822.fts.fz,2023-05-27,2460092.831071,9.539284,I,7.999981,1.259212,rejected,3336.000000,1800.000000,0,census rejected; own peak >= cap,11.412421,0.003959,0.006139,0.016324,0.004512,0.018445,-0.206940,0,11.408248
65663,rawimage/2023-05-28/xwg1481e.fts.fz,2023-05-27,2460092.832131,9.540020,O,64.000015,1.261702,rejected,3266.000000,1800.000000,0,census rejected; own peak >= cap,11.198038,0.004367,0.002178,0.043656,0.009642,0.044973,,,
65662,rawimage/2023-05-28/xwg1481d.fts.fz,2023-05-27,2460092.834028,9.541547,1,128.000031,1.265677,rejected,3274.000000,1800.000000,0,census rejected; own peak >= cap,11.142328,0.003727,0.001549,0.015405,0.006568,0.017226,,,
65667,rawimage/2023-05-28/xwg14825.fts.fz,2023-05-27,2460092.875258,9.583149,O,64.000015,1.443492,rejected,2950.000000,1800.000000,0,census rejected; own peak >= cap,11.103105,0.004406,0.002757,0.043656,0.009131,0.044902,,,
65666,rawimage/2023-05-28/xwg14824.fts.fz,2023-05-27,2460092.875443,9.582963,1,128.000031,1.448620,rejected,3115.000000,1800.000000,0,census rejected; own peak >= cap,11.054127,0.003611,0.001961,0.015405,0.006282,0.017136,,,
65674,rawimage/2023-05-28/xwg14830.fts.fz,2023-05-27,2460092.909771,9.617987,I,7.999981,1.692737,rejected,3215.000000,1800.000000,0,census rejected; own peak >= cap,11.294374,0.003877,0.010304,0.016324,0.005280,0.020385,-0.202839,0,11.289036
65673,rawimage/2023-05-28/xwg1482f.fts.fz,2023-05-27,2460092.910397,9.618648,G,2.000016,1.698336,rejected,3026.000000,1800.000000,0,census rejected; own peak >= cap,10.871483,0.004942,0.020726,0.012740,0.011438,0.027334,-0.202805,0,10.977084
65672,rawimage/2023-05-28/xwg1482e.fts.fz,2023-05-27,2460092.910613,9.618852,R,4.000032,1.700114,rejected,3235.000000,1800.000000,0,census rejected; own peak >= cap,11.144451,0.003878,0.014683,0.012026,0.006722,0.020504,-0.202794,0,11.177310
65671,rawimage/2023-05-28/xwg1482d.fts.fz,2023-05-27,2460092.913573,9.621094,H,128.000031,1.719460,rejected,3363.000000,1800.000000,0,census rejected; own peak >= cap,11.329178,0.003604,0.002647,0.032934,0.006657,0.033897,,,
65670,rawimage/2023-05-28/xwg1482c.fts.fz,2023-05-27,2460092.915600,9.623492,O,64.000015,1.734347,rejected,3171.000000,1800.000000,0,census rejected; own peak >= cap,11.102409,0.004328,0.003801,0.043656,0.010085,0.045174,,,
65669,rawimage/2023-05-28/xwg1482b.fts.fz,2023-05-27,2460092.916830,9.624352,1,128.000031,1.745425,rejected,3279.000000,1800.000000,0,census rejected; own peak >= cap,11.097268,0.003682,0.002718,0.015405,0.006912,0.017494,,,
65680,rawimage/2023-05-28/xwg14836.fts.fz,2023-05-27,2460092.947875,9.656128,G,2.000016,2.106498,clean,676.000000,1800.000000,1,,10.977517,0.006146,0.030214,0.012740,0.014921,0.036546,-0.200851,0,11.083062
65679,rawimage/2023-05-28/xwg14835.fts.fz,2023-05-27,2460092.948119,9.656360,R,4.000032,2.109530,clean,1669.000000,1800.000000,1,,11.168366,0.004455,0.021419,0.012026,0.007207,0.025984,-0.200839,0,11.197400
65678,rawimage/2023-05-28/xwg14834.fts.fz,2023-05-27,2460092.949465,9.656990,H,128.000031,2.118360,undetermined,1860.000000,1800.000000,0,census undetermined; own peak >= cap,11.216633,0.003779,0.003814,0.032934,0.006973,0.034090,,,
65681,rawimage/2023-05-28/xwg14837.fts.fz,2023-05-27,2460092.950198,9.658415,I,7.999981,2.097297,clean,1726.000000,1800.000000,1,,11.286880,0.004096,0.014992,0.016324,0.005547,0.023212,-0.200757,0,11.280451
65677,rawimage/2023-05-28/xwg14833.fts.fz,2023-05-27,2460092.952178,9.660074,O,64.000015,2.151620,undetermined,1938.000000,1800.000000,0,census undetermined; own peak >= cap,11.039127,0.005549,0.005543,0.043656,0.010530,0.045588,,,
65676,rawimage/2023-05-28/xwg14832.fts.fz,2023-05-27,2460092.953418,9.660943,1,128.000031,2.169758,undetermined,2251.000000,1800.000000,0,census undetermined; own peak >= cap,11.081476,0.003844,0.003978,0.015405,0.006764,0.017710,,,
65742,rawimage/2023-05-29/xwg14901.fts.fz,2023-05-28,2460093.662056,10.369615,1,128.000031,1.110856,rejected,3121.000000,1800.000000,0,census rejected; own peak >= cap,11.110067,0.003633,0.001233,0.015405,0.006437,0.017131,,,
65743,rawimage/2023-05-29/xwg14902.fts.fz,2023-05-28,2460093.664164,10.372093,O,64.000015,1.108826,rejected,2709.000000,1800.000000,0,census rejected; own peak >= cap,11.213816,0.004697,0.001737,0.043656,0.009599,0.044978,,,
65744,rawimage/2023-05-29/xwg14903.fts.fz,2023-05-28,2460093.665527,10.373085,H,128.000031,1.107294,undetermined,3210.000000,1800.000000,0,census undetermined; own peak >= cap,11.248069,0.003389,0.001226,0.032934,0.006283,0.033722,,,
65746,rawimage/2023-05-29/xwg14905.fts.fz,2023-05-28,2460093.667519,10.375807,G,2.000016,1.104013,bounded_clean,,1800.000000,0,S2c: dispersed; no WCS; no SN flux,,,,,,,,,
65745,rawimage/2023-05-29/xwg14904.fts.fz,2023-05-28,2460093.667572,10.375848,R,4.000032,1.104720,rejected,3162.000000,1800.000000,0,census rejected; own peak >= cap,11.192417,0.003872,0.006905,0.012026,0.005819,0.015529,-0.179191,0,11.229853
65747,rawimage/2023-05-29/xwg14906.fts.fz,2023-05-28,2460093.667826,10.376079,I,7.999981,1.103740,rejected,2688.000000,1800.000000,0,census rejected; own peak >= cap,11.317301,0.003776,0.004875,0.016324,0.004788,0.018095,-0.179184,0,11.313657
65753,rawimage/2023-05-29/xwg1490c.fts.fz,2023-05-28,2460093.668464,10.376752,G,2.000016,1.103049,rejected,2250.000000,1800.000000,0,census rejected; own peak >= cap,11.024178,0.004890,0.009739,0.012740,0.009985,0.019513,-0.179164,0,11.127073
65751,rawimage/2023-05-29/xwg1490a.fts.fz,2023-05-28,2460093.669438,10.376997,H,128.000031,1.102806,undetermined,2609.000000,1800.000000,0,census undetermined; own peak >= cap,11.243923,0.003811,0.001217,0.032934,0.006587,0.033824,,,
65750,rawimage/2023-05-29/xwg14909.fts.fz,2023-05-28,2460093.672144,10.380073,O,64.000015,1.100532,undetermined,,1800.000000,0,census undetermined; no WCS; no SN flux,,,,,,,,,
65749,rawimage/2023-05-29/xwg14908.fts.fz,2023-05-28,2460093.673564,10.381123,1,128.000031,1.099231,undetermined,2649.000000,1800.000000,0,census undetermined; own peak >= cap,11.090888,0.003768,0.001210,0.015405,0.006555,0.017203,,,
65752,rawimage/2023-05-29/xwg1490b.fts.fz,2023-05-28,2460093.685639,10.393916,R,4.000032,1.089439,rejected,2993.000000,1800.000000,0,census rejected; own peak >= cap,11.202312,0.003849,0.006739,0.012026,0.005867,0.015468,-0.178648,0,11.239865
65754,rawimage/2023-05-29/xwg1490d.fts.fz,2023-05-28,2460093.686351,10.394605,I,7.999981,1.089044,rejected,2148.000000,1800.000000,0,census rejected; own peak >= cap,11.317130,0.003796,0.004762,0.016324,0.004769,0.018064,-0.178627,0,11.313528
65760,rawimage/2023-05-29/xwg14913.fts.fz,2023-05-28,2460093.722741,10.431031,G,2.000016,1.083758,rejected,3271.000000,1800.000000,0,census rejected; own peak >= cap,11.034553,0.004914,0.009443,0.012740,0.009746,0.019251,-0.177532,0,11.137270
65757,rawimage/2023-05-29/xwg14910.fts.fz,2023-05-28,2460093.723363,10.431295,O,64.000015,1.083832,rejected,3298.000000,1800.000000,0,census rejected; own peak >= cap,11.207626,0.004418,0.001670,0.043656,0.009978,0.045030,,,
65761,rawimage/2023-05-29/xwg14914.fts.fz,2023-05-28,2460093.723576,10.431832,I,7.999981,1.083580,rejected,3357.000000,1800.000000,0,census rejected; own peak >= cap,11.381387,0.003942,0.004720,0.016324,0.004595,0.018039,-0.177508,0,11.377804
65756,rawimage/2023-05-29/xwg1490f.fts.fz,2023-05-28,2460093.725014,10.432576,1,128.000031,1.084104,rejected,3398.000000,1800.000000,0,census rejected; own peak >= cap,11.217931,0.003856,0.001181,0.015405,0.006288,0.017120,,,
65759,rawimage/2023-05-29/xwg14912.fts.fz,2023-05-28,2460093.729741,10.438020,R,4.000032,1.086262,rejected,3341.000000,1800.000000,0,census rejected; own peak >= cap,11.253903,0.004013,0.006704,0.012026,0.006108,0.015588,-0.177322,0,11.291433
65758,rawimage/2023-05-29/xwg14911.fts.fz,2023-05-28,2460093.739527,10.447089,H,128.000031,1.091218,undetermined,3406.000000,1800.000000,0,census undetermined; own peak >= cap,11.396684,0.003634,0.001195,0.032934,0.005968,0.033689,,,
65764,rawimage/2023-05-29/xwg14917.fts.fz,2023-05-28,2460093.775734,10.483668,O,64.000015,1.131808,rejected,2718.000000,1800.000000,0,census rejected; own peak >= cap,11.157208,0.004481,0.001801,0.043656,0.009907,0.045026,,,
65763,rawimage/2023-05-29/xwg14916.fts.fz,2023-05-28,2460093.777397,10.484960,1,128.000031,1.133308,rejected,3234.000000,1800.000000,0,census rejected; own peak >= cap,11.105424,0.003685,0.001276,0.015405,0.006515,0.017174,,,
65768,rawimage/2023-05-29/xwg1491b.fts.fz,2023-05-28,2460093.783754,10.492013,I,7.999981,1.146030,rejected,2851.000000,1800.000000,0,census rejected; own peak >= cap,11.285155,0.003900,0.005207,0.016324,0.005068,0.018289,-0.175699,0,11.281412
65767,rawimage/2023-05-29/xwg1491a.fts.fz,2023-05-28,2460093.784388,10.492681,G,2.000016,1.147261,clean,1162.000000,1800.000000,1,,11.010323,0.005278,0.010433,0.012740,0.012115,0.021113,-0.175679,0,11.112868
65766,rawimage/2023-05-29/xwg14919.fts.fz,2023-05-28,2460093.784609,10.492890,R,4.000032,1.147646,rejected,2250.000000,1800.000000,0,census rejected; own peak >= cap,11.180573,0.004031,0.007381,0.012026,0.006196,0.015929,-0.175673,0,11.217490
65765,rawimage/2023-05-29/xwg14918.fts.fz,2023-05-28,2460093.792699,10.500263,H,128.000031,1.162083,undetermined,3222.000000,1800.000000,0,census undetermined; own peak >= cap,11.248743,0.003507,0.001334,0.032934,0.006634,0.033805,,,
65770,rawimage/2023-05-29/xwg1491e.fts.fz,2023-05-28,2460093.829701,10.537637,O,64.000015,1.262874,undetermined,1972.000000,1800.000000,0,census undetermined; own peak >= cap,11.137686,0.005336,0.002182,0.043656,0.010167,0.045193,,,
65769,rawimage/2023-05-29/xwg1491d.fts.fz,2023-05-28,2460093.831718,10.539284,1,128.000031,1.267264,undetermined,2364.000000,1800.000000,0,census undetermined; own peak >= cap,11.069000,0.003803,0.001552,0.015405,0.006795,0.017331,,,
65771,rawimage/2023-05-29/xwg1491f.fts.fz,2023-05-28,2460093.836992,10.544559,H,128.000031,1.287352,undetermined,3085.000000,1800.000000,0,census undetermined; own peak >= cap,11.222415,0.003542,0.001595,0.032934,0.006707,0.033834,,,
65773,rawimage/2023-05-29/xwg14925.fts.fz,2023-05-28,2460093.870324,10.578262,O,64.000015,1.423884,undetermined,1375.000000,1800.000000,0,census undetermined,11.129101,0.005837,0.002691,0.043656,0.010559,0.045372,,,
65772,rawimage/2023-05-29/xwg14924.fts.fz,2023-05-28,2460093.870704,10.578272,1,128.000031,1.439741,undetermined,2700.000000,1800.000000,0,census undetermined; own peak >= cap,11.058265,0.003723,0.001940,0.015405,0.006347,0.017182,,,
65775,rawimage/2023-05-29/xwg14929.fts.fz,2023-05-28,2460093.876643,10.584905,I,7.999981,1.477482,rejected,2994.000000,1800.000000,0,census rejected; own peak >= cap,11.283155,0.003890,0.008121,0.016324,0.004778,0.019246,-0.172907,0,11.278546
65774,rawimage/2023-05-29/xwg14926.fts.fz,2023-05-28,2460093.878049,10.585616,H,128.000031,1.481736,rejected,3180.000000,1800.000000,0,census rejected; own peak >= cap,11.199425,0.003464,0.002041,0.032934,0.006354,0.033782,,,
65778,rawimage/2023-05-29/xwg1492c.fts.fz,2023-05-28,2460093.880484,10.588422,O,64.000015,1.494217,rejected,2659.000000,1800.000000,0,census rejected; own peak >= cap,11.140538,0.004633,0.002928,0.043656,0.010070,0.045136,,,
65777,rawimage/2023-05-29/xwg1492b.fts.fz,2023-05-28,2460093.881406,10.588973,1,128.000031,1.499894,rejected,3172.000000,1800.000000,0,census rejected; own peak >= cap,11.099163,0.003740,0.002084,0.015405,0.006317,0.017191,,,
65782,rawimage/2023-05-29/xwg14930.fts.fz,2023-05-28,2460093.886470,10.594732,I,7.999981,1.538938,rejected,3249.000000,1800.000000,0,census rejected; own peak >= cap,11.284942,0.003870,0.008722,0.016324,0.004542,0.019446,-0.172611,0,11.280171
65781,rawimage/2023-05-29/xwg1492f.fts.fz,2023-05-28,2460093.887097,10.595393,G,2.000016,1.543322,clean,1556.000000,1800.000000,1,,10.976365,0.005248,0.017530,0.012740,0.011184,0.024945,-0.172592,0,11.078728
65780,rawimage/2023-05-29/xwg1492e.fts.fz,2023-05-28,2460093.887313,10.595598,R,4.000032,1.544714,rejected,3158.000000,1800.000000,0,census rejected; own peak >= cap,11.131043,0.003932,0.012415,0.012026,0.005897,0.018681,-0.172585,0,11.164299
65779,rawimage/2023-05-29/xwg1492d.fts.fz,2023-05-28,2460093.895406,10.602976,H,128.000031,1.596227,undetermined,3213.000000,1800.000000,0,census undetermined; own peak >= cap,11.195747,0.003487,0.002324,0.032934,0.006376,0.033807,,,
65789,rawimage/2023-05-29/xwg14937.fts.fz,2023-05-28,2460093.914318,10.622581,I,7.999981,1.750806,rejected,3092.000000,1800.000000,0,census rejected; own peak >= cap,11.261590,0.003917,0.010930,0.016324,0.005122,0.020677,-0.171774,0,11.256263
65788,rawimage/2023-05-29/xwg14936.fts.fz,2023-05-28,2460093.915884,10.624182,G,2.000016,1.772434,clean,1556.000000,1800.000000,1,,10.947004,0.005317,0.022335,0.012740,0.011280,0.028577,-0.171726,0,11.049359
65787,rawimage/2023-05-29/xwg14935.fts.fz,2023-05-28,2460093.916090,10.624376,R,4.000032,1.774292,rejected,2692.000000,1800.000000,0,census rejected; own peak >= cap,11.140207,0.004088,0.015822,0.012026,0.006237,0.021226,-0.171720,0,11.171386
65784,rawimage/2023-05-29/xwg14932.fts.fz,2023-05-28,2460093.917469,10.625038,1,128.000031,1.780665,rejected,3115.000000,1800.000000,0,census rejected; own peak >= cap,11.074348,0.003664,0.002815,0.015405,0.006570,0.017373,,,
65785,rawimage/2023-05-29/xwg14933.fts.fz,2023-05-28,2460093.923414,10.631355,O,64.000015,1.843235,undetermined,2313.000000,1800.000000,0,census undetermined; own peak >= cap,11.032697,0.005069,0.004228,0.043656,0.009944,0.045258,,,
65786,rawimage/2023-05-29/xwg14934.fts.fz,2023-05-28,2460093.931858,10.639429,H,128.000031,1.931029,undetermined,3150.000000,1800.000000,0,census undetermined; own peak >= cap,11.203074,0.003602,0.003244,0.032934,0.006764,0.033969,,,
65795,rawimage/2023-05-29/xwg1493e.fts.fz,2023-05-28,2460093.955933,10.664197,I,7.999981,2.266796,rejected,1861.000000,1800.000000,0,census rejected; own peak >= cap,11.289354,0.004158,0.017176,0.016324,0.005501,0.024679,-0.170523,0,11.282671
65791,rawimage/2023-05-29/xwg14939.fts.fz,2023-05-28,2460093.957374,10.664944,1,128.000031,2.278705,rejected,2262.000000,1800.000000,0,census rejected; own peak >= cap,11.064029,0.003863,0.004334,0.015405,0.006662,0.017759,,,
65794,rawimage/2023-05-29/xwg1493d.fts.fz,2023-05-28,2460093.965499,10.673799,G,2.000016,2.431550,clean,1113.000000,1800.000000,1,,10.985247,0.005903,0.038840,0.012740,0.014526,0.043780,-0.170235,0,11.087681
65793,rawimage/2023-05-29/xwg1493c.fts.fz,2023-05-28,2460093.965719,10.674007,R,4.000032,2.435172,rejected,2481.000000,1800.000000,0,census rejected; own peak >= cap,11.159829,0.004288,0.027536,0.012026,0.007589,0.031286,-0.170228,0,11.185075
65792,rawimage/2023-05-29/xwg1493a.fts.fz,2023-05-28,2460093.966727,10.674670,O,64.000015,2.447607,undetermined,1552.000000,1800.000000,0,census undetermined; calibration: cloud (>0.5 mag),,,,,,,,,
65865,rawimage/2023-05-30/xwg15001.fts.fz,2023-05-29,2460094.662470,11.370075,1,128.000031,1.107206,undetermined,2588.000000,1800.000000,0,census undetermined; own peak >= cap,11.005784,0.003514,0.001225,0.015405,0.007714,0.017626,,,
65866,rawimage/2023-05-30/xwg15002.fts.fz,2023-05-29,2460094.665264,11.373240,O,64.000015,1.104601,undetermined,2258.000000,1800.000000,0,census undetermined; own peak >= cap,11.075810,0.004482,0.001726,0.043656,0.010683,0.045200,,,
65867,rawimage/2023-05-30/xwg15003.fts.fz,2023-05-29,2460094.666583,11.374188,H,128.000031,1.103249,undetermined,2862.000000,1800.000000,0,census undetermined; own peak >= cap,11.168736,0.003338,0.001218,0.032934,0.007332,0.033927,,,
65869,rawimage/2023-05-30/xwg15005.fts.fz,2023-05-29,2460094.668598,11.376933,G,2.000016,1.100241,bounded_clean,,1800.000000,0,no WCS; no SN flux,,,,,,,,,
65868,rawimage/2023-05-30/xwg15004.fts.fz,2023-05-29,2460094.668631,11.376956,R,4.000032,1.100905,rejected,2454.000000,1800.000000,0,census rejected; own peak >= cap,11.108131,0.003818,0.006863,0.012026,0.006538,0.015781,-0.149098,0,11.144450
65870,rawimage/2023-05-30/xwg15006.fts.fz,2023-05-29,2460094.669006,11.377308,I,7.999981,1.099898,rejected,2695.000000,1800.000000,0,census rejected; own peak >= cap,11.232340,0.003659,0.004845,0.016324,0.005505,0.018266,-0.149087,0,11.228818
65877,rawimage/2023-05-30/xwg1500d.fts.fz,2023-05-29,2460094.673778,11.382079,I,7.999981,1.095772,rejected,2673.000000,1800.000000,0,census rejected; own peak >= cap,11.251864,0.003719,0.004814,0.016324,0.005377,0.018232,-0.148944,0,11.248353
65876,rawimage/2023-05-30/xwg1500c.fts.fz,2023-05-29,2460094.674408,11.382744,G,2.000016,1.095246,clean,1573.000000,1800.000000,1,,10.974814,0.004970,0.009619,0.012740,0.011851,0.020493,-0.148924,0,11.074529
65875,rawimage/2023-05-30/xwg1500b.fts.fz,2023-05-29,2460094.674631,11.382956,R,4.000032,1.095073,rejected,1982.000000,1800.000000,0,census rejected; own peak >= cap,11.116452,0.003816,0.006800,0.012026,0.006881,0.015899,-0.148917,0,11.152815
65873,rawimage/2023-05-30/xwg15009.fts.fz,2023-05-29,2460094.675634,11.383611,O,64.000015,1.094570,clean,1689.000000,1800.000000,1,,11.119345,0.005205,0.001699,0.043656,0.010679,0.045275,,,
65872,rawimage/2023-05-30/xwg15008.fts.fz,2023-05-29,2460094.677586,11.385192,1,128.000031,1.093646,undetermined,1885.000000,1800.000000,0,census undetermined; own peak >= cap,11.034031,0.003908,0.001199,0.015405,0.007905,0.017791,,,
65874,rawimage/2023-05-30/xwg1500a.fts.fz,2023-05-29,2460094.686174,11.393780,H,128.000031,1.088000,undetermined,2852.000000,1800.000000,0,census undetermined; own peak >= cap,11.180190,0.003369,0.001188,0.032934,0.007428,0.033950,,,
65884,rawimage/2023-05-30/xwg15014.fts.fz,2023-05-29,2460094.730777,11.439081,I,7.999981,1.088102,rejected,3267.000000,1800.000000,0,census rejected; own peak >= cap,11.329512,0.003832,0.004755,0.016324,0.004853,0.018092,-0.147230,0,11.326028
65883,rawimage/2023-05-30/xwg15013.fts.fz,2023-05-29,2460094.731402,11.439741,G,2.000016,1.088456,rejected,3151.000000,1800.000000,0,census rejected; own peak >= cap,11.030942,0.004991,0.009515,0.012740,0.010205,0.019542,-0.147210,0,11.130474
65882,rawimage/2023-05-30/xwg15012.fts.fz,2023-05-29,2460094.731616,11.439943,R,4.000032,1.088564,rejected,3310.000000,1800.000000,0,census rejected; own peak >= cap,11.252548,0.004014,0.006729,0.012026,0.006340,0.015691,-0.147204,0,11.288901
65880,rawimage/2023-05-30/xwg15010.fts.fz,2023-05-29,2460094.732632,11.440611,O,64.000015,1.088938,rejected,3262.000000,1800.000000,0,census rejected; own peak >= cap,11.248816,0.004381,0.001683,0.043656,0.010230,0.045084,,,
65879,rawimage/2023-05-30/xwg1500f.fts.fz,2023-05-29,2460094.734290,11.441899,1,128.000031,1.089472,rejected,3348.000000,1800.000000,0,census rejected; own peak >= cap,11.190068,0.003790,0.001191,0.015405,0.006751,0.017282,,,
65881,rawimage/2023-05-30/xwg15011.fts.fz,2023-05-29,2460094.743967,11.451576,H,128.000031,1.096571,undetermined,3321.000000,1800.000000,0,census undetermined; own peak >= cap,11.246517,0.003415,0.001205,0.032934,0.006560,0.033776,,,
65891,rawimage/2023-05-30/xwg1501b.fts.fz,2023-05-29,2460094.785926,11.494232,I,7.999981,1.155421,rejected,3237.000000,1800.000000,0,census rejected; own peak >= cap,11.311466,0.003801,0.005281,0.016324,0.004601,0.018166,-0.145572,0,11.307815
65890,rawimage/2023-05-30/xwg1501a.fts.fz,2023-05-29,2460094.786559,11.494900,G,2.000016,1.156750,rejected,2740.000000,1800.000000,0,census rejected; own peak >= cap,11.033284,0.004942,0.010584,0.012740,0.009893,0.019915,-0.145552,0,11.132666
65889,rawimage/2023-05-30/xwg15019.fts.fz,2023-05-29,2460094.786775,11.495104,R,4.000032,1.157142,rejected,3274.000000,1800.000000,0,census rejected; own peak >= cap,11.224752,0.003944,0.007488,0.012026,0.005708,0.015774,-0.145546,0,11.260447
65887,rawimage/2023-05-30/xwg15017.fts.fz,2023-05-29,2460094.787781,11.495763,O,64.000015,1.158465,rejected,3234.000000,1800.000000,0,census rejected; own peak >= cap,11.242893,0.004385,0.001876,0.043656,0.009745,0.044984,,,
65886,rawimage/2023-05-30/xwg15016.fts.fz,2023-05-29,2460094.789444,11.497055,1,128.000031,1.160368,rejected,3311.000000,1800.000000,0,census rejected; own peak >= cap,11.146739,0.003734,0.001330,0.015405,0.006522,0.017191,,,
65888,rawimage/2023-05-30/xwg15018.fts.fz,2023-05-29,2460094.798265,11.505877,H,128.000031,1.178742,undetermined,3262.000000,1800.000000,0,census undetermined; own peak >= cap,11.226624,0.003408,0.001367,0.032934,0.006190,0.033712,,,
65894,rawimage/2023-05-30/xwg15021.fts.fz,2023-05-29,2460094.832810,11.541153,G,2.000016,1.284885,rejected,2135.000000,1800.000000,0,census rejected; own peak >= cap,11.035756,0.004919,0.012720,0.012740,0.009868,0.021111,-0.144162,0,11.135036
65893,rawimage/2023-05-30/xwg1501d.fts.fz,2023-05-29,2460094.833819,11.541432,1,128.000031,1.285902,rejected,3212.000000,1800.000000,0,census rejected; own peak >= cap,11.082209,0.003650,0.001592,0.015405,0.006693,0.017261,,,
65901,rawimage/2023-05-30/xwg15029.fts.fz,2023-05-29,2460094.866177,11.574486,I,7.999981,1.434078,rejected,3221.000000,1800.000000,0,census rejected; own peak >= cap,11.318921,0.003861,0.007708,0.016324,0.004722,0.019055,-0.143160,0,11.314564
65900,rawimage/2023-05-30/xwg15028.fts.fz,2023-05-29,2460094.866799,11.575143,G,2.000016,1.437653,rejected,2326.000000,1800.000000,0,census rejected; own peak >= cap,11.060492,0.005125,0.015484,0.012740,0.010752,0.023322,-0.143140,0,11.159718
65899,rawimage/2023-05-30/xwg15027.fts.fz,2023-05-29,2460094.867016,11.575348,R,4.000032,1.438725,rejected,3211.000000,1800.000000,0,census rejected; own peak >= cap,11.211137,0.004001,0.010963,0.012026,0.006354,0.017922,-0.143134,0,11.244303
65897,rawimage/2023-05-30/xwg15025.fts.fz,2023-05-29,2460094.868022,11.576007,O,64.000015,1.442336,rejected,3183.000000,1800.000000,0,census rejected; own peak >= cap,11.202749,0.004516,0.002753,0.043656,0.009345,0.044957,,,
65896,rawimage/2023-05-30/xwg15024.fts.fz,2023-05-29,2460094.869949,11.577564,1,128.000031,1.448997,rejected,3296.000000,1800.000000,0,census rejected; own peak >= cap,11.143805,0.003767,0.001962,0.015405,0.006521,0.017259,,,
65898,rawimage/2023-05-30/xwg15026.fts.fz,2023-05-29,2460094.879747,11.587362,H,128.000031,1.509027,rejected,3242.000000,1800.000000,0,census rejected; own peak >= cap,11.264233,0.003546,0.002107,0.032934,0.006332,0.033790,,,
65908,rawimage/2023-05-30/xwg15030.fts.fz,2023-05-29,2460094.909938,11.618248,I,7.999981,1.742885,rejected,3122.000000,1800.000000,0,census rejected; own peak >= cap,11.251635,0.003832,0.010844,0.016324,0.004865,0.020553,-0.141844,0,11.246493
65907,rawimage/2023-05-30/xwg1502f.fts.fz,2023-05-29,2460094.910565,11.618910,G,2.000016,1.748890,rejected,2129.000000,1800.000000,0,census rejected; own peak >= cap,11.022709,0.005284,0.021818,0.012740,0.011201,0.028137,-0.141824,0,11.121905
65906,rawimage/2023-05-30/xwg1502e.fts.fz,2023-05-29,2460094.910780,11.619114,R,4.000032,1.750797,rejected,3224.000000,1800.000000,0,census rejected; own peak >= cap,11.179172,0.004039,0.015457,0.012026,0.006275,0.020958,-0.141818,0,11.209594
65904,rawimage/2023-05-30/xwg1502c.fts.fz,2023-05-29,2460094.911783,11.619769,O,64.000015,1.756760,rejected,2546.000000,1800.000000,0,census rejected; own peak >= cap,11.167497,0.004806,0.003887,0.043656,0.009843,0.045177,,,
65903,rawimage/2023-05-30/xwg1502b.fts.fz,2023-05-29,2460094.913434,11.621051,1,128.000031,1.765363,rejected,3236.000000,1800.000000,0,census rejected; own peak >= cap,11.058096,0.003712,0.002772,0.015405,0.006311,0.017280,,,
65905,rawimage/2023-05-30/xwg1502d.fts.fz,2023-05-29,2460094.921527,11.629145,H,128.000031,1.848617,undetermined,3257.000000,1800.000000,0,census undetermined; own peak >= cap,11.214134,0.003568,0.003005,0.032934,0.006408,0.033875,,,
65911,rawimage/2023-05-30/xwg15037.fts.fz,2023-05-29,2460094.957353,11.665666,I,7.999981,2.336028,rejected,1801.000000,1800.000000,0,census rejected; own peak >= cap,11.260500,0.004096,0.018105,0.016324,0.005775,0.025385,-0.140419,0,11.253848
65909,rawimage/2023-05-30/xwg15032.fts.fz,2023-05-29,2460094.958789,11.666408,1,128.000031,2.348676,undetermined,1439.000000,1800.000000,0,census undetermined,11.024555,0.004048,0.004569,0.015405,0.007201,0.018067,,,
65910,rawimage/2023-05-30/xwg15034.fts.fz,2023-05-29,2460094.961925,11.669544,H,128.000031,2.390734,undetermined,2105.000000,1800.000000,0,census undetermined; own peak >= cap,11.193248,0.003771,0.004713,0.032934,0.007018,0.034211,,,
65975,rawimage/2023-06-01/xwg15201.fts.fz,2023-05-31,2460096.656774,13.364474,1,128.000031,1.107362,undetermined,3120.000000,1800.000000,0,census undetermined; own peak >= cap,11.078358,0.003663,0.001226,0.015405,0.007162,0.017422,,,
65976,rawimage/2023-06-01/xwg15202.fts.fz,2023-05-31,2460096.659475,13.367545,O,64.000015,1.104845,undetermined,1843.000000,1800.000000,0,census undetermined; own peak >= cap,11.213244,0.006032,0.001727,0.043656,0.010765,0.045399,,,
65977,rawimage/2023-06-01/xwg15203.fts.fz,2023-05-31,2460096.660844,13.368544,H,128.000031,1.103439,rejected,3050.000000,1800.000000,0,census rejected; own peak >= cap,11.206966,0.003511,0.001218,0.032934,0.006757,0.033825,,,
65979,rawimage/2023-06-01/xwg15205.fts.fz,2023-05-31,2460096.662758,13.371187,G,2.000016,1.100503,rejected,1906.000000,1800.000000,0,census rejected; own peak >= cap,11.031300,0.004881,0.009700,0.012740,0.010205,0.019605,-0.089150,0,11.124735
65978,rawimage/2023-06-01/xwg15204.fts.fz,2023-05-31,2460096.662796,13.371214,R,4.000032,1.101172,rejected,3074.000000,1800.000000,0,census rejected; own peak >= cap,11.179454,0.003861,0.006866,0.012026,0.006328,0.015707,-0.089150,0,11.213476
65980,rawimage/2023-06-01/xwg15206.fts.fz,2023-05-31,2460096.663076,13.371471,I,7.999981,1.100244,rejected,2419.000000,1800.000000,0,census rejected; own peak >= cap,11.232121,0.003720,0.004848,0.016324,0.005206,0.018191,-0.089142,0,11.228821
65987,rawimage/2023-06-01/xwg1520d.fts.fz,2023-05-31,2460096.674562,13.382957,I,7.999981,1.091155,rejected,2362.000000,1800.000000,0,census rejected; own peak >= cap,11.243977,0.003696,0.004778,0.016324,0.005191,0.018164,-0.088797,0,11.240700
65986,rawimage/2023-06-01/xwg1520c.fts.fz,2023-05-31,2460096.675207,13.383636,G,2.000016,1.090723,clean,1614.000000,1800.000000,1,,11.052855,0.004913,0.009550,0.012740,0.010298,0.019588,-0.088776,0,11.146248
65985,rawimage/2023-06-01/xwg1520b.fts.fz,2023-05-31,2460096.675423,13.383842,R,4.000032,1.090591,rejected,2233.000000,1800.000000,0,census rejected; own peak >= cap,11.134774,0.003804,0.006751,0.012026,0.006243,0.015609,-0.088770,0,11.168869
65982,rawimage/2023-06-01/xwg15208.fts.fz,2023-05-31,2460096.677551,13.385252,1,128.000031,1.090165,rejected,3020.000000,1800.000000,0,census rejected; own peak >= cap,11.078968,0.003614,0.001193,0.015405,0.006878,0.017294,,,
65983,rawimage/2023-06-01/xwg15209.fts.fz,2023-05-31,2460096.685116,13.393188,O,64.000015,1.085725,rejected,1991.000000,1800.000000,0,census rejected; own peak >= cap,11.229360,0.005277,0.001675,0.043656,0.009992,0.045126,,,
65984,rawimage/2023-06-01/xwg1520a.fts.fz,2023-05-31,2460096.687003,13.394704,H,128.000031,1.085266,undetermined,3055.000000,1800.000000,0,census undetermined; own peak >= cap,11.220705,0.003417,0.001183,0.032934,0.006653,0.033794,,,
65993,rawimage/2023-06-01/xwg15213.fts.fz,2023-05-31,2460096.727247,13.435679,G,2.000016,1.089243,rejected,2641.000000,1800.000000,0,census rejected; own peak >= cap,11.115259,0.005185,0.009527,0.012740,0.009787,0.019384,-0.087212,0,11.208486
65992,rawimage/2023-06-01/xwg15212.fts.fz,2023-05-31,2460096.727468,13.435888,R,4.000032,1.089363,rejected,3150.000000,1800.000000,0,census rejected; own peak >= cap,11.208524,0.003976,0.006738,0.012026,0.006003,0.015552,-0.087205,0,11.242568
65994,rawimage/2023-06-01/xwg15214.fts.fz,2023-05-31,2460096.728088,13.436486,I,7.999981,1.088866,rejected,3234.000000,1800.000000,0,census rejected; own peak >= cap,11.327662,0.003861,0.004761,0.016324,0.004760,0.018075,-0.087187,0,11.324397
65991,rawimage/2023-06-01/xwg15211.fts.fz,2023-05-31,2460096.728826,13.436529,H,128.000031,1.089739,rejected,3289.000000,1800.000000,0,census rejected; own peak >= cap,11.303247,0.003538,0.001192,0.032934,0.006318,0.033742,,,
65990,rawimage/2023-06-01/xwg15210.fts.fz,2023-05-31,2460096.731364,13.439437,O,64.000015,1.091105,rejected,3084.000000,1800.000000,0,census rejected; own peak >= cap,11.250568,0.004515,0.001689,0.043656,0.009485,0.044934,,,
65989,rawimage/2023-06-01/xwg1520f.fts.fz,2023-05-31,2460096.732291,13.439994,1,128.000031,1.091717,rejected,3220.000000,1800.000000,0,census rejected; own peak >= cap,11.149603,0.003726,0.001196,0.015405,0.006685,0.017243,,,
66001,rawimage/2023-06-01/xwg1521b.fts.fz,2023-05-31,2460096.780028,13.488427,I,7.999981,1.154737,rejected,2290.000000,1800.000000,0,census rejected; own peak >= cap,11.243206,0.004635,0.005276,0.016324,0.005224,0.018523,-0.085626,0,11.239788
66000,rawimage/2023-06-01/xwg1521a.fts.fz,2023-05-31,2460096.780659,13.489094,G,2.000016,1.156059,rejected,1855.000000,1800.000000,0,census rejected; own peak >= cap,11.099541,0.005172,0.010573,0.012740,0.010477,0.020264,-0.085606,0,11.192622
65999,rawimage/2023-06-01/xwg15219.fts.fz,2023-05-31,2460096.780885,13.489307,R,4.000032,1.156472,rejected,2575.000000,1800.000000,0,census rejected; own peak >= cap,11.163805,0.003964,0.007481,0.012026,0.006171,0.015949,-0.085600,0,11.197242
65998,rawimage/2023-06-01/xwg15218.fts.fz,2023-05-31,2460096.782245,13.489950,H,128.000031,1.157765,undetermined,3168.000000,1800.000000,0,census undetermined; own peak >= cap,11.212883,0.003462,0.001325,0.032934,0.006852,0.033843,,,
65997,rawimage/2023-06-01/xwg15217.fts.fz,2023-05-31,2460096.785923,13.493999,O,64.000015,1.166111,undetermined,2356.000000,1800.000000,0,census undetermined; own peak >= cap,11.255288,0.004904,0.001898,0.043656,0.010398,0.045184,,,
65996,rawimage/2023-06-01/xwg15216.fts.fz,2023-05-31,2460096.787931,13.495636,1,128.000031,1.168871,rejected,3272.000000,1800.000000,0,census rejected; own peak >= cap,11.141115,0.003742,0.001347,0.015405,0.006523,0.017195,,,
66007,rawimage/2023-06-01/xwg15222.fts.fz,2023-05-31,2460096.827283,13.535684,I,7.999981,1.284837,rejected,2674.000000,1800.000000,0,census rejected; own peak >= cap,11.266994,0.003815,0.006360,0.016324,0.004820,0.018567,-0.084206,0,11.263268
66006,rawimage/2023-06-01/xwg15221.fts.fz,2023-05-31,2460096.829666,13.538102,G,2.000016,1.293809,rejected,2556.000000,1800.000000,0,census rejected; own peak >= cap,11.057772,0.005127,0.012875,0.012740,0.010709,0.021657,-0.084133,0,11.150743
66005,rawimage/2023-06-01/xwg15220.fts.fz,2023-05-31,2460096.829875,13.538300,R,4.000032,1.294550,rejected,3279.000000,1800.000000,0,census rejected; own peak >= cap,11.215652,0.004027,0.009113,0.012026,0.005997,0.016729,-0.084127,0,11.247913
66004,rawimage/2023-06-01/xwg1521f.fts.fz,2023-05-31,2460096.831247,13.538955,H,128.000031,1.297048,undetermined,3343.000000,1800.000000,0,census undetermined; own peak >= cap,11.326416,0.003580,0.001616,0.032934,0.006316,0.033764,,,
66003,rawimage/2023-06-01/xwg1521d.fts.fz,2023-05-31,2460096.834356,13.542063,1,128.000031,1.306195,rejected,3307.000000,1800.000000,0,census rejected; own peak >= cap,11.152903,0.003760,0.001636,0.015405,0.006568,0.017241,,,
66013,rawimage/2023-06-01/xwg15229.fts.fz,2023-05-31,2460096.868325,13.576727,I,7.999981,1.477604,rejected,3232.000000,1800.000000,0,census rejected; own peak >= cap,11.264068,0.003881,0.008122,0.016324,0.004795,0.019249,-0.083283,0,11.259882
66012,rawimage/2023-06-01/xwg15228.fts.fz,2023-05-31,2460096.868968,13.577405,G,2.000016,1.481583,rejected,2572.000000,1800.000000,0,census rejected; own peak >= cap,11.068181,0.005312,0.016321,0.012740,0.010199,0.023684,-0.083270,0,11.161123
66011,rawimage/2023-06-01/xwg15227.fts.fz,2023-05-31,2460096.869183,13.577609,R,4.000032,1.482824,rejected,3222.000000,1800.000000,0,census rejected; own peak >= cap,11.155607,0.004025,0.011558,0.012026,0.005902,0.018145,-0.083266,0,11.186311
66010,rawimage/2023-06-01/xwg15226.fts.fz,2023-05-31,2460096.870558,13.578268,H,128.000031,1.486775,undetermined,3225.000000,1800.000000,0,census undetermined; own peak >= cap,11.205824,0.003532,0.002053,0.032934,0.006080,0.033739,,,
66009,rawimage/2023-06-01/xwg15225.fts.fz,2023-05-31,2460096.874227,13.582308,O,64.000015,1.511562,undetermined,2504.000000,1800.000000,0,census undetermined; own peak >= cap,11.215108,0.004831,0.002988,0.043656,0.009939,0.045132,,,
66016,rawimage/2023-06-01/xwg15230.fts.fz,2023-05-31,2460096.914687,13.623092,I,7.999981,1.842491,rejected,3004.000000,1800.000000,0,census rejected; own peak >= cap,11.252627,0.003917,0.011951,0.016324,0.005150,0.021241,-0.082362,0,11.247570
66015,rawimage/2023-06-01/xwg1522c.fts.fz,2023-05-31,2460096.915749,13.623831,O,64.000015,1.850162,undetermined,2384.000000,1800.000000,0,census undetermined; own peak >= cap,11.185997,0.005000,0.004256,0.043656,0.009990,0.045263,,,
66014,rawimage/2023-06-01/xwg1522b.fts.fz,2023-05-31,2460096.919093,13.626803,1,128.000031,1.881705,rejected,2873.000000,1800.000000,0,census rejected; own peak >= cap,11.038513,0.003797,0.003100,0.015405,0.006549,0.017442,,,
66023,rawimage/2023-06-01/xwg15237.fts.fz,2023-05-31,2460096.950206,13.658612,I,7.999981,2.309178,clean,1734.000000,1800.000000,1,,11.237680,0.004251,0.017742,0.016324,0.005656,0.025126,-0.081656,0,11.231508
66022,rawimage/2023-06-01/xwg15236.fts.fz,2023-05-31,2460096.950843,13.659284,G,2.000016,2.320374,clean,557.000000,1800.000000,1,,11.080642,0.006538,0.035786,0.012740,0.015625,0.041591,-0.081643,0,11.173686
66021,rawimage/2023-06-01/xwg15235.fts.fz,2023-05-31,2460096.951070,13.659500,R,4.000032,2.324066,rejected,1976.000000,1800.000000,0,census rejected; own peak >= cap,11.147984,0.004367,0.025375,0.012026,0.007107,0.029293,-0.081639,0,11.171824
66020,rawimage/2023-06-01/xwg15234.fts.fz,2023-05-31,2460096.952432,13.660146,H,128.000031,2.335013,undetermined,2335.000000,1800.000000,0,census undetermined; own peak >= cap,11.208638,0.003767,0.004523,0.032934,0.006688,0.034118,,,
66019,rawimage/2023-06-01/xwg15233.fts.fz,2023-05-31,2460096.955144,13.663228,O,64.000015,2.375568,undetermined,1255.000000,1800.000000,0,census undetermined; calibration: cloud (>0.5 mag),,,,,,,,,
66018,rawimage/2023-06-01/xwg15232.fts.fz,2023-05-31,2460096.956603,13.664317,1,128.000031,2.401447,undetermined,1541.000000,1800.000000,0,census undetermined,11.033703,0.004082,0.004750,0.015405,0.007078,0.018073,,,
66085,rawimage/2023-06-02/xwg15301.fts.fz,2023-06-01,2460097.657078,14.364826,1,128.000031,1.104078,undetermined,,1800.000000,0,census undetermined; no WCS; no SN flux,,,,,,,,,
66089,rawimage/2023-06-02/xwg15305.fts.fz,2023-06-01,2460097.659053,14.367530,G,2.000016,1.101384,bounded_clean,,1800.000000,0,S2c indeterminate and own PSF check not passed; no WCS; no SN flux,,,,,,,,,
66088,rawimage/2023-06-02/xwg15304.fts.fz,2023-06-01,2460097.659105,14.367570,R,4.000032,1.102057,bounded_clean,,1800.000000,0,no WCS; no SN flux,,,,,,,,,
66086,rawimage/2023-06-02/xwg15302.fts.fz,2023-06-01,2460097.670360,14.378478,O,64.000015,1.092332,undetermined,,1800.000000,0,census undetermined; no WCS; no SN flux,,,,,,,,,
66087,rawimage/2023-06-02/xwg15303.fts.fz,2023-06-01,2460097.672212,14.379961,H,128.000031,1.091568,undetermined,,1800.000000,0,census undetermined; no WCS; no SN flux,,,,,,,,,
66090,rawimage/2023-06-02/xwg15306.fts.fz,2023-06-01,2460097.673794,14.382237,I,7.999981,1.090338,bounded_clean,,1800.000000,0,S2c indeterminate and own PSF check not passed; no WCS; no SN flux,,,,,,,,,
66093,rawimage/2023-06-02/xwg15309.fts.fz,2023-06-01,2460097.674476,14.382595,O,64.000015,1.089898,undetermined,,1800.000000,0,census undetermined; no WCS; no SN flux,,,,,,,,,
66092,rawimage/2023-06-02/xwg15308.fts.fz,2023-06-01,2460097.675888,14.383636,1,128.000031,1.089282,undetermined,,1800.000000,0,census undetermined; no WCS; no SN flux,,,,,,,,,
66094,rawimage/2023-06-02/xwg1530a.fts.fz,2023-06-01,2460097.684283,14.392032,H,128.000031,1.085109,undetermined,,1800.000000,0,census undetermined; no WCS; no SN flux,,,,,,,,,
66096,rawimage/2023-06-02/xwg1530c.fts.fz,2023-06-01,2460097.686228,14.394706,G,2.000016,1.084194,bounded_clean,,1800.000000,0,no WCS; no SN flux,,,,,,,,,
66095,rawimage/2023-06-02/xwg1530b.fts.fz,2023-06-01,2460097.686291,14.394758,R,4.000032,1.084412,bounded_clean,,1800.000000,0,S2c indeterminate and own PSF check not passed; no WCS; no SN flux,,,,,,,,,
66097,rawimage/2023-06-02/xwg1530d.fts.fz,2023-06-01,2460097.686532,14.394976,I,7.999981,1.084112,clean,1281.000000,1800.000000,0,calibration: cloud (>0.5 mag),,,,,,,,,
66104,rawimage/2023-06-02/xwg15314.fts.fz,2023-06-01,2460097.738552,14.446997,I,7.999981,1.099723,rejected,2216.000000,1800.000000,0,census rejected; calibration: cloud (>0.5 mag); own peak >= cap,,,,,,,,,
66103,rawimage/2023-06-02/xwg15313.fts.fz,2023-06-01,2460097.739177,14.447657,G,2.000016,1.100344,bounded_clean,619.000000,1800.000000,0,calibration: cloud (>0.5 mag),,,,,,,,,
66102,rawimage/2023-06-02/xwg15312.fts.fz,2023-06-01,2460097.739382,14.447850,R,4.000032,1.100518,rejected,3154.000000,1800.000000,0,census rejected; own peak >= cap,11.242468,0.004866,0.006859,0.012026,0.006846,0.016193,-0.065973,0,11.275609
66101,rawimage/2023-06-02/xwg15311.fts.fz,2023-06-01,2460097.740759,14.448511,H,128.000031,1.101153,undetermined,3271.000000,1800.000000,0,census undetermined; own peak >= cap,11.283343,0.003569,0.001214,0.032934,0.006708,0.033821,,,
66100,rawimage/2023-06-02/xwg15310.fts.fz,2023-06-01,2460097.743480,14.451602,O,64.000015,1.103477,rejected,3117.000000,1800.000000,0,census rejected; own peak >= cap,11.260132,0.004639,0.001723,0.043656,0.010358,0.045140,,,
66099,rawimage/2023-06-02/xwg1530f.fts.fz,2023-06-01,2460097.744415,14.452166,1,128.000031,1.104427,rejected,3233.000000,1800.000000,0,census rejected; own peak >= cap,11.119401,0.003837,0.001220,0.015405,0.006859,0.017337,,,
66110,rawimage/2023-06-02/xwg1531b.fts.fz,2023-06-01,2460097.788090,14.496538,I,7.999981,1.177779,rejected,2004.000000,1800.000000,0,census rejected; calibration: cloud (>0.5 mag); own peak >= cap,,,,,,,,,
66109,rawimage/2023-06-02/xwg1531a.fts.fz,2023-06-01,2460097.788738,14.497220,G,2.000016,1.179353,rejected,1808.000000,1800.000000,0,census rejected; own peak >= cap,11.126695,0.005650,0.010949,0.012740,0.011485,0.021119,-0.064992,0,11.217617
66108,rawimage/2023-06-02/xwg15319.fts.fz,2023-06-01,2460097.788955,14.497425,R,4.000032,1.179836,rejected,2885.000000,1800.000000,0,census rejected; own peak >= cap,11.406096,0.004902,0.007747,0.012026,0.008247,0.017224,-0.064988,0,11.438570
66107,rawimage/2023-06-02/xwg15317.fts.fz,2023-06-01,2460097.789974,14.498098,O,64.000015,1.181403,undetermined,3022.000000,1800.000000,0,census undetermined; own peak >= cap,11.268899,0.005282,0.001941,0.043656,0.010654,0.045288,,,
66106,rawimage/2023-06-02/xwg15316.fts.fz,2023-06-01,2460097.792078,14.499831,1,128.000031,1.184665,rejected,3219.000000,1800.000000,0,census rejected; own peak >= cap,11.132577,0.004053,0.001379,0.015405,0.006685,0.017330,,,
66112,rawimage/2023-06-02/xwg1531e.fts.fz,2023-06-01,2460097.833338,14.541464,O,64.000015,1.317560,undetermined,1916.000000,1800.000000,0,census undetermined; own peak >= cap,11.224645,0.005576,0.002350,0.043656,0.010340,0.045270,,,
66117,rawimage/2023-06-02/xwg15328.fts.fz,2023-06-01,2460097.871161,14.579647,G,2.000016,1.512068,clean,1141.000000,1800.000000,1,,11.066708,0.005722,0.016913,0.012740,0.011483,0.024758,-0.063354,0,11.157564
66116,rawimage/2023-06-02/xwg15327.fts.fz,2023-06-01,2460097.871373,14.579847,R,4.000032,1.513310,rejected,2091.000000,1800.000000,0,census rejected; own peak >= cap,11.143060,0.004253,0.011977,0.012026,0.006317,0.018603,-0.063350,0,11.172830
66115,rawimage/2023-06-02/xwg15326.fts.fz,2023-06-01,2460097.872736,14.580494,H,128.000031,1.517422,undetermined,3068.000000,1800.000000,0,census undetermined; own peak >= cap,11.192305,0.003625,0.002127,0.032934,0.006857,0.033902,,,
66118,rawimage/2023-06-02/xwg15329.fts.fz,2023-06-01,2460097.873505,14.581955,I,7.999981,1.507851,rejected,2864.000000,1800.000000,0,census rejected; own peak >= cap,11.218055,0.003931,0.008416,0.016324,0.005182,0.019484,-0.063309,0,11.213893
66114,rawimage/2023-06-02/xwg15325.fts.fz,2023-06-01,2460097.875424,14.583552,O,64.000015,1.532441,undetermined,1860.000000,1800.000000,0,census undetermined; own peak >= cap,11.194047,0.005771,0.003061,0.043656,0.010343,0.045337,,,
66121,rawimage/2023-06-02/xwg15330.fts.fz,2023-06-01,2460097.914677,14.623129,I,7.999981,1.871131,rejected,2317.000000,1800.000000,0,census rejected; own peak >= cap,11.221336,0.004050,0.012278,0.016324,0.005223,0.021469,-0.062490,0,11.216326
66120,rawimage/2023-06-02/xwg1532c.fts.fz,2023-06-01,2460097.915691,14.623821,O,64.000015,1.878949,undetermined,2099.000000,1800.000000,0,census undetermined; own peak >= cap,11.173107,0.005380,0.004373,0.043656,0.010158,0.045355,,,
66119,rawimage/2023-06-02/xwg1532b.fts.fz,2023-06-01,2460097.917740,14.625498,1,128.000031,1.893281,rejected,2741.000000,1800.000000,0,census rejected; own peak >= cap,11.009243,0.003860,0.003133,0.015405,0.006609,0.017484,,,
66127,rawimage/2023-06-02/xwg15336.fts.fz,2023-06-01,2460097.950559,14.659048,G,2.000016,2.363019,clean,924.000000,1800.000000,1,,11.095524,0.006265,0.036945,0.012740,0.014481,0.042144,-0.061777,0,11.186485
66126,rawimage/2023-06-02/xwg15335.fts.fz,2023-06-01,2460097.950773,14.659250,R,4.000032,2.366442,rejected,2437.000000,1800.000000,0,census rejected; own peak >= cap,11.193962,0.004509,0.026190,0.012026,0.007399,0.030093,-0.061773,0,11.216930
66128,rawimage/2023-06-02/xwg15337.fts.fz,2023-06-01,2460097.951423,14.659877,I,7.999981,2.351412,rejected,2830.000000,1800.000000,0,census rejected; own peak >= cap,11.309886,0.004230,0.018314,0.016324,0.005640,0.025526,-0.061760,0,11.303754
66125,rawimage/2023-06-02/xwg15334.fts.fz,2023-06-01,2460097.952135,14.659897,H,128.000031,2.377789,undetermined,2644.000000,1800.000000,0,census undetermined; own peak >= cap,11.190733,0.003796,0.004669,0.032934,0.006603,0.034125,,,
66124,rawimage/2023-06-02/xwg15333.fts.fz,2023-06-01,2460097.954848,14.662978,O,64.000015,2.419835,clean,1462.000000,1800.000000,0,calibration: cloud (>0.5 mag),,,,,,,,,
66123,rawimage/2023-06-02/xwg15332.fts.fz,2023-06-01,2460097.955771,14.663530,1,128.000031,2.436807,rejected,2364.000000,1800.000000,0,census rejected; own peak >= cap,11.058736,0.004034,0.004873,0.015405,0.006800,0.017988,,,
66206,rawimage/2023-06-04/xwg15501.fts.fz,2023-06-03,2460099.696257,16.404103,1,128.000031,1.082131,undetermined,3257.000000,1800.000000,0,census undetermined; own peak >= cap,11.142262,0.003842,0.001177,0.015405,0.006755,0.017294,,,
66207,rawimage/2023-06-04/xwg15502.fts.fz,2023-06-03,2460099.699010,16.407226,O,64.000015,1.082276,undetermined,2690.000000,1800.000000,0,census undetermined; own peak >= cap,11.336034,0.004979,0.001665,0.043656,0.010135,0.045123,,,
66208,rawimage/2023-06-04/xwg15503.fts.fz,2023-06-03,2460099.700359,16.408205,H,128.000031,1.082415,undetermined,2947.000000,1800.000000,0,census undetermined; own peak >= cap,11.222027,0.003510,0.001178,0.032934,0.006670,0.033806,,,
66210,rawimage/2023-06-04/xwg15505.fts.fz,2023-06-03,2460099.702368,16.410943,G,2.000016,1.082896,clean,1132.000000,1800.000000,1,,11.179735,0.005655,0.009430,0.012740,0.010952,0.020078,-0.026965,0,11.266630
66209,rawimage/2023-06-04/xwg15504.fts.fz,2023-06-03,2460099.702406,16.410970,R,4.000032,1.082767,rejected,1861.000000,1800.000000,0,census rejected; own peak >= cap,11.213352,0.004294,0.006667,0.012026,0.006156,0.015665,-0.026964,0,11.245135
66211,rawimage/2023-06-04/xwg15506.fts.fz,2023-06-03,2460099.702688,16.411229,I,7.999981,1.082950,rejected,1894.000000,1800.000000,0,census rejected; own peak >= cap,11.288112,0.003988,0.004715,0.016324,0.005131,0.018192,-0.026959,0,11.285081
66214,rawimage/2023-06-04/xwg15509.fts.fz,2023-06-03,2460099.703753,16.411969,O,64.000015,1.083103,clean,1223.000000,1800.000000,1,,11.314740,0.006475,0.001668,0.043656,0.010908,0.045492,,,
66216,rawimage/2023-06-04/xwg1550b.fts.fz,2023-06-03,2460099.704732,16.413296,R,4.000032,1.083323,clean,1746.000000,1800.000000,1,,11.237468,0.004246,0.006673,0.012026,0.006300,0.015712,-0.026918,0,11.269245
66217,rawimage/2023-06-04/xwg1550c.fts.fz,2023-06-03,2460099.705060,16.413635,G,2.000016,1.083493,clean,1232.000000,1800.000000,1,,11.200055,0.005680,0.009439,0.012740,0.010656,0.019930,-0.026911,0,11.286945
66213,rawimage/2023-06-04/xwg15508.fts.fz,2023-06-03,2460099.716820,16.424666,1,128.000031,1.087705,rejected,3187.000000,1800.000000,0,census rejected; own peak >= cap,11.130451,0.003802,0.001188,0.015405,0.006926,0.017353,,,
66215,rawimage/2023-06-04/xwg1550a.fts.fz,2023-06-03,2460099.719290,16.427136,H,128.000031,1.088634,undetermined,3267.000000,1800.000000,0,census undetermined; own peak >= cap,11.268447,0.003574,0.001190,0.032934,0.006779,0.033835,,,
66218,rawimage/2023-06-04/xwg1550d.fts.fz,2023-06-03,2460099.720965,16.429506,I,7.999981,1.090012,rejected,3211.000000,1800.000000,0,census rejected; own peak >= cap,11.303243,0.003893,0.004769,0.016324,0.005063,0.018167,-0.026596,0,11.300198
66225,rawimage/2023-06-04/xwg15514.fts.fz,2023-06-03,2460099.727817,16.436358,I,7.999981,1.095178,rejected,3077.000000,1800.000000,0,census rejected; own peak >= cap,11.343198,0.003934,0.004809,0.016324,0.005049,0.018182,-0.026460,0,11.340142
66224,rawimage/2023-06-04/xwg15513.fts.fz,2023-06-03,2460099.728284,16.436860,G,2.000016,1.095712,rejected,2470.000000,1800.000000,0,census rejected; own peak >= cap,11.244970,0.005462,0.009626,0.012740,0.010542,0.019898,-0.026450,0,11.331815
66223,rawimage/2023-06-04/xwg15512.fts.fz,2023-06-03,2460099.728507,16.437072,R,4.000032,1.095879,rejected,3246.000000,1800.000000,0,census rejected; own peak >= cap,11.272552,0.004119,0.006809,0.012026,0.006449,0.015796,-0.026445,0,11.304216
66222,rawimage/2023-06-04/xwg15511.fts.fz,2023-06-03,2460099.729881,16.437728,H,128.000031,1.096418,undetermined,3275.000000,1800.000000,0,census undetermined; own peak >= cap,11.282861,0.003574,0.001205,0.032934,0.006976,0.033876,,,
66221,rawimage/2023-06-04/xwg15510.fts.fz,2023-06-03,2460099.732603,16.440821,O,64.000015,1.098432,rejected,2687.000000,1800.000000,0,census rejected; own peak >= cap,11.333828,0.005063,0.001709,0.043656,0.010298,0.045171,,,
66220,rawimage/2023-06-04/xwg1550f.fts.fz,2023-06-03,2460099.733704,16.441551,1,128.000031,1.099416,rejected,2811.000000,1800.000000,0,census rejected; own peak >= cap,11.126381,0.003856,0.001210,0.015405,0.007383,0.017554,,,
66231,rawimage/2023-06-04/xwg1551a.fts.fz,2023-06-03,2460099.780513,16.489091,G,2.000016,1.173297,rejected,2389.000000,1800.000000,0,census rejected; own peak >= cap,11.176530,0.005556,0.010850,0.012740,0.009996,0.020269,-0.025412,0,11.263290
66230,rawimage/2023-06-04/xwg15519.fts.fz,2023-06-03,2460099.780737,16.489304,R,4.000032,1.173763,rejected,3290.000000,1800.000000,0,census rejected; own peak >= cap,11.259112,0.004160,0.007678,0.012026,0.005898,0.015989,-0.025408,0,11.290146
66232,rawimage/2023-06-04/xwg1551b.fts.fz,2023-06-03,2460099.781357,16.489900,I,7.999981,1.171832,rejected,3215.000000,1800.000000,0,census rejected; own peak >= cap,11.292993,0.003899,0.005413,0.016324,0.004852,0.018290,-0.025396,0,11.289769
66229,rawimage/2023-06-04/xwg15518.fts.fz,2023-06-03,2460099.782100,16.489949,H,128.000031,1.175220,rejected,3299.000000,1800.000000,0,census rejected; own peak >= cap,11.270903,0.003576,0.001360,0.032934,0.006277,0.033745,,,
66228,rawimage/2023-06-04/xwg15517.fts.fz,2023-06-03,2460099.784373,16.492593,O,64.000015,1.179592,rejected,3111.000000,1800.000000,0,census rejected; own peak >= cap,11.330094,0.004941,0.001936,0.043656,0.009450,0.044981,,,
66227,rawimage/2023-06-04/xwg15516.fts.fz,2023-06-03,2460099.785490,16.493340,1,128.000031,1.182217,rejected,3268.000000,1800.000000,0,census rejected; own peak >= cap,11.149715,0.003832,0.001374,0.015405,0.006399,0.017170,,,
66238,rawimage/2023-06-04/xwg15522.fts.fz,2023-06-03,2460099.828588,16.537133,I,7.999981,1.322219,rejected,2900.000000,1800.000000,0,census rejected; own peak >= cap,11.297359,0.003974,0.006687,0.016324,0.004811,0.018712,-0.024457,0,11.293801
66237,rawimage/2023-06-04/xwg15521.fts.fz,2023-06-03,2460099.829231,16.537810,G,2.000016,1.324982,clean,1708.000000,1800.000000,1,,11.246339,0.006072,0.013423,0.012740,0.010660,0.022203,-0.024444,0,11.333043
66236,rawimage/2023-06-04/xwg15520.fts.fz,2023-06-03,2460099.831141,16.539710,R,4.000032,1.332911,rejected,3145.000000,1800.000000,0,census rejected; own peak >= cap,11.222341,0.004189,0.009591,0.012026,0.005928,0.017009,-0.024406,0,11.252132
66235,rawimage/2023-06-04/xwg1551e.fts.fz,2023-06-03,2460099.832162,16.540383,O,64.000015,1.335758,rejected,2712.000000,1800.000000,0,census rejected; own peak >= cap,11.319254,0.005134,0.002407,0.043656,0.009755,0.045090,,,
66234,rawimage/2023-06-04/xwg1551d.fts.fz,2023-06-03,2460099.833822,16.541672,1,128.000031,1.339771,rejected,3119.000000,1800.000000,0,census rejected; own peak >= cap,11.129955,0.003879,0.001711,0.015405,0.006591,0.017283,,,
66242,rawimage/2023-06-04/xwg15528.fts.fz,2023-06-03,2460099.871639,16.580221,G,2.000016,1.551455,clean,1675.000000,1800.000000,1,,11.213101,0.006189,0.017692,0.012740,0.010843,0.025123,-0.023601,0,11.299786
66241,rawimage/2023-06-04/xwg15527.fts.fz,2023-06-03,2460099.871856,16.580425,R,4.000032,1.552867,rejected,3000.000000,1800.000000,0,census rejected; own peak >= cap,11.221610,0.004385,0.012530,0.012026,0.006357,0.019007,-0.023597,0,11.249710
66240,rawimage/2023-06-04/xwg15526.fts.fz,2023-06-03,2460099.873223,16.581076,H,128.000031,1.557281,rejected,3279.000000,1800.000000,0,census rejected; own peak >= cap,11.257741,0.003791,0.002226,0.032934,0.006389,0.033835,,,
66243,rawimage/2023-06-04/xwg15529.fts.fz,2023-06-03,2460099.876939,16.585486,I,7.999981,1.546931,rejected,3148.000000,1800.000000,0,census rejected; own peak >= cap,11.291624,0.004116,0.008801,0.016324,0.005043,0.019655,-0.023496,0,11.287567
66239,rawimage/2023-06-04/xwg15524.fts.fz,2023-06-03,2460099.877002,16.584854,1,128.000031,1.583655,rejected,3320.000000,1800.000000,0,census rejected; own peak >= cap,11.142885,0.004047,0.002292,0.015405,0.006643,0.017409,,,
66247,rawimage/2023-06-04/xwg15530.fts.fz,2023-06-03,2460099.914337,16.622885,I,7.999981,1.929249,clean,1000.000000,1800.000000,0,calibration: cloud (>0.5 mag),,,,,,,,,
66246,rawimage/2023-06-04/xwg1552c.fts.fz,2023-06-03,2460099.915393,16.623619,O,64.000015,1.937614,undetermined,,1800.000000,0,census undetermined; no WCS; no SN flux,,,,,,,,,
66245,rawimage/2023-06-04/xwg1552b.fts.fz,2023-06-03,2460099.917176,16.625032,1,128.000031,1.949837,undetermined,965.000000,1800.000000,0,census undetermined; calibration: cloud (>0.5 mag),,,,,,,,,
66254,rawimage/2023-06-04/xwg15537.fts.fz,2023-06-03,2460099.950413,16.658963,I,7.999981,2.460277,clean,781.000000,1800.000000,0,calibration: cloud (>0.5 mag),,,,,,,,,
66253,rawimage/2023-06-04/xwg15536.fts.fz,2023-06-03,2460099.951040,16.659627,G,2.000016,2.472744,undetermined,,1800.000000,0,census undetermined; no WCS; no SN flux,,,,,,,,,
66252,rawimage/2023-06-04/xwg15535.fts.fz,2023-06-03,2460099.951247,16.659822,R,4.000032,2.476486,bounded_clean,609.000000,1800.000000,0,calibration: cloud (>0.5 mag),,,,,,,,,
66251,rawimage/2023-06-04/xwg15534.fts.fz,2023-06-03,2460099.952598,16.660455,H,128.000031,2.488668,undetermined,,1800.000000,0,census undetermined; no WCS; no SN flux,,,,,,,,,
66250,rawimage/2023-06-04/xwg15533.fts.fz,2023-06-03,2460099.954916,16.663144,O,64.000015,2.526837,undetermined,,1800.000000,0,census undetermined; no WCS; no SN flux,,,,,,,,,
66249,rawimage/2023-06-04/xwg15532.fts.fz,2023-06-03,2460099.956064,16.663922,1,128.000031,2.549725,undetermined,,1800.000000,0,census undetermined; no WCS; no SN flux,,,,,,,,,
66345,rawimage/2023-06-05/xwg15601.fts.fz,2023-06-04,2460100.689626,17.397519,1,128.000031,1.082226,undetermined,2786.000000,1800.000000,0,census undetermined; own peak >= cap,11.161146,0.003933,0.001177,0.015405,0.007128,0.017463,,,
66346,rawimage/2023-06-05/xwg15602.fts.fz,2023-06-04,2460100.691646,17.399909,O,64.000015,1.082115,undetermined,2440.000000,1800.000000,0,census undetermined; own peak >= cap,11.406969,0.005372,0.001665,0.043656,0.009986,0.045135,,,
66347,rawimage/2023-06-05/xwg15603.fts.fz,2023-06-04,2460100.694290,17.402183,H,128.000031,1.082165,undetermined,3301.000000,1800.000000,0,census undetermined; own peak >= cap,11.295125,0.003529,0.001177,0.032934,0.006579,0.033791,,,
66349,rawimage/2023-06-05/xwg15605.fts.fz,2023-06-04,2460100.696658,17.405282,G,2.000016,1.082437,rejected,1976.000000,1800.000000,0,census rejected; own peak >= cap,11.225843,0.005577,0.009423,0.012740,0.010388,0.019751,-0.007206,0,11.310662
66348,rawimage/2023-06-05/xwg15604.fts.fz,2023-06-04,2460100.696689,17.405302,R,4.000032,1.082354,rejected,3172.000000,1800.000000,0,census rejected; own peak >= cap,11.277782,0.004141,0.006662,0.012026,0.006087,0.015595,-0.007206,0,11.308809
66350,rawimage/2023-06-05/xwg15606.fts.fz,2023-06-04,2460100.696975,17.405564,I,7.999981,1.082472,rejected,3125.000000,1800.000000,0,census rejected; own peak >= cap,11.325436,0.003894,0.004712,0.016324,0.004897,0.018106,-0.007201,0,11.322479
66353,rawimage/2023-06-05/xwg15609.fts.fz,2023-06-04,2460100.698031,17.406296,O,64.000015,1.082572,rejected,2543.000000,1800.000000,0,census rejected; own peak >= cap,11.407509,0.004889,0.001666,0.043656,0.009914,0.045064,,,
66355,rawimage/2023-06-05/xwg1560b.fts.fz,2023-06-04,2460100.699157,17.407769,R,4.000032,1.082749,rejected,3129.000000,1800.000000,0,census rejected; own peak >= cap,11.282269,0.004149,0.006666,0.012026,0.006395,0.015721,-0.007157,0,11.313291
66356,rawimage/2023-06-05/xwg1560c.fts.fz,2023-06-04,2460100.699481,17.408105,G,2.000016,1.082877,rejected,2392.000000,1800.000000,0,census rejected; own peak >= cap,11.256985,0.005635,0.009430,0.012740,0.010328,0.019739,-0.007150,0,11.341798
66357,rawimage/2023-06-05/xwg1560d.fts.fz,2023-06-04,2460100.699803,17.408392,I,7.999981,1.082930,rejected,3211.000000,1800.000000,0,census rejected; own peak >= cap,11.349107,0.003939,0.004715,0.016324,0.004956,0.018133,-0.007144,0,11.346150
66352,rawimage/2023-06-05/xwg15608.fts.fz,2023-06-04,2460100.742007,17.449902,1,128.000031,1.111442,undetermined,3182.000000,1800.000000,0,census undetermined; own peak >= cap,11.148080,0.003843,0.001234,0.015405,0.007248,0.017496,,,
66362,rawimage/2023-06-05/xwg15613.fts.fz,2023-06-04,2460100.744334,17.452960,G,2.000016,1.115234,clean,1679.000000,1800.000000,1,,11.265233,0.005672,0.009928,0.012740,0.011545,0.020648,-0.006259,0,11.349962
66361,rawimage/2023-06-05/xwg15612.fts.fz,2023-06-04,2460100.744379,17.452993,R,4.000032,1.114354,rejected,3095.000000,1800.000000,0,census rejected; own peak >= cap,11.277794,0.004173,0.007011,0.012026,0.006381,0.015871,-0.006258,0,11.308547
66363,rawimage/2023-06-05/xwg15614.fts.fz,2023-06-04,2460100.744653,17.453244,I,7.999981,1.115589,rejected,2565.000000,1800.000000,0,census rejected; own peak >= cap,11.311435,0.003940,0.004967,0.016324,0.005265,0.018287,-0.006253,0,11.308409
66354,rawimage/2023-06-05/xwg1560a.fts.fz,2023-06-04,2460100.759339,17.467236,H,128.000031,1.133751,undetermined,2793.000000,1800.000000,0,census undetermined; own peak >= cap,11.239041,0.003585,0.001277,0.032934,0.007007,0.033886,,,
66359,rawimage/2023-06-05/xwg1560f.fts.fz,2023-06-04,2460100.792265,17.500163,1,128.000031,1.203283,undetermined,2675.000000,1800.000000,0,census undetermined; own peak >= cap,11.144841,0.003906,0.001418,0.015405,0.007198,0.017504,,,
66367,rawimage/2023-06-05/xwg1561a.fts.fz,2023-06-04,2460100.793103,17.501731,G,2.000016,1.211483,clean,1484.000000,1800.000000,1,,11.238592,0.005872,0.011476,0.012740,0.010966,0.021183,-0.005290,0,11.323248
66366,rawimage/2023-06-05/xwg15619.fts.fz,2023-06-04,2460100.793133,17.501749,R,4.000032,1.209521,rejected,2723.000000,1800.000000,0,census rejected; own peak >= cap,11.266859,0.004240,0.008092,0.012026,0.006196,0.016324,-0.005289,0,11.296872
66368,rawimage/2023-06-05/xwg1561b.fts.fz,2023-06-04,2460100.793422,17.502015,I,7.999981,1.212248,rejected,3149.000000,1800.000000,0,census rejected; own peak >= cap,11.302862,0.003952,0.005744,0.016324,0.004803,0.018389,-0.005284,0,11.299628
66365,rawimage/2023-06-05/xwg15617.fts.fz,2023-06-04,2460100.812346,17.520615,O,64.000015,1.264985,undetermined,1888.000000,1800.000000,0,census undetermined; own peak >= cap,11.366710,0.005845,0.002188,0.043656,0.010295,0.045285,,,
66369,rawimage/2023-06-05/xwg15622.fts.fz,2023-06-04,2460100.814596,17.523190,I,7.999981,1.277760,rejected,3235.000000,1800.000000,0,census rejected; own peak >= cap,11.315694,0.003981,0.006299,0.016324,0.004833,0.018584,-0.004863,0,11.312319
66371,rawimage/2023-06-05/xwg15628.fts.fz,2023-06-04,2460100.894788,17.603419,G,2.000016,1.757142,clean,1054.000000,1800.000000,1,,11.249775,0.006488,0.021999,0.012740,0.012609,0.029109,-0.003269,0,11.334381
66370,rawimage/2023-06-05/xwg15627.fts.fz,2023-06-04,2460100.895570,17.604190,R,4.000032,1.750645,rejected,1974.000000,1800.000000,0,census rejected; own peak >= cap,11.260801,0.004575,0.015455,0.012026,0.006658,0.021183,-0.003254,0,11.286749
66373,rawimage/2023-06-05/xwg1562f.fts.fz,2023-06-04,2460100.936372,17.645006,G,2.000016,2.265583,clean,979.000000,1800.000000,1,,11.205978,0.007011,0.034320,0.012740,0.015237,0.040268,-0.002443,0,11.290648
66372,rawimage/2023-06-05/xwg1562e.fts.fz,2023-06-04,2460100.937154,17.645777,R,4.000032,2.254359,clean,1475.000000,1800.000000,1,,11.293956,0.005090,0.024058,0.012026,0.007676,0.028429,-0.002427,0,11.316168
66374,rawimage/2023-06-05/xwg15645.fts.fz,2023-06-04,2460100.939508,17.648106,I,7.999981,2.314511,rejected,2624.000000,1800.000000,0,census rejected; own peak >= cap,11.285335,0.004280,0.017814,0.016324,0.005888,0.025235,-0.002381,0,11.279706
66360,rawimage/2023-06-05/xwg15611.fts.fz,2023-06-04,2460100.958354,17.666261,H,128.000031,2.663764,undetermined,2947.000000,1800.000000,0,census undetermined; own peak >= cap,11.248814,0.004029,0.005695,0.032934,0.007290,0.034446,,,
66446,rawimage/2023-06-07/xwg15802.fts.fz,2023-06-06,2460102.662874,19.371234,O,64.000015,1.088378,rejected,2071.000000,1800.000000,0,census rejected; own peak >= cap,11.485186,0.005058,0.001682,0.043656,0.009812,0.045061,,,
66448,rawimage/2023-06-07/xwg15804.fts.fz,2023-06-06,2460102.664256,19.372963,R,4.000032,1.087660,rejected,2325.000000,1800.000000,0,census rejected; own peak >= cap,11.322269,0.004104,0.006719,0.012026,0.006350,0.015714,0.031894,0,11.351755
66449,rawimage/2023-06-07/xwg15805.fts.fz,2023-06-06,2460102.664611,19.373330,G,2.000016,1.087296,clean,1725.000000,1800.000000,1,,11.329732,0.005682,0.009497,0.012740,0.010389,0.019817,0.031901,0,11.410443
66454,rawimage/2023-06-07/xwg1580b.fts.fz,2023-06-06,2460102.664846,19.373553,R,4.000032,1.087188,rejected,2300.000000,1800.000000,0,census rejected; own peak >= cap,11.329750,0.004382,0.006714,0.012026,0.006225,0.015737,0.031905,0,11.359239
66450,rawimage/2023-06-07/xwg15806.fts.fz,2023-06-06,2460102.701911,19.410597,I,7.999981,1.085110,rejected,3220.000000,1800.000000,0,census rejected; own peak >= cap,11.376568,0.003914,0.004732,0.016324,0.004818,0.018094,0.032641,0,11.373752
66455,rawimage/2023-06-07/xwg1580c.fts.fz,2023-06-06,2460102.702576,19.411297,G,2.000016,1.085375,clean,1752.000000,1800.000000,1,,11.296896,0.005651,0.009468,0.012740,0.010297,0.019746,0.032655,0,11.377527
66456,rawimage/2023-06-07/xwg1580d.fts.fz,2023-06-06,2460102.702897,19.411582,I,7.999981,1.085489,rejected,2508.000000,1800.000000,0,census rejected; own peak >= cap,11.342859,0.003864,0.004735,0.016324,0.005014,0.018138,0.032661,0,11.340042
66445,rawimage/2023-06-07/xwg15801.fts.fz,2023-06-06,2460102.709599,19.417590,1,128.000031,1.087529,undetermined,2527.000000,1800.000000,0,census undetermined; own peak >= cap,11.158801,0.003796,0.001188,0.015405,0.007397,0.017545,,,
66478,rawimage/2023-06-07/xwg1583e.fts.fz,2023-06-06,2460102.710455,19.419141,I,7.999981,1.089156,rejected,3172.000000,1800.000000,0,census rejected; own peak >= cap,11.368981,0.003912,0.004763,0.016324,0.005065,0.018170,0.032811,0,11.366157
66481,rawimage/2023-06-07/xwg15845.fts.fz,2023-06-06,2460102.710510,19.419196,I,7.999981,1.088776,rejected,3164.000000,1800.000000,0,census rejected; own peak >= cap,11.347633,0.003874,0.004760,0.016324,0.005090,0.018167,0.032812,0,11.344810
66447,rawimage/2023-06-07/xwg15803.fts.fz,2023-06-06,2460102.711898,19.419889,H,128.000031,1.089595,undetermined,3135.000000,1800.000000,0,census undetermined; own peak >= cap,11.234631,0.003445,0.001192,0.032934,0.007335,0.033938,,,
66452,rawimage/2023-06-07/xwg15809.fts.fz,2023-06-06,2460102.714618,19.422980,O,64.000015,1.091059,rejected,2546.000000,1800.000000,0,census rejected; own peak >= cap,11.451630,0.004825,0.001689,0.043656,0.010588,0.045211,,,
66462,rawimage/2023-06-07/xwg15814.fts.fz,2023-06-06,2460102.715116,19.423802,I,7.999981,1.092094,rejected,3228.000000,1800.000000,0,census rejected; own peak >= cap,11.377548,0.003951,0.004785,0.016324,0.005028,0.018174,0.032904,0,11.374718
66480,rawimage/2023-06-07/xwg15844.fts.fz,2023-06-06,2460102.715146,19.423866,G,2.000016,1.091888,rejected,2038.000000,1800.000000,0,census rejected; own peak >= cap,11.279553,0.005648,0.009567,0.012740,0.010757,0.020036,0.032905,0,11.360160
66461,rawimage/2023-06-07/xwg15813.fts.fz,2023-06-06,2460102.715776,19.424497,G,2.000016,1.092575,rejected,2142.000000,1800.000000,0,census rejected; own peak >= cap,11.285156,0.005636,0.009578,0.012740,0.010233,0.019762,0.032918,0,11.365762
66460,rawimage/2023-06-07/xwg15812.fts.fz,2023-06-06,2460102.716004,19.424713,R,4.000032,1.092722,rejected,2279.000000,1800.000000,0,census rejected; own peak >= cap,11.307167,0.004118,0.006774,0.012026,0.006651,0.015865,0.032922,0,11.336578
66451,rawimage/2023-06-07/xwg15808.fts.fz,2023-06-06,2460102.755023,19.463016,1,128.000031,1.138261,rejected,3280.000000,1800.000000,0,census rejected; own peak >= cap,11.268782,0.004016,0.001286,0.015405,0.006286,0.017164,,,
66458,rawimage/2023-06-07/xwg15810.fts.fz,2023-06-06,2460102.757568,19.465932,O,64.000015,1.142041,rejected,3136.000000,1800.000000,0,census rejected; own peak >= cap,11.474143,0.005162,0.001830,0.043656,0.009496,0.045011,,,
66479,rawimage/2023-06-07/xwg15843.fts.fz,2023-06-06,2460102.757810,19.466521,R,4.000032,1.143744,rejected,3222.000000,1800.000000,0,census rejected; own peak >= cap,11.353962,0.004268,0.007337,0.012026,0.005844,0.015837,0.033753,0,11.382983
66475,rawimage/2023-06-07/xwg15837.fts.fz,2023-06-06,2460102.758184,19.466872,I,7.999981,1.145013,rejected,3080.000000,1800.000000,0,census rejected; own peak >= cap,11.398132,0.004037,0.005198,0.016324,0.004709,0.018220,0.033760,0,11.395195
66453,rawimage/2023-06-07/xwg1580a.fts.fz,2023-06-06,2460102.765045,19.473038,H,128.000031,1.153759,undetermined,3408.000000,1800.000000,0,census undetermined; own peak >= cap,11.401280,0.003753,0.001317,0.032934,0.006220,0.033752,,,
66465,rawimage/2023-06-07/xwg1581a.fts.fz,2023-06-06,2460102.765405,19.474128,G,2.000016,1.158900,rejected,2849.000000,1800.000000,0,census rejected; own peak >= cap,11.283171,0.005764,0.010618,0.012740,0.009756,0.020086,0.033904,0,11.363692
66464,rawimage/2023-06-07/xwg15819.fts.fz,2023-06-06,2460102.765634,19.474345,R,4.000032,1.159345,rejected,3354.000000,1800.000000,0,census rejected; own peak >= cap,11.369908,0.004303,0.007513,0.012026,0.005813,0.015918,0.033908,0,11.398812
66477,rawimage/2023-06-07/xwg1583d.fts.fz,2023-06-06,2460102.765935,19.474658,G,2.000016,1.158502,rejected,2464.000000,1800.000000,0,census rejected; own peak >= cap,11.303707,0.005801,0.010612,0.012740,0.010024,0.020225,0.033914,0,11.384226
66463,rawimage/2023-06-07/xwg15817.fts.fz,2023-06-06,2460102.766684,19.475048,O,64.000015,1.160761,rejected,3078.000000,1800.000000,0,census rejected; own peak >= cap,11.443423,0.004988,0.001882,0.043656,0.009601,0.045016,,,
66457,rawimage/2023-06-07/xwg1580f.fts.fz,2023-06-06,2460102.805396,19.513392,1,128.000031,1.263993,rejected,3023.000000,1800.000000,0,census rejected; own peak >= cap,11.188363,0.003983,0.001545,0.015405,0.006146,0.017127,,,
66476,rawimage/2023-06-07/xwg1583c.fts.fz,2023-06-06,2460102.807226,19.515939,R,4.000032,1.272796,rejected,2583.000000,1800.000000,0,census rejected; own peak >= cap,11.312883,0.004309,0.008847,0.012026,0.005553,0.016501,0.034735,0,11.340960
66466,rawimage/2023-06-07/xwg1581b.fts.fz,2023-06-06,2460102.807274,19.515964,I,7.999981,1.270328,rejected,2555.000000,1800.000000,0,census rejected; own peak >= cap,11.366807,0.004072,0.006235,0.016324,0.004407,0.018476,0.034735,0,11.363613
66471,rawimage/2023-06-07/xwg15828.fts.fz,2023-06-06,2460102.807950,19.516674,G,2.000016,1.275409,clean,1573.000000,1800.000000,1,,11.321089,0.006007,0.012557,0.012740,0.009718,0.021225,0.034749,0,11.401554
66469,rawimage/2023-06-07/xwg15825.fts.fz,2023-06-06,2460102.808583,19.516949,O,64.000015,1.276394,rejected,2520.000000,1800.000000,0,census rejected; own peak >= cap,11.482183,0.005388,0.002223,0.043656,0.009176,0.044989,,,
66468,rawimage/2023-06-07/xwg15822.fts.fz,2023-06-06,2460102.809572,19.518262,I,7.999981,1.279787,rejected,3250.000000,1800.000000,0,census rejected; own peak >= cap,11.419098,0.004159,0.006316,0.016324,0.004492,0.018543,0.034781,0,11.415884
66459,rawimage/2023-06-07/xwg15811.fts.fz,2023-06-06,2460102.816069,19.524065,H,128.000031,1.297032,rejected,3261.000000,1800.000000,0,census rejected; own peak >= cap,11.293247,0.003691,0.001616,0.032934,0.006154,0.033746,,,
66467,rawimage/2023-06-07/xwg1581e.fts.fz,2023-06-06,2460102.816624,19.524991,O,64.000015,1.303520,undetermined,2017.000000,1800.000000,0,census undetermined; own peak >= cap,11.407001,0.005542,0.002306,0.043656,0.009679,0.045117,,,
66470,rawimage/2023-06-07/xwg15827.fts.fz,2023-06-06,2460102.934332,19.643050,R,4.000032,2.323004,clean,1484.000000,1800.000000,1,,11.307642,0.004888,0.025354,0.012026,0.007768,0.029525,0.036406,0,11.328297
66472,rawimage/2023-06-07/xwg15829.fts.fz,2023-06-06,2460102.935068,19.643763,I,7.999981,2.334923,clean,1344.000000,1800.000000,1,,11.361890,0.004516,0.018090,0.016324,0.006438,0.025604,0.036414,0,11.356490
66473,rawimage/2023-06-07/xwg1582e.fts.fz,2023-06-06,2460102.935756,19.644474,R,4.000032,2.347162,clean,1498.000000,1800.000000,1,,11.327611,0.005083,0.025818,0.012026,0.007667,0.029930,0.036422,0,11.348096
66474,rawimage/2023-06-07/xwg1582f.fts.fz,2023-06-06,2460102.936471,19.645201,G,2.000016,2.359730,clean,646.000000,1800.000000,1,,11.295946,0.007198,0.036855,0.012740,0.014775,0.042316,0.036430,0,11.376540
66563,rawimage/2023-06-08/xwg15901.fts.fz,2023-06-07,2460103.663608,20.371646,1,128.000031,1.086791,rejected,2423.000000,1800.000000,0,census rejected; own peak >= cap,11.218083,0.003985,0.001186,0.015405,0.007029,0.017435,,,
66564,rawimage/2023-06-08/xwg15902.fts.fz,2023-06-07,2460103.665729,20.374137,O,64.000015,1.086006,undetermined,1406.000000,1800.000000,0,census undetermined,11.490083,0.006179,0.001675,0.043656,0.011272,0.045540,,,
66565,rawimage/2023-06-08/xwg15903.fts.fz,2023-06-07,2460103.667127,20.375166,H,128.000031,1.085432,rejected,3114.000000,1800.000000,0,census rejected; own peak >= cap,11.253307,0.003517,0.001184,0.032934,0.006667,0.033807,,,
66567,rawimage/2023-06-08/xwg15905.fts.fz,2023-06-07,2460103.669069,20.377837,G,2.000016,1.084352,clean,1323.000000,1800.000000,1,,11.327418,0.006040,0.009452,0.012740,0.011683,0.020606,0.044633,0,11.406791
66566,rawimage/2023-06-08/xwg15904.fts.fz,2023-06-07,2460103.669076,20.377832,R,4.000032,1.084593,rejected,1920.000000,1800.000000,0,census rejected; own peak >= cap,11.328198,0.004309,0.006686,0.012026,0.006441,0.015792,0.044633,0,11.357217
66568,rawimage/2023-06-08/xwg15906.fts.fz,2023-06-07,2460103.669388,20.378121,I,7.999981,1.084259,rejected,2315.000000,1800.000000,0,census rejected; own peak >= cap,11.379017,0.004056,0.004725,0.016324,0.005128,0.018209,0.044636,0,11.376246
66573,rawimage/2023-06-08/xwg1590d.fts.fz,2023-06-07,2460103.673256,20.381990,I,7.999981,1.083303,rejected,2403.000000,1800.000000,0,census rejected; own peak >= cap,11.390062,0.004020,0.004718,0.016324,0.005062,0.018180,0.044679,0,11.387293
66572,rawimage/2023-06-08/xwg1590c.fts.fz,2023-06-07,2460103.673530,20.382298,G,2.000016,1.083143,clean,1436.000000,1800.000000,1,,11.344321,0.005891,0.009434,0.012740,0.011358,0.020372,0.044683,0,11.423688
66571,rawimage/2023-06-08/xwg1590b.fts.fz,2023-06-07,2460103.673760,20.382517,R,4.000032,1.083095,rejected,1894.000000,1800.000000,0,census rejected; own peak >= cap,11.357605,0.004314,0.006670,0.012026,0.006266,0.015716,0.044685,0,11.386632
66570,rawimage/2023-06-08/xwg15909.fts.fz,2023-06-07,2460103.674812,20.383221,O,64.000015,1.082950,clean,1504.000000,1800.000000,1,,11.482871,0.005856,0.001667,0.043656,0.010243,0.045253,,,
66569,rawimage/2023-06-08/xwg15908.fts.fz,2023-06-07,2460103.692906,20.400945,1,128.000031,1.083002,undetermined,2405.000000,1800.000000,0,census undetermined; own peak >= cap,11.223460,0.004032,0.001179,0.015405,0.006593,0.017275,,,
66574,rawimage/2023-06-08/xwg15912.fts.fz,2023-06-07,2460103.749565,20.458325,R,4.000032,1.132611,rejected,3017.000000,1800.000000,0,census rejected; own peak >= cap,11.325906,0.004514,0.007213,0.012026,0.006316,0.016028,0.045534,0,11.354557
66575,rawimage/2023-06-08/xwg15913.fts.fz,2023-06-07,2460103.756583,20.465355,G,2.000016,1.147229,rejected,1951.000000,1800.000000,0,census rejected; own peak >= cap,11.391901,0.006200,0.010432,0.012740,0.010103,0.020289,0.045612,0,11.471188
66576,rawimage/2023-06-08/xwg15914.fts.fz,2023-06-07,2460103.756902,20.465638,I,7.999981,1.147742,rejected,3209.000000,1800.000000,0,census rejected; own peak >= cap,11.448646,0.004212,0.005220,0.016324,0.004659,0.018253,0.045616,0,11.445749
66577,rawimage/2023-06-08/xwg1591b.fts.fz,2023-06-07,2460103.803499,20.512238,I,7.999981,1.264384,clean,1756.000000,1800.000000,0,calibration: cloud (>0.5 mag),,,,,,,,,
66579,rawimage/2023-06-08/xwg15921.fts.fz,2023-06-07,2460103.842811,20.551586,G,2.000016,1.443189,clean,822.000000,1800.000000,0,calibration: cloud (>0.5 mag),,,,,,,,,
66580,rawimage/2023-06-08/xwg15922.fts.fz,2023-06-07,2460103.843132,20.551872,I,7.999981,1.444784,clean,1732.000000,1800.000000,0,calibration: cloud (>0.5 mag),,,,,,,,,
66578,rawimage/2023-06-08/xwg15920.fts.fz,2023-06-07,2460103.843557,20.552321,R,4.000032,1.439192,clean,1534.000000,1800.000000,0,calibration: cloud (>0.5 mag),,,,,,,,,
66655,rawimage/2023-06-11/xwg16201.fts.fz,2023-06-10,2460106.674033,23.382219,1,128.000031,1.082131,rejected,2704.000000,1800.000000,0,census rejected; own peak >= cap,11.317341,0.004083,0.001177,0.015405,0.007626,0.017706,,,
66656,rawimage/2023-06-11/xwg16202.fts.fz,2023-06-10,2460106.676179,23.384734,O,64.000015,1.082112,undetermined,1757.000000,1800.000000,0,census undetermined,11.615331,0.005443,0.001665,0.043656,0.010382,0.045233,,,
66657,rawimage/2023-06-11/xwg16203.fts.fz,2023-06-10,2460106.677728,23.385913,H,128.000031,1.082156,undetermined,3139.000000,1800.000000,0,census undetermined; own peak >= cap,11.269963,0.003505,0.001177,0.032934,0.007791,0.034045,,,
66659,rawimage/2023-06-11/xwg16205.fts.fz,2023-06-10,2460106.679762,23.388678,G,2.000016,1.082412,rejected,1803.000000,1800.000000,0,census rejected; own peak >= cap,11.457091,0.006051,0.009423,0.012740,0.010836,0.020127,0.078343,0,11.532921
66658,rawimage/2023-06-11/xwg16204.fts.fz,2023-06-10,2460106.679778,23.388681,R,4.000032,1.082332,rejected,2237.000000,1800.000000,0,census rejected; own peak >= cap,11.445330,0.004470,0.006662,0.012026,0.006298,0.015768,0.078343,0,11.473069
66660,rawimage/2023-06-11/xwg16206.fts.fz,2023-06-10,2460106.680081,23.388962,I,7.999981,1.082445,rejected,2665.000000,1800.000000,0,census rejected; own peak >= cap,11.472740,0.004165,0.004712,0.016324,0.005251,0.018265,0.078346,0,11.470097
66662,rawimage/2023-06-11/xwg16209.fts.fz,2023-06-10,2460106.681172,23.389728,O,64.000015,1.082549,clean,1606.000000,1800.000000,1,,11.612943,0.005525,0.001666,0.043656,0.010026,0.045163,,,
66664,rawimage/2023-06-11/xwg1620b.fts.fz,2023-06-10,2460106.685983,23.394887,R,4.000032,1.083592,rejected,2080.000000,1800.000000,0,census rejected; own peak >= cap,11.430790,0.004337,0.006675,0.012026,0.005976,0.015611,0.078412,0,11.458517
66661,rawimage/2023-06-11/xwg16208.fts.fz,2023-06-10,2460106.693804,23.401990,1,128.000031,1.086037,undetermined,2411.000000,1800.000000,0,census undetermined; own peak >= cap,11.300361,0.004154,0.001185,0.015405,0.006726,0.017355,,,
66665,rawimage/2023-06-11/xwg1620c.fts.fz,2023-06-10,2460106.697194,23.406110,G,2.000016,1.087998,clean,1124.000000,1800.000000,1,,11.484302,0.006658,0.009508,0.012740,0.010347,0.020102,0.078538,0,11.560113
66666,rawimage/2023-06-11/xwg1620d.fts.fz,2023-06-10,2460106.697508,23.406389,I,7.999981,1.088145,rejected,2166.000000,1800.000000,0,census rejected; own peak >= cap,11.500753,0.004492,0.004755,0.016324,0.005024,0.018290,0.078541,0,11.498099
66671,rawimage/2023-06-11/xwg16214.fts.fz,2023-06-10,2460106.698188,23.407069,I,7.999981,1.088513,rejected,1978.000000,1800.000000,0,census rejected; own peak >= cap,11.509495,0.004579,0.004758,0.016324,0.004950,0.018292,0.078549,0,11.506840
66670,rawimage/2023-06-11/xwg16213.fts.fz,2023-06-10,2460106.698850,23.407766,G,2.000016,1.088899,clean,878.000000,1800.000000,1,,11.494479,0.006746,0.009522,0.012740,0.010936,0.020447,0.078557,0,11.570288
66669,rawimage/2023-06-11/xwg16212.fts.fz,2023-06-10,2460106.717104,23.426009,R,4.000032,1.103181,clean,1749.000000,1800.000000,1,,11.432079,0.005386,0.006888,0.012026,0.006077,0.016063,0.078761,0,11.459663
66663,rawimage/2023-06-11/xwg1620a.fts.fz,2023-06-10,2460106.739037,23.447225,H,128.000031,1.130339,undetermined,2023.000000,1800.000000,0,census undetermined; own peak >= cap,11.251239,0.004329,0.001271,0.032934,0.007301,0.034034,,,
66675,rawimage/2023-06-11/xwg1621b.fts.fz,2023-06-10,2460106.742475,23.451357,I,7.999981,1.137007,rejected,2234.000000,1800.000000,0,census rejected; own peak >= cap,11.485753,0.005029,0.005135,0.016324,0.005163,0.018569,0.079045,0,11.483005
66673,rawimage/2023-06-11/xwg16219.fts.fz,2023-06-10,2460106.767645,23.476552,R,4.000032,1.188651,clean,868.000000,1800.000000,0,calibration: cloud (>0.5 mag),,,,,,,,,
66674,rawimage/2023-06-11/xwg1621a.fts.fz,2023-06-10,2460106.768358,23.477277,G,2.000016,1.190442,clean,502.000000,1800.000000,0,calibration: cloud (>0.5 mag),,,,,,,,,
66667,rawimage/2023-06-11/xwg1620f.fts.fz,2023-06-10,2460106.791493,23.499684,1,128.000031,1.254647,undetermined,691.000000,1800.000000,0,census undetermined; calibration: cloud (>0.5 mag),,,,,,,,,
66679,rawimage/2023-06-11/xwg16222.fts.fz,2023-06-10,2460106.793878,23.502763,I,7.999981,1.262528,clean,485.000000,1800.000000,0,calibration: cloud (>0.5 mag),,,,,,,,,
66677,rawimage/2023-06-11/xwg16220.fts.fz,2023-06-10,2460106.818885,23.527794,R,4.000032,1.364663,clean,556.000000,1800.000000,0,calibration: cloud (>0.5 mag),,,,,,,,,
66678,rawimage/2023-06-11/xwg16221.fts.fz,2023-06-10,2460106.819602,23.528523,G,2.000016,1.368027,clean,407.000000,1800.000000,0,calibration: cloud (>0.5 mag),,,,,,,,,
66682,rawimage/2023-06-11/xwg16229.fts.fz,2023-06-10,2460106.844532,23.553419,I,7.999981,1.499544,clean,1423.000000,1800.000000,0,calibration: cloud (>0.5 mag),,,,,,,,,
66668,rawimage/2023-06-11/xwg16210.fts.fz,2023-06-10,2460106.844766,23.553329,O,64.000015,1.491970,undetermined,1006.000000,1800.000000,0,census undetermined; calibration: cloud (>0.5 mag),,,,,,,,,
66680,rawimage/2023-06-11/xwg16227.fts.fz,2023-06-10,2460106.869145,23.578057,R,4.000032,1.678498,bounded_clean,,1800.000000,0,no WCS; no SN flux,,,,,,,,,
66681,rawimage/2023-06-11/xwg16228.fts.fz,2023-06-10,2460106.869844,23.578768,G,2.000016,1.684466,bounded_clean,,1800.000000,0,S2c indeterminate and own PSF check not passed; no WCS; no SN flux,,,,,,,,,
66672,rawimage/2023-06-11/xwg16217.fts.fz,2023-06-10,2460106.893670,23.602236,O,64.000015,1.895481,undetermined,588.000000,1800.000000,0,census undetermined; calibration: cloud (>0.5 mag),,,,,,,,,
66683,rawimage/2023-06-11/xwg1622e.fts.fz,2023-06-10,2460106.920069,23.628983,R,4.000032,2.271242,bounded_clean,,1800.000000,0,no WCS; no SN flux,,,,,,,,,
66684,rawimage/2023-06-11/xwg1622f.fts.fz,2023-06-10,2460106.920767,23.629693,G,2.000016,2.282823,bounded_clean,,1800.000000,0,S2c indeterminate and own PSF check not passed; no WCS; no SN flux,,,,,,,,,
66685,rawimage/2023-06-11/xwg16230.fts.fz,2023-06-10,2460106.921069,23.629961,I,7.999981,2.287149,bounded_clean,,1800.000000,0,no WCS; no SN flux,,,,,,,,,
66676,rawimage/2023-06-11/xwg1621e.fts.fz,2023-06-10,2460106.940033,23.648601,O,64.000015,2.636028,undetermined,,1800.000000,0,census undetermined; no WCS; no SN flux,,,,,,,,,
66774,rawimage/2023-06-12/xwg16304.fts.fz,2023-06-11,2460107.670793,24.379745,R,4.000032,1.082125,rejected,2799.000000,1800.000000,0,census rejected; own peak >= cap,11.493010,0.004508,0.006660,0.012026,0.005879,0.015616,0.089439,0,11.520324
66775,rawimage/2023-06-12/xwg16305.fts.fz,2023-06-11,2460107.671504,24.380468,G,2.000016,1.082112,clean,1679.000000,1800.000000,1,,11.535208,0.006375,0.009418,0.012740,0.009835,0.019707,0.089447,0,11.609871
66776,rawimage/2023-06-12/xwg16306.fts.fz,2023-06-11,2460107.671822,24.380751,I,7.999981,1.082111,rejected,2859.000000,1800.000000,0,census rejected; own peak >= cap,11.542200,0.004262,0.004709,0.016324,0.004454,0.018074,0.089451,0,11.539598
66781,rawimage/2023-06-12/xwg1630d.fts.fz,2023-06-11,2460107.672503,24.381432,I,7.999981,1.082115,rejected,2589.000000,1800.000000,0,census rejected; own peak >= cap,11.550165,0.004301,0.004709,0.016324,0.004500,0.018094,0.089458,0,11.547563
66780,rawimage/2023-06-12/xwg1630c.fts.fz,2023-06-11,2460107.673167,24.382131,G,2.000016,1.082130,clean,1627.000000,1800.000000,1,,11.571430,0.006384,0.009418,0.012740,0.010155,0.019872,0.089466,0,11.646091
66779,rawimage/2023-06-12/xwg1630b.fts.fz,2023-06-11,2460107.673391,24.382344,R,4.000032,1.082137,rejected,3016.000000,1800.000000,0,census rejected; own peak >= cap,11.485223,0.004502,0.006660,0.012026,0.005662,0.015534,0.089468,0,11.512535
66771,rawimage/2023-06-12/xwg16301.fts.fz,2023-06-11,2460107.711855,24.420091,1,128.000031,1.098767,undetermined,3081.000000,1800.000000,0,census undetermined; own peak >= cap,11.318716,0.004112,0.001209,0.015405,0.006396,0.017222,,,
66784,rawimage/2023-06-12/xwg16313.fts.fz,2023-06-11,2460107.712698,24.421664,G,2.000016,1.101594,clean,1543.000000,1800.000000,1,,11.498105,0.006378,0.009717,0.012740,0.009806,0.019838,0.089909,0,11.572725
66785,rawimage/2023-06-12/xwg16314.fts.fz,2023-06-11,2460107.712770,24.421701,I,7.999981,1.100929,rejected,2908.000000,1800.000000,0,census rejected; own peak >= cap,11.516545,0.004239,0.004853,0.016324,0.004582,0.018139,0.089909,0,11.513908
66783,rawimage/2023-06-12/xwg16312.fts.fz,2023-06-11,2460107.712925,24.421879,R,4.000032,1.101796,rejected,3153.000000,1800.000000,0,census rejected; own peak >= cap,11.471913,0.004464,0.006873,0.012026,0.005600,0.015593,0.089911,0,11.499080
66772,rawimage/2023-06-12/xwg16302.fts.fz,2023-06-11,2460107.736877,24.445484,O,64.000015,1.129582,undetermined,1538.000000,1800.000000,0,census undetermined,11.657091,0.006173,0.001795,0.043656,0.009297,0.045095,,,
66777,rawimage/2023-06-12/xwg16309.fts.fz,2023-06-11,2460107.737134,24.445741,O,64.000015,1.131722,clean,1502.000000,1800.000000,1,,11.660879,0.006125,0.001801,0.043656,0.009228,0.045075,,,
66773,rawimage/2023-06-12/xwg16303.fts.fz,2023-06-11,2460107.771322,24.479560,H,128.000031,1.199397,undetermined,2915.000000,1800.000000,0,census undetermined; own peak >= cap,11.239697,0.003529,0.001410,0.032934,0.006847,0.033853,,,
66782,rawimage/2023-06-12/xwg16310.fts.fz,2023-06-11,2460107.772567,24.481177,O,64.000015,1.205606,rejected,1831.000000,1800.000000,0,census rejected; own peak >= cap,11.591552,0.005649,0.002011,0.043656,0.010310,0.045256,,,
66788,rawimage/2023-06-12/xwg1631a.fts.fz,2023-06-11,2460107.791125,24.500094,G,2.000016,1.265204,rejected,1808.000000,1800.000000,0,census rejected; own peak >= cap,11.478428,0.006338,0.012381,0.012740,0.010078,0.021385,0.090787,0,11.552998
66787,rawimage/2023-06-12/xwg16319.fts.fz,2023-06-11,2460107.791347,24.500304,R,4.000032,1.265917,rejected,2619.000000,1800.000000,0,census rejected; own peak >= cap,11.445220,0.004504,0.008763,0.012026,0.005662,0.016546,0.090789,0,11.471285
66789,rawimage/2023-06-12/xwg1631b.fts.fz,2023-06-11,2460107.791923,24.500857,I,7.999981,1.262801,rejected,2972.000000,1800.000000,0,census rejected; own peak >= cap,11.500222,0.004263,0.006170,0.016324,0.004387,0.018493,0.090795,0,11.497276
66786,rawimage/2023-06-12/xwg16317.fts.fz,2023-06-11,2460107.792375,24.500985,O,64.000015,1.268268,clean,1532.000000,1800.000000,1,,11.624359,0.005559,0.002198,0.043656,0.009657,0.045109,,,
66792,rawimage/2023-06-12/xwg16322.fts.fz,2023-06-11,2460107.833176,24.542111,I,7.999981,1.451202,rejected,3130.000000,1800.000000,0,census rejected; own peak >= cap,11.542782,0.004384,0.007870,0.016324,0.004929,0.019286,0.091256,0,11.539474
66791,rawimage/2023-06-12/xwg16321.fts.fz,2023-06-11,2460107.833821,24.542791,G,2.000016,1.455039,clean,1254.000000,1800.000000,1,,11.507980,0.006788,0.015813,0.012740,0.010897,0.024024,0.091263,0,11.582549
66790,rawimage/2023-06-12/xwg16320.fts.fz,2023-06-11,2460107.834043,24.543001,R,4.000032,1.456216,rejected,3002.000000,1800.000000,0,census rejected; own peak >= cap,11.459645,0.004583,0.011197,0.012026,0.006299,0.018185,0.091266,0,11.484454
66778,rawimage/2023-06-12/xwg1630a.fts.fz,2023-06-11,2460107.856282,24.564524,H,128.000031,1.584021,rejected,3381.000000,1800.000000,0,census rejected; own peak >= cap,11.372529,0.003765,0.002293,0.032934,0.005983,0.033763,,,
66799,rawimage/2023-06-12/xwg16341.fts.fz,2023-06-11,2460107.857168,24.565781,O,64.000015,1.598511,rejected,2646.000000,1800.000000,0,census rejected; own peak >= cap,11.615093,0.005617,0.003295,0.043656,0.009785,0.045211,,,
66794,rawimage/2023-06-12/xwg16328.fts.fz,2023-06-11,2460107.874600,24.583571,G,2.000016,1.750378,clean,1431.000000,1800.000000,1,,11.557117,0.006924,0.021851,0.012740,0.011262,0.028540,0.091706,0,11.631717
66795,rawimage/2023-06-12/xwg16329.fts.fz,2023-06-11,2460107.875404,24.584341,I,7.999981,1.743939,rejected,3129.000000,1800.000000,0,census rejected; own peak >= cap,11.514188,0.004374,0.010855,0.016324,0.005068,0.020716,0.091714,0,11.510319
66793,rawimage/2023-06-12/xwg16327.fts.fz,2023-06-11,2460107.876573,24.585534,R,4.000032,1.768510,rejected,2953.000000,1800.000000,0,census rejected; own peak >= cap,11.455740,0.004653,0.015732,0.012026,0.006782,0.021442,0.091727,0,11.478503
66797,rawimage/2023-06-12/xwg1632f.fts.fz,2023-06-11,2460107.916555,24.625530,G,2.000016,2.259764,clean,742.000000,1800.000000,1,,11.572345,0.007499,0.034166,0.012740,0.012951,0.039415,0.092161,0,11.647031
66796,rawimage/2023-06-12/xwg1632e.fts.fz,2023-06-11,2460107.916775,24.625737,R,4.000032,2.263080,clean,1157.000000,1800.000000,1,,11.500043,0.005108,0.024221,0.012026,0.007179,0.028441,0.092163,0,11.519580
66798,rawimage/2023-06-12/xwg16330.fts.fz,2023-06-11,2460107.917367,24.626306,I,7.999981,2.248780,clean,1752.000000,1800.000000,1,,11.520976,0.004594,0.016938,0.016324,0.005520,0.024596,0.092169,0,11.516137
67311,rawimage/2023-06-13/xwg16401.fts.fz,2023-06-12,2460108.665065,25.373348,1,128.000031,1.082372,rejected,3299.000000,1800.000000,0,census rejected; own peak >= cap,11.402151,0.004218,0.001178,0.015405,0.006374,0.017237,,,
67312,rawimage/2023-06-13/xwg16402.fts.fz,2023-06-12,2460108.666813,25.375466,O,64.000015,1.082215,undetermined,2939.000000,1800.000000,0,census undetermined; own peak >= cap,11.704357,0.005701,0.001665,0.043656,0.009917,0.045160,,,
67314,rawimage/2023-06-13/xwg16404.fts.fz,2023-06-12,2460108.667905,25.376905,R,4.000032,1.082139,rejected,3330.000000,1800.000000,0,census rejected; own peak >= cap,11.576571,0.004653,0.006660,0.012026,0.005769,0.015617,0.100308,0,11.603466
67315,rawimage/2023-06-13/xwg16405.fts.fz,2023-06-12,2460108.668258,25.377270,G,2.000016,1.082119,rejected,2533.000000,1800.000000,0,census rejected; own peak >= cap,11.520339,0.006187,0.009418,0.012740,0.009797,0.019628,0.100312,0,11.593860
67316,rawimage/2023-06-13/xwg16406.fts.fz,2023-06-12,2460108.668585,25.377563,I,7.999981,1.082115,rejected,3346.000000,1800.000000,0,census rejected; own peak >= cap,11.616279,0.004366,0.004709,0.016324,0.004529,0.018117,0.100316,0,11.613716
67318,rawimage/2023-06-13/xwg16409.fts.fz,2023-06-12,2460108.669673,25.378326,O,64.000015,1.082112,rejected,3201.000000,1800.000000,0,census rejected; own peak >= cap,11.703872,0.005467,0.001665,0.043656,0.009756,0.045096,,,
67320,rawimage/2023-06-13/xwg1640b.fts.fz,2023-06-12,2460108.678723,25.387724,R,4.000032,1.083181,rejected,3391.000000,1800.000000,0,census rejected; own peak >= cap,11.621753,0.004725,0.006671,0.012026,0.005867,0.015680,0.100426,0,11.648637
67321,rawimage/2023-06-13/xwg1640c.fts.fz,2023-06-12,2460108.679450,25.388462,G,2.000016,1.083349,rejected,3060.000000,1800.000000,0,census rejected; own peak >= cap,11.529148,0.006165,0.009437,0.012740,0.010047,0.019756,0.100434,0,11.602657
67322,rawimage/2023-06-13/xwg1640d.fts.fz,2023-06-12,2460108.679782,25.388759,I,7.999981,1.083422,rejected,3403.000000,1800.000000,0,census rejected; own peak >= cap,11.652114,0.004438,0.004719,0.016324,0.004617,0.018159,0.100437,0,11.649550
67313,rawimage/2023-06-13/xwg16403.fts.fz,2023-06-12,2460108.714045,25.422330,H,128.000031,1.103508,undetermined,3330.000000,1800.000000,0,census undetermined; own peak >= cap,11.372988,0.003672,0.001218,0.032934,0.006318,0.033757,,,
67327,rawimage/2023-06-13/xwg16413.fts.fz,2023-06-12,2460108.714910,25.423924,G,2.000016,1.106725,clean,1783.000000,1800.000000,1,,11.593047,0.006583,0.009796,0.012740,0.010109,0.020094,0.100818,0,11.666521
67328,rawimage/2023-06-13/xwg16414.fts.fz,2023-06-12,2460108.714978,25.423958,I,7.999981,1.105973,rejected,3164.000000,1800.000000,0,census rejected; own peak >= cap,11.570994,0.004379,0.004892,0.016324,0.004598,0.018186,0.100819,0,11.568388
67326,rawimage/2023-06-13/xwg16412.fts.fz,2023-06-12,2460108.715136,25.424139,R,4.000032,1.106965,rejected,3227.000000,1800.000000,0,census rejected; own peak >= cap,11.502328,0.004529,0.006930,0.012026,0.005762,0.015696,0.100821,0,11.529044
67317,rawimage/2023-06-13/xwg16408.fts.fz,2023-06-12,2460108.733696,25.441982,1,128.000031,1.128407,rejected,3276.000000,1800.000000,0,census rejected; own peak >= cap,11.396761,0.004227,0.001267,0.015405,0.006328,0.017228,,,
67319,rawimage/2023-06-13/xwg1640a.fts.fz,2023-06-12,2460108.766751,25.475038,H,128.000031,1.194835,rejected,3356.000000,1800.000000,0,census rejected; own peak >= cap,11.361247,0.003652,0.001400,0.032934,0.006175,0.033736,,,
67324,rawimage/2023-06-13/xwg16410.fts.fz,2023-06-12,2460108.767318,25.475975,O,64.000015,1.199126,rejected,2431.000000,1800.000000,0,census rejected; own peak >= cap,11.668975,0.005469,0.001993,0.043656,0.010138,0.045194,,,
67331,rawimage/2023-06-13/xwg1641b.fts.fz,2023-06-12,2460108.789672,25.498654,I,7.999981,1.269669,rejected,3234.000000,1800.000000,0,census rejected; own peak >= cap,11.572462,0.004388,0.006229,0.016324,0.004641,0.018603,0.101629,0,11.569548
67323,rawimage/2023-06-13/xwg1640f.fts.fz,2023-06-12,2460108.815533,25.523822,1,128.000031,1.364762,rejected,3068.000000,1800.000000,0,census rejected; own peak >= cap,11.374679,0.004282,0.001767,0.015405,0.006538,0.017364,,,
67325,rawimage/2023-06-13/xwg16411.fts.fz,2023-06-12,2460108.857323,25.565615,H,128.000031,1.611956,undetermined,2984.000000,1800.000000,0,census undetermined; own peak >= cap,11.256747,0.003658,0.002365,0.032934,0.006908,0.033932,,,
67337,rawimage/2023-06-13/xwg16441.fts.fz,2023-06-12,2460108.858571,25.567234,O,64.000015,1.629875,undetermined,1761.000000,1800.000000,0,census undetermined,11.632135,0.006472,0.003409,0.043656,0.009916,0.045361,,,
67333,rawimage/2023-06-13/xwg16428.fts.fz,2023-06-12,2460108.872612,25.581632,G,2.000016,1.757613,clean,1113.000000,1800.000000,1,,11.558108,0.007073,0.022009,0.012740,0.011484,0.028785,0.102529,0,11.631570
67332,rawimage/2023-06-13/xwg16427.fts.fz,2023-06-12,2460108.872832,25.581841,R,4.000032,1.759542,rejected,1935.000000,1800.000000,0,census rejected; own peak >= cap,11.440437,0.004703,0.015593,0.012026,0.006322,0.021209,0.102531,0,11.462911
67334,rawimage/2023-06-13/xwg16429.fts.fz,2023-06-12,2460108.873425,25.582410,I,7.999981,1.751219,rejected,2357.000000,1800.000000,0,census rejected; own peak >= cap,11.523249,0.004405,0.010935,0.016324,0.005012,0.020750,0.102537,0,11.519425
67329,rawimage/2023-06-13/xwg16416.fts.fz,2023-06-12,2460108.909011,25.617306,1,128.000031,2.154245,undetermined,2854.000000,1800.000000,0,census undetermined; own peak >= cap,11.361331,0.004375,0.003928,0.015405,0.006435,0.017700,,,
67336,rawimage/2023-06-13/xwg1642f.fts.fz,2023-06-12,2460108.917473,25.626495,G,2.000016,2.320193,clean,820.000000,1800.000000,1,,11.612300,0.007688,0.035781,0.012740,0.012876,0.040834,0.103015,0,11.685856
67335,rawimage/2023-06-13/xwg1642e.fts.fz,2023-06-12,2460108.917694,25.626704,R,4.000032,2.323494,rejected,1854.000000,1800.000000,0,census rejected; own peak >= cap,11.491668,0.004987,0.025364,0.012026,0.007262,0.029420,0.103017,0,11.510519
67330,rawimage/2023-06-13/xwg16418.fts.fz,2023-06-12,2460108.940903,25.649199,H,128.000031,2.763342,undetermined,3126.000000,1800.000000,0,census undetermined; own peak >= cap,11.255380,0.003779,0.006073,0.032934,0.006657,0.034353,,,
67407,rawimage/2023-06-14/xwg16504.fts.fz,2023-06-13,2460109.669787,26.378838,R,4.000032,1.082221,rejected,1817.000000,1800.000000,0,census rejected; own peak >= cap,11.512155,0.004564,0.006661,0.012026,0.006239,0.015772,0.111173,0,11.538632
67408,rawimage/2023-06-14/xwg16505.fts.fz,2023-06-13,2460109.670105,26.379167,G,2.000016,1.082277,clean,1232.000000,1800.000000,1,,11.667813,0.006865,0.009421,0.012740,0.010324,0.020119,0.111177,0,11.740193
67409,rawimage/2023-06-14/xwg16506.fts.fz,2023-06-13,2460109.670426,26.379454,I,7.999981,1.082304,rejected,2025.000000,1800.000000,0,census rejected; own peak >= cap,11.583362,0.004335,0.004710,0.016324,0.004881,0.018201,0.111180,0,11.580839
67404,rawimage/2023-06-14/xwg16501.fts.fz,2023-06-13,2460109.687327,26.395660,1,128.000031,1.086875,rejected,2544.000000,1800.000000,0,census rejected; own peak >= cap,11.409786,0.004209,0.001186,0.015405,0.006493,0.017279,,,
67405,rawimage/2023-06-14/xwg16502.fts.fz,2023-06-13,2460109.689436,26.398140,O,64.000015,1.087735,rejected,2075.000000,1800.000000,0,census rejected; own peak >= cap,11.758611,0.005560,0.001680,0.043656,0.009562,0.045067,,,
67406,rawimage/2023-06-14/xwg16503.fts.fz,2023-06-13,2460109.690434,26.398766,H,128.000031,1.088262,undetermined,3204.000000,1800.000000,0,census undetermined; own peak >= cap,11.300577,0.003476,0.001189,0.032934,0.006482,0.033767,,,
67411,rawimage/2023-06-14/xwg16508.fts.fz,2023-06-13,2460109.693165,26.401498,1,128.000031,1.089594,undetermined,2322.000000,1800.000000,0,census undetermined; own peak >= cap,11.407883,0.004189,0.001192,0.015405,0.006663,0.017340,,,
67414,rawimage/2023-06-14/xwg1650b.fts.fz,2023-06-13,2460109.695778,26.404830,R,4.000032,1.092188,rejected,3224.000000,1800.000000,0,census rejected; own peak >= cap,11.538014,0.004601,0.006768,0.012026,0.005650,0.015605,0.111455,0,11.564418
67415,rawimage/2023-06-14/xwg1650c.fts.fz,2023-06-13,2460109.696480,26.405543,G,2.000016,1.092689,rejected,2353.000000,1800.000000,0,census rejected; own peak >= cap,11.601745,0.006484,0.009580,0.012740,0.009843,0.019824,0.111463,0,11.674098
67416,rawimage/2023-06-14/xwg1650d.fts.fz,2023-06-13,2460109.696802,26.405830,I,7.999981,1.092894,rejected,3210.000000,1800.000000,0,census rejected; own peak >= cap,11.604903,0.004358,0.004791,0.016324,0.004574,0.018148,0.111466,0,11.602361
67412,rawimage/2023-06-14/xwg16509.fts.fz,2023-06-13,2460109.717321,26.426026,O,64.000015,1.112302,rejected,2413.000000,1800.000000,0,census rejected; own peak >= cap,11.720219,0.005574,0.001747,0.043656,0.009132,0.044982,,,
67413,rawimage/2023-06-14/xwg1650a.fts.fz,2023-06-13,2460109.719062,26.427397,H,128.000031,1.113539,rejected,3374.000000,1800.000000,0,census rejected; own peak >= cap,11.420025,0.003737,0.001238,0.032934,0.005915,0.033692,,,
67420,rawimage/2023-06-14/xwg16511.fts.fz,2023-06-13,2460109.722590,26.430925,H,128.000031,1.118051,rejected,3350.000000,1800.000000,0,census rejected; own peak >= cap,11.391924,0.003669,0.001247,0.032934,0.006270,0.033749,,,
67423,rawimage/2023-06-14/xwg16514.fts.fz,2023-06-13,2460109.729381,26.438410,I,7.999981,1.128761,rejected,3169.000000,1800.000000,0,census rejected; own peak >= cap,11.586632,0.004327,0.005070,0.016324,0.004527,0.018205,0.111819,0,11.584025
67422,rawimage/2023-06-14/xwg16513.fts.fz,2023-06-13,2460109.729652,26.438717,G,2.000016,1.129832,rejected,2074.000000,1800.000000,0,census rejected; own peak >= cap,11.619101,0.006548,0.010157,0.012740,0.009774,0.020097,0.111823,0,11.691425
67421,rawimage/2023-06-14/xwg16512.fts.fz,2023-06-13,2460109.729873,26.438926,R,4.000032,1.130156,rejected,3172.000000,1800.000000,0,census rejected; own peak >= cap,11.532299,0.004559,0.007186,0.012026,0.005832,0.015844,0.111825,0,11.558448
67419,rawimage/2023-06-14/xwg16510.fts.fz,2023-06-13,2460109.730909,26.439615,O,64.000015,1.131245,rejected,2577.000000,1800.000000,0,census rejected; own peak >= cap,11.731087,0.005566,0.001799,0.043656,0.010028,0.045173,,,
67418,rawimage/2023-06-14/xwg1650f.fts.fz,2023-06-13,2460109.732582,26.440917,1,128.000031,1.132735,rejected,3265.000000,1800.000000,0,census rejected; own peak >= cap,11.416430,0.004249,0.001275,0.015405,0.006345,0.017241,,,
67450,rawimage/2023-06-14/xwg16540.fts.fz,2023-06-13,2460109.767685,26.476022,1,128.000031,1.208404,rejected,3132.000000,1800.000000,0,census rejected; own peak >= cap,11.368836,0.004196,0.001428,0.015405,0.006707,0.017376,,,
67449,rawimage/2023-06-14/xwg1653b.fts.fz,2023-06-13,2460109.770148,26.478485,H,128.000031,1.213126,rejected,3360.000000,1800.000000,0,census rejected; own peak >= cap,11.349938,0.003651,0.001438,0.032934,0.006081,0.033720,,,
67427,rawimage/2023-06-14/xwg16518.fts.fz,2023-06-13,2460109.771803,26.480139,H,128.000031,1.217758,rejected,3347.000000,1800.000000,0,census rejected; own peak >= cap,11.380355,0.003711,0.001448,0.032934,0.006037,0.033719,,,
67430,rawimage/2023-06-14/xwg1651b.fts.fz,2023-06-13,2460109.778153,26.487185,I,7.999981,1.239654,rejected,2790.000000,1800.000000,0,census rejected; own peak >= cap,11.585455,0.004370,0.005974,0.016324,0.004473,0.018473,0.112348,0,11.582642
67429,rawimage/2023-06-14/xwg1651a.fts.fz,2023-06-13,2460109.778431,26.487497,G,2.000016,1.241856,clean,1467.000000,1800.000000,1,,11.615941,0.006702,0.011984,0.012740,0.009853,0.021164,0.112352,0,11.688238
67428,rawimage/2023-06-14/xwg16519.fts.fz,2023-06-13,2460109.778650,26.487705,R,4.000032,1.242510,rejected,2899.000000,1800.000000,0,census rejected; own peak >= cap,11.512053,0.004560,0.008482,0.012026,0.005577,0.016384,0.112354,0,11.537474
67426,rawimage/2023-06-14/xwg16517.fts.fz,2023-06-13,2460109.779688,26.488395,O,64.000015,1.244700,rejected,2407.000000,1800.000000,0,census rejected; own peak >= cap,11.727886,0.005645,0.002127,0.043656,0.009496,0.045082,,,
67425,rawimage/2023-06-14/xwg16516.fts.fz,2023-06-13,2460109.781348,26.489685,1,128.000031,1.247650,rejected,3134.000000,1800.000000,0,census rejected; own peak >= cap,11.397642,0.004236,0.001510,0.015405,0.006143,0.017183,,,
67447,rawimage/2023-06-14/xwg16539.fts.fz,2023-06-13,2460109.818892,26.527230,1,128.000031,1.399322,rejected,3108.000000,1800.000000,0,census rejected; own peak >= cap,11.406758,0.004329,0.001846,0.015405,0.006295,0.017294,,,
67434,rawimage/2023-06-14/xwg1651f.fts.fz,2023-06-13,2460109.820978,26.529317,H,128.000031,1.408143,rejected,3279.000000,1800.000000,0,census rejected; own peak >= cap,11.336302,0.003681,0.001866,0.032934,0.006090,0.033746,,,
67437,rawimage/2023-06-14/xwg16522.fts.fz,2023-06-13,2460109.827861,26.536894,I,7.999981,1.450417,rejected,3176.000000,1800.000000,0,census rejected; own peak >= cap,11.613461,0.004500,0.007863,0.016324,0.004914,0.019306,0.112887,0,11.610256
67436,rawimage/2023-06-14/xwg16521.fts.fz,2023-06-13,2460109.828124,26.537192,G,2.000016,1.454313,clean,1524.000000,1800.000000,1,,11.627229,0.007022,0.015799,0.012740,0.010694,0.023991,0.112891,0,11.699523
67435,rawimage/2023-06-14/xwg16520.fts.fz,2023-06-13,2460109.828352,26.537408,R,4.000032,1.455488,rejected,2752.000000,1800.000000,0,census rejected; own peak >= cap,11.540427,0.004734,0.011187,0.012026,0.006405,0.018254,0.112893,0,11.564485
67433,rawimage/2023-06-14/xwg1651e.fts.fz,2023-06-13,2460109.829386,26.538096,O,64.000015,1.459426,undetermined,2238.000000,1800.000000,0,census undetermined; own peak >= cap,11.713807,0.006079,0.002810,0.043656,0.009808,0.045242,,,
67432,rawimage/2023-06-14/xwg1651d.fts.fz,2023-06-13,2460109.831561,26.539900,1,128.000031,1.467732,rejected,3074.000000,1800.000000,0,census rejected; own peak >= cap,11.381351,0.004303,0.002007,0.015405,0.006760,0.017480,,,
67446,rawimage/2023-06-14/xwg16534.fts.fz,2023-06-13,2460109.869236,26.577577,H,128.000031,1.741931,undetermined,3232.000000,1800.000000,0,census undetermined; own peak >= cap,11.275663,0.003636,0.002708,0.032934,0.006728,0.033919,,,
67440,rawimage/2023-06-14/xwg16529.fts.fz,2023-06-13,2460109.873627,26.582662,I,7.999981,1.793215,rejected,2329.000000,1800.000000,0,census rejected; own peak >= cap,11.548332,0.004475,0.011398,0.016324,0.004982,0.021006,0.113384,0,11.544489
67438,rawimage/2023-06-14/xwg16524.fts.fz,2023-06-13,2460109.875095,26.583436,1,128.000031,1.800766,rejected,2398.000000,1800.000000,0,census rejected; own peak >= cap,11.353068,0.004361,0.002870,0.015405,0.006840,0.017645,,,
67439,rawimage/2023-06-14/xwg16526.fts.fz,2023-06-13,2460109.877561,26.585902,H,128.000031,1.817937,rejected,3216.000000,1800.000000,0,census rejected; own peak >= cap,11.277452,0.003668,0.002918,0.032934,0.006469,0.033889,,,
67451,rawimage/2023-06-14/xwg16541.fts.fz,2023-06-13,2460109.879340,26.588052,O,64.000015,1.839757,undetermined,1451.000000,1800.000000,0,census undetermined,11.701029,0.006916,0.004214,0.043656,0.010431,0.045609,,,
67448,rawimage/2023-06-14/xwg1653a.fts.fz,2023-06-13,2460109.895055,26.603767,O,64.000015,2.027741,rejected,1850.000000,1800.000000,0,census rejected; own peak >= cap,11.697115,0.006076,0.004997,0.043656,0.010303,0.045540,,,
67444,rawimage/2023-06-14/xwg1652d.fts.fz,2023-06-13,2460109.896838,26.605181,H,128.000031,2.041371,undetermined,2669.000000,1800.000000,0,census undetermined; own peak >= cap,11.236669,0.003691,0.003575,0.032934,0.007041,0.034068,,,
67442,rawimage/2023-06-14/xwg1652b.fts.fz,2023-06-13,2460109.899578,26.607920,1,128.000031,2.072449,rejected,2775.000000,1800.000000,0,census rejected; own peak >= cap,11.338959,0.004343,0.003671,0.015405,0.006652,0.017717,,,
67443,rawimage/2023-06-14/xwg1652c.fts.fz,2023-06-13,2460109.901312,26.610024,O,64.000015,2.100726,clean,1418.000000,1800.000000,1,,11.641628,0.006518,0.005316,0.043656,0.010144,0.045601,,,
67445,rawimage/2023-06-14/xwg16530.fts.fz,2023-06-13,2460109.914921,26.623958,I,7.999981,2.323285,rejected,1935.000000,1800.000000,0,census rejected; own peak >= cap,11.582294,0.004727,0.017932,0.016324,0.005701,0.025355,0.113831,0,11.577463
67575,rawimage/2023-06-15/xwg16604.fts.fz,2023-06-14,2460110.664833,27.373933,R,4.000032,1.082131,rejected,2182.000000,1800.000000,0,census rejected; own peak >= cap,11.531531,0.004509,0.006660,0.012026,0.005921,0.015632,0.121964,0,11.557594
67576,rawimage/2023-06-15/xwg16605.fts.fz,2023-06-14,2460110.665553,27.374664,G,2.000016,1.082159,clean,1238.000000,1800.000000,1,,11.615752,0.006427,0.009419,0.012740,0.009906,0.019760,0.121972,0,11.686997
67577,rawimage/2023-06-15/xwg16606.fts.fz,2023-06-14,2460110.665872,27.374948,I,7.999981,1.082174,rejected,2172.000000,1800.000000,0,census rejected; own peak >= cap,11.594994,0.004315,0.004709,0.016324,0.004736,0.018158,0.121975,0,11.592511
67583,rawimage/2023-06-15/xwg1660d.fts.fz,2023-06-14,2460110.674902,27.383979,I,7.999981,1.083504,rejected,2547.000000,1800.000000,0,census rejected; own peak >= cap,11.625751,0.004398,0.004720,0.016324,0.004734,0.018180,0.122073,0,11.623266
67582,rawimage/2023-06-15/xwg1660c.fts.fz,2023-06-14,2460110.675211,27.384323,G,2.000016,1.083689,clean,1287.000000,1800.000000,1,,11.698761,0.006604,0.009442,0.012740,0.010020,0.019886,0.122077,0,11.769995
67581,rawimage/2023-06-15/xwg1660b.fts.fz,2023-06-14,2460110.675432,27.384532,R,4.000032,1.083746,rejected,1948.000000,1800.000000,0,census rejected; own peak >= cap,11.530748,0.004552,0.006677,0.012026,0.005882,0.015637,0.122079,0,11.556796
67586,rawimage/2023-06-15/xwg16614.fts.fz,2023-06-14,2460110.729391,27.438470,I,7.999981,1.133200,clean,1749.000000,1800.000000,1,,11.601946,0.005511,0.005105,0.016324,0.005316,0.018740,0.123114,0,11.599373
67585,rawimage/2023-06-15/xwg16613.fts.fz,2023-06-14,2460110.729696,27.438809,G,2.000016,1.134325,clean,1502.000000,1800.000000,1,,11.640885,0.006797,0.010228,0.012740,0.010399,0.020524,0.123132,0,11.712021
67584,rawimage/2023-06-15/xwg16612.fts.fz,2023-06-14,2460110.729919,27.439021,R,4.000032,1.134685,rejected,2735.000000,1800.000000,0,census rejected; own peak >= cap,11.561082,0.004687,0.007236,0.012026,0.006494,0.016159,0.123143,0,11.586773
67588,rawimage/2023-06-15/xwg16619.fts.fz,2023-06-14,2460110.776101,27.485205,R,4.000032,1.243236,clean,1575.000000,1800.000000,1,,11.526732,0.004595,0.008491,0.012026,0.006596,0.016773,0.125539,0,11.551661
67589,rawimage/2023-06-15/xwg1661b.fts.fz,2023-06-14,2460110.776876,27.485957,I,7.999981,1.240986,rejected,1830.000000,1800.000000,0,census rejected; own peak >= cap,11.570170,0.004352,0.005985,0.016324,0.005291,0.018688,0.125578,0,11.567408
67574,rawimage/2023-06-15/xwg16601.fts.fz,2023-06-14,2460110.783057,27.491444,1,128.000031,1.258705,clean,1796.000000,1800.000000,1,,11.388672,0.004220,0.001534,0.015405,0.007302,0.017629,,,
67579,rawimage/2023-06-15/xwg16609.fts.fz,2023-06-14,2460110.818009,27.526768,O,64.000015,1.405316,rejected,2003.000000,1800.000000,0,census rejected; own peak >= cap,11.723037,0.005774,0.002630,0.043656,0.009966,0.045226,,,
67591,rawimage/2023-06-15/xwg16622.fts.fz,2023-06-14,2460110.827487,27.536570,I,7.999981,1.457909,rejected,2011.000000,1800.000000,0,census rejected; own peak >= cap,11.597256,0.004470,0.007934,0.016324,0.004585,0.019247,0.128203,0,11.594109
67578,rawimage/2023-06-15/xwg16608.fts.fz,2023-06-14,2460110.856746,27.565135,1,128.000031,1.650405,rejected,2435.000000,1800.000000,0,census rejected; own peak >= cap,11.428835,0.004345,0.002464,0.015405,0.006551,0.017469,,,
67587,rawimage/2023-06-15/xwg16617.fts.fz,2023-06-14,2460110.857386,27.566146,O,64.000015,1.664433,clean,1150.000000,1800.000000,1,,11.771791,0.007662,0.003537,0.043656,0.010945,0.045791,,,
67590,rawimage/2023-06-15/xwg1661e.fts.fz,2023-06-14,2460110.867741,27.576502,O,64.000015,1.747183,undetermined,1165.000000,1800.000000,0,census undetermined; calibration: cloud (>0.5 mag),,,,,,,,,
67594,rawimage/2023-06-15/xwg16629.fts.fz,2023-06-14,2460110.867813,27.576897,I,7.999981,1.761032,clean,433.000000,1800.000000,0,calibration: cloud (>0.5 mag),,,,,,,,,
67593,rawimage/2023-06-15/xwg16628.fts.fz,2023-06-14,2460110.868119,27.577239,G,2.000016,1.767620,bounded_clean,355.000000,1800.000000,0,calibration: cloud (>0.5 mag),,,,,,,,,
67580,rawimage/2023-06-15/xwg1660a.fts.fz,2023-06-14,2460110.897993,27.606385,H,128.000031,2.078464,undetermined,2583.000000,1800.000000,0,census undetermined; own peak >= cap,11.289191,0.004411,0.003689,0.032934,0.006913,0.034140,,,
67592,rawimage/2023-06-15/xwg16625.fts.fz,2023-06-14,2460110.899247,27.608009,O,64.000015,2.110587,clean,1297.000000,1800.000000,1,,11.721123,0.007042,0.005359,0.043656,0.010125,0.045680,,,
67597,rawimage/2023-06-15/xwg1662f.fts.fz,2023-06-14,2460110.904265,27.613386,G,2.000016,2.198706,clean,970.000000,1800.000000,1,,11.641556,0.007576,0.032567,0.012740,0.013094,0.038102,0.132188,0,11.712004
67596,rawimage/2023-06-15/xwg1662e.fts.fz,2023-06-14,2460110.904485,27.613595,R,4.000032,2.201844,clean,1568.000000,1800.000000,1,,11.512380,0.005026,0.023086,0.012026,0.007401,0.027525,0.132199,0,11.531186
67598,rawimage/2023-06-15/xwg16630.fts.fz,2023-06-14,2460110.905065,27.614152,I,7.999981,2.188142,rejected,2435.000000,1800.000000,0,census rejected; own peak >= cap,11.610677,0.004708,0.016147,0.016324,0.005631,0.024106,0.132228,0,11.606221
67595,rawimage/2023-06-15/xwg1662c.fts.fz,2023-06-14,2460110.905529,27.614292,O,64.000015,2.212367,undetermined,1406.000000,1800.000000,0,census undetermined,11.673606,0.006770,0.005820,0.043656,0.010374,0.045751,,,
67710,rawimage/2023-06-16/xwg16704.fts.fz,2023-06-15,2460111.682792,28.391942,R,4.000032,1.087552,rejected,1951.000000,1800.000000,0,census rejected; own peak >= cap,11.552161,0.004772,0.006718,0.012026,0.006206,0.015844,0.172574,0,11.576248
67711,rawimage/2023-06-16/xwg16705.fts.fz,2023-06-15,2460111.683150,28.392311,G,2.000016,1.087926,clean,1039.000000,1800.000000,1,,11.714367,0.007210,0.009507,0.012740,0.011518,0.020913,0.172594,0,11.780295
67712,rawimage/2023-06-16/xwg16706.fts.fz,2023-06-15,2460111.683472,28.392598,I,7.999981,1.088078,rejected,1941.000000,1800.000000,0,census rejected; own peak >= cap,11.602057,0.004509,0.004755,0.016324,0.004970,0.018279,0.172608,0,11.599750
67715,rawimage/2023-06-16/xwg1670b.fts.fz,2023-06-15,2460111.684161,28.393310,R,4.000032,1.088456,rejected,2207.000000,1800.000000,0,census rejected; own peak >= cap,11.535805,0.004721,0.006728,0.012026,0.006245,0.015848,0.172645,0,11.559883
67716,rawimage/2023-06-16/xwg1670c.fts.fz,2023-06-15,2460111.684885,28.394046,G,2.000016,1.088866,clean,1281.000000,1800.000000,1,,11.723284,0.007185,0.009521,0.012740,0.011847,0.021093,0.172684,0,11.789202
67717,rawimage/2023-06-16/xwg1670d.fts.fz,2023-06-15,2460111.708794,28.417922,I,7.999981,1.108775,rejected,2863.000000,1800.000000,0,census rejected; own peak >= cap,11.637101,0.004620,0.004914,0.016324,0.004945,0.018342,0.173922,0,11.634763
67707,rawimage/2023-06-16/xwg16701.fts.fz,2023-06-15,2460111.737556,28.445990,1,128.000031,1.149112,rejected,2091.000000,1800.000000,0,census rejected; own peak >= cap,11.373249,0.004432,0.001308,0.015405,0.006523,0.017355,,,
67719,rawimage/2023-06-16/xwg16712.fts.fz,2023-06-15,2460111.737803,28.446955,R,4.000032,1.152340,rejected,2459.000000,1800.000000,0,census rejected; own peak >= cap,11.511553,0.004769,0.007434,0.012026,0.005851,0.016027,0.175428,0,11.535159
67720,rawimage/2023-06-16/xwg16713.fts.fz,2023-06-15,2460111.739405,28.448568,G,2.000016,1.156914,clean,1055.000000,1800.000000,1,,11.685977,0.007366,0.010587,0.012740,0.010438,0.020919,0.175512,0,11.751614
67721,rawimage/2023-06-16/xwg16714.fts.fz,2023-06-15,2460111.739711,28.448839,I,7.999981,1.157469,rejected,2555.000000,1800.000000,0,census rejected; own peak >= cap,11.587056,0.004536,0.005298,0.016324,0.004632,0.018346,0.175526,0,11.584641
67708,rawimage/2023-06-16/xwg16702.fts.fz,2023-06-15,2460111.775887,28.484693,O,64.000015,1.250330,undetermined,888.000000,1800.000000,0,census undetermined,11.804896,0.006732,0.002144,0.043656,0.010792,0.045522,,,
67709,rawimage/2023-06-16/xwg16703.fts.fz,2023-06-15,2460111.777955,28.486391,H,128.000031,1.254674,undetermined,1932.000000,1800.000000,0,census undetermined; own peak >= cap,11.279872,0.003840,0.001525,0.032934,0.007477,0.034024,,,
67723,rawimage/2023-06-16/xwg16719.fts.fz,2023-06-15,2460111.779476,28.488630,R,4.000032,1.263381,clean,1176.000000,1800.000000,1,,11.542926,0.005193,0.008733,0.012026,0.006750,0.017129,0.177590,0,11.565815
67724,rawimage/2023-06-16/xwg1671a.fts.fz,2023-06-15,2460111.779985,28.489150,G,2.000016,1.262674,clean,508.000000,1800.000000,1,,11.754305,0.008520,0.012338,0.012740,0.012166,0.023133,0.177617,0,11.819744
67725,rawimage/2023-06-16/xwg1671b.fts.fz,2023-06-15,2460111.801433,28.510564,I,7.999981,1.346975,clean,1352.000000,1800.000000,1,,11.598499,0.004816,0.006908,0.016324,0.005140,0.019074,0.178134,0,11.595773
67714,rawimage/2023-06-16/xwg16709.fts.fz,2023-06-15,2460111.801556,28.510363,O,64.000015,1.341280,undetermined,817.000000,1800.000000,0,census undetermined; calibration: cloud (>0.5 mag),,,,,,,,,
67718,rawimage/2023-06-16/xwg16710.fts.fz,2023-06-15,2460111.803816,28.512623,O,64.000015,1.356126,undetermined,710.000000,1800.000000,0,census undetermined; calibration: cloud (>0.5 mag),,,,,,,,,
67722,rawimage/2023-06-16/xwg16717.fts.fz,2023-06-15,2460111.823165,28.531973,O,64.000015,1.447443,undetermined,623.000000,1800.000000,0,census undetermined; calibration: cloud (>0.5 mag),,,,,,,,,
67727,rawimage/2023-06-16/xwg16720.fts.fz,2023-06-15,2460111.836555,28.545711,R,4.000032,1.530176,bounded_clean,,1800.000000,0,no WCS; no SN flux,,,,,,,,,
67731,rawimage/2023-06-16/xwg16729.fts.fz,2023-06-15,2460111.855964,28.565097,I,7.999981,1.681347,clean,741.000000,1800.000000,1,,11.614668,0.005359,0.010183,0.016324,0.005597,0.020742,0.179357,0,11.611383
67726,rawimage/2023-06-16/xwg1671e.fts.fz,2023-06-15,2460111.856068,28.564878,O,64.000015,1.670367,undetermined,475.000000,1800.000000,0,census undetermined; calibration: cloud (>0.5 mag),,,,,,,,,
67730,rawimage/2023-06-16/xwg16728.fts.fz,2023-06-15,2460111.856270,28.565438,G,2.000016,1.687146,clean,400.000000,1800.000000,1,,11.703853,0.009260,0.020488,0.012740,0.012274,0.028609,0.179364,0,11.769207
67713,rawimage/2023-06-16/xwg16708.fts.fz,2023-06-15,2460111.874620,28.583060,1,128.000031,1.837011,undetermined,564.000000,1800.000000,0,census undetermined; calibration: cloud (>0.5 mag),,,,,,,,,
67728,rawimage/2023-06-16/xwg16725.fts.fz,2023-06-15,2460111.875946,28.584756,O,64.000015,1.862283,undetermined,,1800.000000,0,census undetermined; no WCS; no SN flux,,,,,,,,,
67729,rawimage/2023-06-16/xwg16727.fts.fz,2023-06-15,2460111.876457,28.585614,R,4.000032,1.875339,clean,474.000000,1800.000000,1,,11.503449,0.006145,0.017432,0.012026,0.007875,0.023416,0.179817,0,11.522773
67734,rawimage/2023-06-16/xwg1672f.fts.fz,2023-06-15,2460111.904533,28.613704,G,2.000016,2.245454,bounded_clean,,1800.000000,0,S2c indeterminate and own PSF check not passed; no WCS; no SN flux,,,,,,,,,
67733,rawimage/2023-06-16/xwg1672e.fts.fz,2023-06-15,2460111.904749,28.613908,R,4.000032,2.248727,clean,112.000000,1800.000000,0,calibration: <8 ensemble stars,,,,,,,,,
67735,rawimage/2023-06-16/xwg16730.fts.fz,2023-06-15,2460111.905348,28.614484,I,7.999981,2.234790,bounded_clean,,1800.000000,0,no WCS; no SN flux,,,,,,,,,
67732,rawimage/2023-06-16/xwg1672c.fts.fz,2023-06-15,2460111.905777,28.614590,O,64.000015,2.259526,undetermined,,1800.000000,0,census undetermined; no WCS; no SN flux,,,,,,,,,
67794,rawimage/2023-06-17/xwg16805.fts.fz,2023-06-16,2460112.677418,29.386627,G,2.000016,1.086491,bounded_clean,264.000000,1800.000000,0,calibration: cloud (>0.5 mag),,,,,,,,,
67793,rawimage/2023-06-17/xwg16804.fts.fz,2023-06-16,2460112.677452,29.386651,R,4.000032,1.086178,rejected,2246.000000,1800.000000,0,census rejected; own peak >= cap,11.554929,0.005701,0.006703,0.012026,0.006258,0.016162,0.197772,0,11.578056
67795,rawimage/2023-06-17/xwg16806.fts.fz,2023-06-16,2460112.677730,29.386906,I,7.999981,1.086617,clean,1419.000000,1800.000000,0,calibration: cloud (>0.5 mag),,,,,,,,,
67790,rawimage/2023-06-17/xwg16801.fts.fz,2023-06-16,2460112.695248,29.403730,1,128.000031,1.097692,rejected,2116.000000,1800.000000,0,census rejected; own peak >= cap,11.429463,0.004600,0.001207,0.015405,0.006747,0.017477,,,
67799,rawimage/2023-06-17/xwg1680b.fts.fz,2023-06-16,2460112.697946,29.407145,R,4.000032,1.100763,rejected,2433.000000,1800.000000,0,census rejected; own peak >= cap,11.586992,0.004849,0.006862,0.012026,0.006048,0.015868,0.198231,0,11.610021
67800,rawimage/2023-06-17/xwg1680c.fts.fz,2023-06-16,2460112.698649,29.407860,G,2.000016,1.101448,clean,1102.000000,1800.000000,1,,11.801949,0.007590,0.009714,0.012740,0.010512,0.020610,0.198247,0,11.865184
67801,rawimage/2023-06-17/xwg1680d.fts.fz,2023-06-16,2460112.703037,29.412214,I,7.999981,1.105885,rejected,2284.000000,1800.000000,0,census rejected; own peak >= cap,11.674609,0.004880,0.004892,0.016324,0.004957,0.018406,0.198345,0,11.672367
67806,rawimage/2023-06-17/xwg16814.fts.fz,2023-06-16,2460112.703701,29.412878,I,7.999981,1.106597,rejected,2074.000000,1800.000000,0,census rejected; own peak >= cap,11.663914,0.005427,0.004897,0.016324,0.005183,0.018622,0.198360,0,11.661671
67805,rawimage/2023-06-17/xwg16813.fts.fz,2023-06-16,2460112.704354,29.413565,G,2.000016,1.107346,clean,1197.000000,1800.000000,1,,11.796674,0.007558,0.009806,0.012740,0.010196,0.020483,0.198375,0,11.859897
67804,rawimage/2023-06-17/xwg16812.fts.fz,2023-06-16,2460112.704575,29.413775,R,4.000032,1.107577,rejected,3005.000000,1800.000000,0,census rejected; own peak >= cap,11.566467,0.004827,0.006936,0.012026,0.006189,0.015948,0.198380,0,11.589452
67791,rawimage/2023-06-17/xwg16802.fts.fz,2023-06-16,2460112.745715,29.454569,O,64.000015,1.175489,undetermined,1214.000000,1800.000000,0,census undetermined,11.821291,0.006261,0.001924,0.043656,0.010359,0.045344,,,
67797,rawimage/2023-06-17/xwg16809.fts.fz,2023-06-16,2460112.747475,29.456330,O,64.000015,1.178689,clean,1307.000000,1800.000000,1,,11.810019,0.006718,0.001934,0.043656,0.010005,0.045330,,,
67810,rawimage/2023-06-17/xwg1681b.fts.fz,2023-06-16,2460112.752178,29.461356,I,7.999981,1.191580,clean,1518.000000,1800.000000,1,,11.662728,0.004728,0.005574,0.016324,0.005413,0.018687,0.199447,0,11.660349
67809,rawimage/2023-06-17/xwg1681a.fts.fz,2023-06-16,2460112.752826,29.462040,G,2.000016,1.193314,clean,1115.000000,1800.000000,1,,11.736077,0.007358,0.011176,0.012740,0.011144,0.021576,0.199462,0,11.799205
67808,rawimage/2023-06-17/xwg16819.fts.fz,2023-06-16,2460112.753044,29.462245,R,4.000032,1.193808,clean,1456.000000,1800.000000,1,,11.575614,0.004980,0.007909,0.012026,0.006444,0.016537,0.199466,0,11.598082
67792,rawimage/2023-06-17/xwg16803.fts.fz,2023-06-16,2460112.793226,29.501711,H,128.000031,1.322513,undetermined,2537.000000,1800.000000,0,census undetermined; own peak >= cap,11.265072,0.003669,0.001672,0.032934,0.007066,0.033924,,,
67803,rawimage/2023-06-17/xwg16810.fts.fz,2023-06-16,2460112.799549,29.508406,O,64.000015,1.351109,undetermined,1215.000000,1800.000000,0,census undetermined,11.852145,0.006601,0.002455,0.043656,0.009915,0.045318,,,
67807,rawimage/2023-06-17/xwg16817.fts.fz,2023-06-16,2460112.840044,29.548902,O,64.000015,1.577901,undetermined,1641.000000,1800.000000,0,census undetermined,11.767845,0.006445,0.003221,0.043656,0.011182,0.045638,,,
67812,rawimage/2023-06-17/xwg16820.fts.fz,2023-06-16,2460112.841061,29.550266,R,4.000032,1.587647,clean,1504.000000,1800.000000,1,,11.545658,0.005105,0.013025,0.012026,0.006128,0.019439,0.200236,0,11.565930
67813,rawimage/2023-06-17/xwg16821.fts.fz,2023-06-16,2460112.841396,29.550612,G,2.000016,1.592747,clean,727.000000,1800.000000,1,,11.704038,0.007742,0.018524,0.012740,0.011928,0.026602,0.200235,0,11.767173
67814,rawimage/2023-06-17/xwg16822.fts.fz,2023-06-16,2460112.841714,29.550896,I,7.999981,1.594850,clean,1323.000000,1800.000000,1,,11.613344,0.004754,0.009284,0.016324,0.005079,0.020027,0.200234,0,11.610311
67818,rawimage/2023-06-17/xwg16829.fts.fz,2023-06-16,2460112.842375,29.551557,I,7.999981,1.599671,clean,1779.000000,1800.000000,1,,11.622703,0.004746,0.009333,0.016324,0.005028,0.020035,0.200232,0,11.619662
67796,rawimage/2023-06-17/xwg16808.fts.fz,2023-06-16,2460112.848251,29.556739,1,128.000031,1.638912,undetermined,1798.000000,1800.000000,0,census undetermined,11.395896,0.004490,0.002434,0.015405,0.007036,0.017689,,,
67798,rawimage/2023-06-17/xwg1680a.fts.fz,2023-06-16,2460112.851394,29.559883,H,128.000031,1.657974,undetermined,2429.000000,1800.000000,0,census undetermined; own peak >= cap,11.249857,0.003719,0.002484,0.032934,0.006792,0.033924,,,
67802,rawimage/2023-06-17/xwg1680f.fts.fz,2023-06-16,2460112.853762,29.562250,1,128.000031,1.677310,undetermined,1890.000000,1800.000000,0,census undetermined; own peak >= cap,11.417661,0.004563,0.002535,0.015405,0.006738,0.017605,,,
67811,rawimage/2023-06-17/xwg1681e.fts.fz,2023-06-16,2460112.854772,29.563631,O,64.000015,1.691912,undetermined,1124.000000,1800.000000,0,census undetermined,11.813967,0.006881,0.003640,0.043656,0.010010,0.045460,,,
67816,rawimage/2023-06-17/xwg16827.fts.fz,2023-06-16,2460112.855592,29.564798,R,4.000032,1.704932,rejected,1818.000000,1800.000000,0,census rejected; own peak >= cap,11.578684,0.005181,0.014756,0.012026,0.006608,0.020805,0.200188,0,11.598311
67817,rawimage/2023-06-17/xwg16828.fts.fz,2023-06-16,2460112.855734,29.564951,G,2.000016,1.703142,clean,790.000000,1800.000000,1,,11.765741,0.008272,0.020829,0.012740,0.012096,0.028476,0.200187,0,11.828906
67815,rawimage/2023-06-17/xwg16825.fts.fz,2023-06-16,2460112.889920,29.598781,O,64.000015,2.069342,undetermined,644.000000,1800.000000,0,census undetermined; calibration: cloud (>0.5 mag),,,,,,,,,
67822,rawimage/2023-06-17/xwg16830.fts.fz,2023-06-16,2460112.891238,29.600422,I,7.999981,2.086690,clean,1666.000000,1800.000000,1,,11.616388,0.005045,0.014860,0.016324,0.006050,0.023438,0.200070,0,11.612551
67821,rawimage/2023-06-17/xwg1682f.fts.fz,2023-06-16,2460112.891537,29.600756,G,2.000016,2.096109,clean,584.000000,1800.000000,1,,11.762620,0.009000,0.029954,0.012740,0.013684,0.036439,0.200069,0,11.825884
67820,rawimage/2023-06-17/xwg1682e.fts.fz,2023-06-16,2460112.891759,29.600966,R,4.000032,2.098952,clean,1464.000000,1800.000000,1,,11.548829,0.005410,0.021231,0.012026,0.007410,0.026068,0.200068,0,11.566291
67819,rawimage/2023-06-17/xwg1682c.fts.fz,2023-06-16,2460112.892782,29.601643,O,64.000015,2.108168,undetermined,909.000000,1800.000000,0,census undetermined,11.759980,0.008196,0.005349,0.043656,0.010241,0.045897,,,
67907,rawimage/2023-06-18/xwg16901.fts.fz,2023-06-17,2460113.709524,30.418056,1,128.000031,1.114128,rejected,3049.000000,1800.000000,0,census rejected; own peak >= cap,11.473501,0.004571,0.001239,0.015405,0.007400,0.017734,,,
67911,rawimage/2023-06-18/xwg16905.fts.fz,2023-06-17,2460113.709752,30.419012,G,2.000016,1.117251,clean,1717.000000,1800.000000,1,,11.802590,0.007774,0.009960,0.012740,0.010349,0.020713,0.197363,0,11.865921
67910,rawimage/2023-06-18/xwg16904.fts.fz,2023-06-17,2460113.709764,30.419013,R,4.000032,1.116298,rejected,2240.000000,1800.000000,0,census rejected; own peak >= cap,11.616829,0.005060,0.007032,0.012026,0.006648,0.016244,0.197363,0,11.639805
67912,rawimage/2023-06-18/xwg16906.fts.fz,2023-06-17,2460113.710074,30.419300,I,7.999981,1.117634,rejected,2975.000000,1800.000000,0,census rejected; own peak >= cap,11.672514,0.004728,0.004983,0.016324,0.005074,0.018423,0.197362,0,11.670248
67916,rawimage/2023-06-18/xwg1690b.fts.fz,2023-06-17,2460113.710750,30.419999,R,4.000032,1.118560,rejected,2556.000000,1800.000000,0,census rejected; own peak >= cap,11.609102,0.005022,0.007057,0.012026,0.006596,0.016222,0.197359,0,11.632065
67917,rawimage/2023-06-18/xwg1690c.fts.fz,2023-06-17,2460113.711466,30.420727,G,2.000016,1.119546,clean,1472.000000,1800.000000,1,,11.776156,0.007754,0.009996,0.012740,0.011037,0.021075,0.197357,0,11.839488
67908,rawimage/2023-06-18/xwg16902.fts.fz,2023-06-17,2460113.761130,30.470035,O,64.000015,1.217980,clean,1274.000000,1800.000000,1,,11.870016,0.006802,0.002048,0.043656,0.010324,0.045419,,,
67909,rawimage/2023-06-18/xwg16903.fts.fz,2023-06-17,2460113.761596,30.470129,H,128.000031,1.221415,undetermined,3064.000000,1800.000000,0,census undetermined; own peak >= cap,11.290388,0.003761,0.001455,0.032934,0.006900,0.033890,,,
67920,rawimage/2023-06-18/xwg16912.fts.fz,2023-06-17,2460113.763588,30.472840,R,4.000032,1.230442,rejected,1952.000000,1800.000000,0,census rejected; own peak >= cap,11.601721,0.005231,0.008338,0.012026,0.006167,0.016720,0.197185,0,11.624072
67918,rawimage/2023-06-18/xwg1690d.fts.fz,2023-06-17,2460113.763644,30.472873,I,7.999981,1.228341,rejected,2261.000000,1800.000000,0,census rejected; own peak >= cap,11.667527,0.004828,0.005878,0.016324,0.005037,0.018701,0.197185,0,11.665079
67921,rawimage/2023-06-18/xwg16913.fts.fz,2023-06-17,2460113.764296,30.473559,G,2.000016,1.232597,clean,1288.000000,1800.000000,1,,11.788198,0.008068,0.011828,0.012740,0.010302,0.021758,0.197182,0,11.851574
67913,rawimage/2023-06-18/xwg16908.fts.fz,2023-06-17,2460113.768018,30.476551,1,128.000031,1.239503,undetermined,2506.000000,1800.000000,0,census undetermined; own peak >= cap,11.453033,0.004657,0.001493,0.015405,0.006815,0.017540,,,
67914,rawimage/2023-06-18/xwg16909.fts.fz,2023-06-17,2460113.770077,30.478981,O,64.000015,1.247160,undetermined,1400.000000,1800.000000,0,census undetermined,11.861097,0.006726,0.002134,0.043656,0.009920,0.045322,,,
67922,rawimage/2023-06-18/xwg16914.fts.fz,2023-06-17,2460113.770711,30.479939,I,7.999981,1.251452,rejected,2056.000000,1800.000000,0,census rejected; own peak >= cap,11.676693,0.004864,0.006073,0.016324,0.004664,0.018676,0.197161,0,11.674207
67925,rawimage/2023-06-18/xwg1691b.fts.fz,2023-06-17,2460113.771019,30.480247,I,7.999981,1.253643,rejected,1858.000000,1800.000000,0,census rejected; own peak >= cap,11.654013,0.004829,0.006092,0.016324,0.004723,0.018688,0.197160,0,11.651524
49142,mjc/misc/neg10_test/xwg1691a.raw.fts.fz,2023-06-17,2460113.771673,30.480936,G,2.000016,1.255891,rejected,,1800.000000,0,not science tree; census rejected; S2c indeterminate and own PSF check not passed; no WCS; no SN flux,,,,,,,,,
67924,rawimage/2023-06-18/xwg1691a.fts.fz,2023-06-17,2460113.771673,30.480936,G,2.000016,1.255891,clean,909.000000,1800.000000,1,,11.786346,0.008339,0.012222,0.012740,0.010138,0.022000,0.197158,0,11.849729
49140,mjc/misc/neg10_test/xwg16919.raw.fts.fz,2023-06-17,2460113.771894,30.481146,R,4.000032,1.256581,rejected,1952.000000,1800.000000,0,not science tree; census rejected; calibration: not in a set; own peak >= cap,,,,,,,,,
67923,rawimage/2023-06-18/xwg16919.fts.fz,2023-06-17,2460113.771894,30.481146,R,4.000032,1.256581,rejected,2039.000000,1800.000000,0,census rejected; own peak >= cap,11.590784,0.005142,0.008651,0.012026,0.005884,0.016749,0.197157,0,11.612992
67915,rawimage/2023-06-18/xwg1690a.fts.fz,2023-06-17,2460113.815433,30.523968,H,128.000031,1.433500,undetermined,2132.000000,1800.000000,0,census undetermined; own peak >= cap,11.246796,0.003916,0.001926,0.032934,0.007070,0.033966,,,
67919,rawimage/2023-06-18/xwg16910.fts.fz,2023-06-17,2460113.816676,30.525582,O,64.000015,1.446408,undetermined,882.000000,1800.000000,0,census undetermined; calibration: cloud (>0.5 mag),,,,,,,,,
67926,rawimage/2023-06-18/xwg16922.fts.fz,2023-06-17,2460113.817358,30.526588,I,7.999981,1.454037,rejected,1866.000000,1800.000000,0,census rejected; own peak >= cap,11.630409,0.004899,0.007897,0.016324,0.005113,0.019468,0.197358,0,11.627593
67927,rawimage/2023-06-18/xwg16929.fts.fz,2023-06-17,2460113.860744,30.569976,I,7.999981,1.762518,clean,1331.000000,1800.000000,1,,11.660787,0.005080,0.011058,0.016324,0.005530,0.021099,0.198832,0,11.657472
67928,rawimage/2023-06-18/xwg16930.fts.fz,2023-06-17,2460113.902061,30.611295,I,7.999981,2.270591,clean,1475.000000,1800.000000,1,,11.651371,0.005379,0.017227,0.016324,0.005723,0.024998,0.200237,0,11.647236
68022,rawimage/2023-06-19/xwg17001.fts.fz,2023-06-18,2460114.701448,31.410027,1,128.000031,1.108694,undetermined,,1800.000000,0,census undetermined; S2c indeterminate and own PSF check not passed; no WCS; no SN flux,,,,,,,,,
68023,rawimage/2023-06-19/xwg17002.fts.fz,2023-06-18,2460114.703504,31.412454,O,64.000015,1.111518,undetermined,,1800.000000,0,census undetermined; no WCS; no SN flux,,,,,,,,,
68025,rawimage/2023-06-19/xwg17004.fts.fz,2023-06-18,2460114.703994,31.413291,R,4.000032,1.112993,bounded_clean,,1800.000000,0,no WCS; no SN flux,,,,,,,,,
68026,rawimage/2023-06-19/xwg17005.fts.fz,2023-06-18,2460114.704313,31.413621,G,2.000016,1.113838,bounded_clean,,1800.000000,0,S2c indeterminate and own PSF check not passed; no WCS; no SN flux,,,,,,,,,
68027,rawimage/2023-06-19/xwg17006.fts.fz,2023-06-18,2460114.704613,31.413887,I,7.999981,1.114171,bounded_clean,,1800.000000,0,no WCS; no SN flux,,,,,,,,,
68031,rawimage/2023-06-19/xwg1700b.fts.fz,2023-06-18,2460114.705256,31.414553,R,4.000032,1.115019,bounded_clean,167.000000,1800.000000,0,calibration: cloud (>0.5 mag),,,,,,,,,
68032,rawimage/2023-06-19/xwg1700c.fts.fz,2023-06-18,2460114.709976,31.419286,G,2.000016,1.121333,clean,895.000000,1800.000000,1,,11.824597,0.007552,0.010023,0.012740,0.011020,0.021006,0.227702,0,11.884741
68033,rawimage/2023-06-19/xwg1700d.fts.fz,2023-06-18,2460114.710290,31.419565,I,7.999981,1.121722,clean,1638.000000,1800.000000,1,,11.663604,0.004685,0.005015,0.016324,0.004926,0.018381,0.227711,0,11.661447
68034,rawimage/2023-06-19/xwg17012.fts.fz,2023-06-18,2460114.710943,31.420241,R,4.000032,1.122670,clean,1681.000000,1800.000000,1,,11.591432,0.004891,0.007102,0.012026,0.005936,0.015944,0.227734,0,11.613216
68036,rawimage/2023-06-19/xwg17014.fts.fz,2023-06-18,2460114.763678,31.472954,I,7.999981,1.239106,rejected,3126.000000,1800.000000,0,census rejected; own peak >= cap,11.666337,0.004714,0.005969,0.016324,0.004650,0.018600,0.229090,0,11.664003
68035,rawimage/2023-06-19/xwg17013.fts.fz,2023-06-18,2460114.764835,31.474147,G,2.000016,1.238247,clean,1627.000000,1800.000000,1,,11.808584,0.007693,0.011923,0.012740,0.010255,0.021652,0.229112,0,11.868604
68024,rawimage/2023-06-19/xwg17003.fts.fz,2023-06-18,2460114.784013,31.492596,H,128.000031,1.302143,rejected,3222.000000,1800.000000,0,census rejected; own peak >= cap,11.278638,0.003626,0.001628,0.032934,0.006520,0.033808,,,
68029,rawimage/2023-06-19/xwg17009.fts.fz,2023-06-18,2460114.785004,31.493958,O,64.000015,1.310334,clean,1274.000000,1800.000000,1,,11.855570,0.007684,0.002327,0.043656,0.010845,0.045694,,,
68040,rawimage/2023-06-19/xwg1701b.fts.fz,2023-06-18,2460114.786961,31.496239,I,7.999981,1.322460,clean,1378.000000,1800.000000,0,calibration: cloud (>0.5 mag),,,,,,,,,
68039,rawimage/2023-06-19/xwg1701a.fts.fz,2023-06-18,2460114.787603,31.496916,G,2.000016,1.325271,bounded_clean,,1800.000000,0,no WCS; no SN flux,,,,,,,,,
68038,rawimage/2023-06-19/xwg17019.fts.fz,2023-06-18,2460114.787808,31.497110,R,4.000032,1.326038,bounded_clean,203.000000,1800.000000,0,calibration: cloud (>0.5 mag),,,,,,,,,
68028,rawimage/2023-06-19/xwg17008.fts.fz,2023-06-18,2460114.799938,31.508522,1,128.000031,1.369774,undetermined,,1800.000000,0,census undetermined; no WCS; no SN flux,,,,,,,,,
68042,rawimage/2023-06-19/xwg17021.fts.fz,2023-06-18,2460114.818645,31.527959,G,2.000016,1.479851,bounded_clean,,1800.000000,0,no WCS; no SN flux,,,,,,,,,
68030,rawimage/2023-06-19/xwg1700a.fts.fz,2023-06-18,2460114.855398,31.563985,H,128.000031,1.732836,undetermined,3132.000000,1800.000000,0,census undetermined; own peak >= cap,11.305501,0.003943,0.002684,0.032934,0.006573,0.033921,,,
68043,rawimage/2023-06-19/xwg17027.fts.fz,2023-06-18,2460114.855798,31.565101,R,4.000032,1.756288,rejected,1832.000000,1800.000000,0,census rejected; own peak >= cap,11.638638,0.005367,0.015542,0.012026,0.006565,0.021403,0.230773,0,11.656997
68044,rawimage/2023-06-19/xwg17028.fts.fz,2023-06-18,2460114.856313,31.565628,G,2.000016,1.754474,clean,827.000000,1800.000000,1,,11.880740,0.008931,0.021940,0.012740,0.011670,0.029319,0.230783,0,11.940693
68037,rawimage/2023-06-19/xwg17017.fts.fz,2023-06-18,2460114.859785,31.568742,O,64.000015,1.790715,undetermined,1265.000000,1800.000000,0,census undetermined,11.831831,0.007510,0.004020,0.043656,0.010091,0.045609,,,
68041,rawimage/2023-06-19/xwg1701e.fts.fz,2023-06-18,2460114.901345,31.610305,O,64.000015,2.323412,undetermined,854.000000,1800.000000,0,census undetermined; calibration: cloud (>0.5 mag),,,,,,,,,
68268,rawimage/2023-06-22/xwg17304.fts.fz,2023-06-21,2460117.661684,34.371127,R,4.000032,1.085700,bounded_clean,,1800.000000,0,S2c indeterminate and own PSF check not passed; no WCS; no SN flux,,,,,,,,,
68269,rawimage/2023-06-22/xwg17305.fts.fz,2023-06-21,2460117.704702,34.414159,G,2.000016,1.125739,clean,1166.000000,1800.000000,1,,11.902820,0.007775,0.010092,0.012740,0.010572,0.020889,0.282808,0,11.957173
68270,rawimage/2023-06-22/xwg17306.fts.fz,2023-06-21,2460117.717555,34.426978,I,7.999981,1.146597,rejected,1924.000000,1800.000000,0,census rejected; own peak >= cap,11.702042,0.004702,0.005211,0.016324,0.005259,0.018531,0.283042,0,11.700059
68272,rawimage/2023-06-22/xwg1730b.fts.fz,2023-06-21,2460117.718007,34.427453,R,4.000032,1.147834,rejected,2295.000000,1800.000000,0,census rejected; own peak >= cap,11.658596,0.004824,0.007383,0.012026,0.006414,0.016234,0.283051,0,11.678155
68273,rawimage/2023-06-22/xwg1730c.fts.fz,2023-06-21,2460117.759416,34.468876,G,2.000016,1.251518,clean,603.000000,1800.000000,0,calibration: cloud (>0.5 mag),,,,,,,,,
68274,rawimage/2023-06-22/xwg1730d.fts.fz,2023-06-21,2460117.775956,34.485380,I,7.999981,1.310921,bounded_clean,,1800.000000,0,no WCS; no SN flux,,,,,,,,,
68276,rawimage/2023-06-22/xwg17312.fts.fz,2023-06-21,2460117.776392,34.485840,R,4.000032,1.313547,bounded_clean,,1800.000000,0,no WCS; no SN flux,,,,,,,,,
68277,rawimage/2023-06-22/xwg17313.fts.fz,2023-06-21,2460117.777067,34.486527,G,2.000016,1.316287,bounded_clean,,1800.000000,0,S2c indeterminate and own PSF check not passed; no WCS; no SN flux,,,,,,,,,
68267,rawimage/2023-06-22/xwg17302.fts.fz,2023-06-21,2460117.787782,34.496884,O,64.000015,1.359765,clean,1206.000000,1800.000000,1,,11.902437,0.007830,0.002483,0.043656,0.010927,0.045746,,,
68279,rawimage/2023-06-22/xwg17319.fts.fz,2023-06-21,2460117.788764,34.498213,R,4.000032,1.365105,clean,1269.000000,1800.000000,1,,11.636510,0.006419,0.010000,0.012026,0.006876,0.018251,0.284343,0,11.654992
68278,rawimage/2023-06-22/xwg17314.fts.fz,2023-06-21,2460117.811577,34.521003,I,7.999981,1.482866,bounded_clean,,1800.000000,0,no WCS; no SN flux,,,,,,,,,
68280,rawimage/2023-06-22/xwg1731a.fts.fz,2023-06-21,2460117.850784,34.560247,G,2.000016,1.787791,bounded_clean,,1800.000000,0,S2c indeterminate and own PSF check not passed; no WCS; no SN flux,,,,,,,,,
68281,rawimage/2023-06-22/xwg1731b.fts.fz,2023-06-21,2460117.851090,34.560518,I,7.999981,1.790357,bounded_clean,,1800.000000,0,no WCS; no SN flux,,,,,,,,,
68282,rawimage/2023-06-22/xwg17320.fts.fz,2023-06-21,2460117.851730,34.561181,R,4.000032,1.796752,bounded_clean,,1800.000000,0,no WCS; no SN flux,,,,,,,,,
68284,rawimage/2023-06-22/xwg17322.fts.fz,2023-06-21,2460117.861753,34.571182,I,7.999981,1.900484,bounded_clean,,1800.000000,0,no WCS; no SN flux,,,,,,,,,
68283,rawimage/2023-06-22/xwg17321.fts.fz,2023-06-21,2460117.861804,34.571267,G,2.000016,1.897548,bounded_clean,,1800.000000,0,S2c indeterminate and own PSF check not passed; no WCS; no SN flux,,,,,,,,,
68287,rawimage/2023-06-22/xwg17329.fts.fz,2023-06-21,2460117.862396,34.571824,I,7.999981,1.907674,bounded_clean,,1800.000000,0,S2c indeterminate and own PSF check not passed; no WCS; no SN flux,,,,,,,,,
68286,rawimage/2023-06-22/xwg17328.fts.fz,2023-06-21,2460117.863022,34.572486,G,2.000016,1.915054,bounded_clean,,1800.000000,0,S2c indeterminate and own PSF check not passed; no WCS; no SN flux,,,,,,,,,
68285,rawimage/2023-06-22/xwg17327.fts.fz,2023-06-21,2460117.863226,34.572678,R,4.000032,1.917267,bounded_clean,,1800.000000,0,no WCS; no SN flux,,,,,,,,,
68271,rawimage/2023-06-22/xwg17309.fts.fz,2023-06-21,2460117.863585,34.572690,O,64.000015,1.884775,undetermined,,1800.000000,0,census undetermined; no WCS; no SN flux,,,,,,,,,
68275,rawimage/2023-06-22/xwg17310.fts.fz,2023-06-21,2460117.898049,34.607155,O,64.000015,2.411330,undetermined,,1800.000000,0,census undetermined; no WCS; no SN flux,,,,,,,,,
68290,rawimage/2023-06-22/xwg17330.fts.fz,2023-06-21,2460117.899301,34.608731,I,7.999981,2.433500,bounded_clean,,1800.000000,0,no WCS; no SN flux,,,,,,,,,
68289,rawimage/2023-06-22/xwg1732f.fts.fz,2023-06-21,2460117.899574,34.609039,G,2.000016,2.445702,bounded_clean,,1800.000000,0,no WCS; no SN flux,,,,,,,,,
68288,rawimage/2023-06-22/xwg1732e.fts.fz,2023-06-21,2460117.899779,34.609233,R,4.000032,2.449365,bounded_clean,,1800.000000,0,no WCS; no SN flux,,,,,,,,,
68345,rawimage/2023-06-23/xwg17404.fts.fz,2023-06-22,2460118.674515,35.384007,R,4.000032,1.094956,bounded_clean,565.000000,1800.000000,0,S2c indeterminate and own PSF check not passed; calibration: not in a set,,,,,,,,,
68347,rawimage/2023-06-23/xwg17406.fts.fz,2023-06-22,2460118.702879,35.412352,I,7.999981,1.127101,clean,828.000000,1800.000000,1,,11.770525,0.005260,0.005057,0.016324,0.005850,0.018814,0.301039,0,11.768637
68346,rawimage/2023-06-23/xwg17405.fts.fz,2023-06-22,2460118.703298,35.412803,G,2.000016,1.126685,bounded_clean,302.000000,1800.000000,1,,12.011301,0.011536,0.010107,0.012740,0.021334,0.029201,0.301047,0,12.063737
68348,rawimage/2023-06-23/xwg1740b.fts.fz,2023-06-22,2460118.703646,35.413139,R,4.000032,1.128311,bounded_clean,248.000000,1800.000000,0,calibration: cloud (>0.5 mag),,,,,,,,,
68349,rawimage/2023-06-23/xwg1740c.fts.fz,2023-06-22,2460118.704345,35.413850,G,2.000016,1.129394,bounded_clean,,1800.000000,0,S2c indeterminate and own PSF check not passed; no WCS; no SN flux,,,,,,,,,
68350,rawimage/2023-06-23/xwg1740d.fts.fz,2023-06-22,2460118.736762,35.446233,I,7.999981,1.194760,bounded_clean,,1800.000000,0,no WCS; no SN flux,,,,,,,,,
68352,rawimage/2023-06-23/xwg17413.fts.fz,2023-06-22,2460118.755561,35.465070,G,2.000016,1.248671,clean,865.000000,1800.000000,1,,11.989607,0.008847,0.012099,0.012740,0.010731,0.022408,0.302001,0,12.041965
68351,rawimage/2023-06-23/xwg17412.fts.fz,2023-06-22,2460118.755597,35.465095,R,4.000032,1.246410,rejected,1906.000000,1800.000000,0,census rejected; own peak >= cap,11.683566,0.005278,0.008529,0.012026,0.006390,0.016913,0.302002,0,11.701958
68353,rawimage/2023-06-23/xwg17414.fts.fz,2023-06-22,2460118.755875,35.465350,I,7.999981,1.249566,rejected,2338.000000,1800.000000,0,census rejected; own peak >= cap,11.745686,0.004937,0.006057,0.016324,0.005033,0.018785,0.302006,0,11.743636
68354,rawimage/2023-06-23/xwg17419.fts.fz,2023-06-22,2460118.756529,35.466027,R,4.000032,1.251779,rejected,2174.000000,1800.000000,0,census rejected; own peak >= cap,11.650088,0.005185,0.008593,0.012026,0.006142,0.016824,0.302019,0,11.668455
68355,rawimage/2023-06-23/xwg1741a.fts.fz,2023-06-22,2460118.787286,35.496797,G,2.000016,1.372897,clean,785.000000,1800.000000,1,,11.973291,0.008771,0.014284,0.012740,0.011043,0.023774,0.302307,0,12.025640
68356,rawimage/2023-06-23/xwg1741b.fts.fz,2023-06-22,2460118.787606,35.497082,I,7.999981,1.374201,rejected,2006.000000,1800.000000,0,census rejected; own peak >= cap,11.759794,0.005004,0.007154,0.016324,0.004927,0.019157,0.302295,0,11.757576
68358,rawimage/2023-06-23/xwg17421.fts.fz,2023-06-22,2460118.804000,35.513511,G,2.000016,1.459389,clean,831.000000,1800.000000,1,,11.965509,0.008923,0.015896,0.012740,0.011453,0.025016,0.301614,0,12.017948
68357,rawimage/2023-06-23/xwg17420.fts.fz,2023-06-22,2460118.804216,35.513715,R,4.000032,1.460510,rejected,1900.000000,1800.000000,0,census rejected; own peak >= cap,11.641743,0.005251,0.011255,0.012026,0.006127,0.018341,0.301606,0,11.659170
68359,rawimage/2023-06-23/xwg17422.fts.fz,2023-06-22,2460118.809276,35.518753,I,7.999981,1.455582,rejected,2168.000000,1800.000000,0,census rejected; own peak >= cap,11.740991,0.005021,0.007912,0.016324,0.004971,0.019468,0.301397,0,11.738658
68360,rawimage/2023-06-23/xwg17427.fts.fz,2023-06-22,2460118.881148,35.590650,R,4.000032,2.100944,clean,702.000000,1800.000000,1,,11.679616,0.006061,0.021266,0.012026,0.007396,0.026236,0.298419,0,11.694206
68362,rawimage/2023-06-23/xwg17429.fts.fz,2023-06-22,2460118.895335,35.604815,I,7.999981,2.418239,clean,960.000000,1800.000000,1,,11.686014,0.005658,0.019234,0.016324,0.006427,0.026642,0.297833,0,11.682349
68364,rawimage/2023-06-23/xwg17430.fts.fz,2023-06-22,2460118.895985,35.605464,I,7.999981,2.430080,clean,764.000000,1800.000000,1,,11.711054,0.005767,0.019400,0.016324,0.006637,0.026835,0.297806,0,11.707373
68363,rawimage/2023-06-23/xwg1742f.fts.fz,2023-06-22,2460118.896623,35.606137,G,2.000016,2.442678,bounded_clean,,1800.000000,0,no WCS; no SN flux,,,,,,,,,
68361,rawimage/2023-06-23/xwg17428.fts.fz,2023-06-22,2460118.900952,35.610467,G,2.000016,2.413618,bounded_clean,,1800.000000,0,no WCS; no SN flux,,,,,,,,,
68595,rawimage/2023-06-24/xwg17504.fts.fz,2023-06-23,2460119.684162,36.393706,R,4.000032,1.106342,clean,1494.000000,1800.000000,1,,11.703004,0.005212,0.006923,0.012026,0.006609,0.016229,0.265159,0,11.723444
68596,rawimage/2023-06-24/xwg17505.fts.fz,2023-06-23,2460119.684683,36.394239,G,2.000016,1.107113,clean,447.000000,1800.000000,1,,12.077785,0.008777,0.009802,0.012740,0.013074,0.022502,0.265137,0,12.133992
68597,rawimage/2023-06-24/xwg17506.fts.fz,2023-06-23,2460119.736301,36.445824,I,7.999981,1.200248,clean,1671.000000,1800.000000,1,,11.821281,0.005041,0.005645,0.016324,0.004847,0.018635,0.263000,0,11.819142
68602,rawimage/2023-06-24/xwg1750b.fts.fz,2023-06-23,2460119.736790,36.446336,R,4.000032,1.202062,rejected,1807.000000,1800.000000,0,census rejected; own peak >= cap,11.760932,0.005275,0.008005,0.012026,0.005896,0.016471,0.262979,0,11.780984
68603,rawimage/2023-06-24/xwg1750c.fts.fz,2023-06-23,2460119.737495,36.447052,G,2.000016,1.203954,clean,869.000000,1800.000000,1,,12.043811,0.008493,0.011351,0.012740,0.010902,0.021958,0.262950,0,12.100267
68593,rawimage/2023-06-24/xwg17502.fts.fz,2023-06-23,2460119.788860,36.498059,O,64.000015,1.388494,undetermined,1214.000000,1800.000000,0,census undetermined,11.910946,0.007274,0.002575,0.043656,0.009895,0.045423,,,
68604,rawimage/2023-06-24/xwg1750d.fts.fz,2023-06-23,2460119.789613,36.499137,I,7.999981,1.395601,rejected,1887.000000,1800.000000,0,census rejected; own peak >= cap,11.732629,0.004978,0.007350,0.016324,0.005338,0.019334,0.264787,0,11.730213
68609,rawimage/2023-06-24/xwg17512.fts.fz,2023-06-23,2460119.789929,36.499477,R,4.000032,1.399054,clean,1325.000000,1800.000000,1,,11.665927,0.005303,0.010439,0.012026,0.006485,0.017994,0.264815,0,11.684942
68592,rawimage/2023-06-24/xwg17501.fts.fz,2023-06-23,2460119.807674,36.516504,1,128.000031,1.493037,rejected,2838.000000,1800.000000,0,census rejected; own peak >= cap,11.561634,0.004735,0.002068,0.015405,0.007176,0.017762,,,
68594,rawimage/2023-06-24/xwg17503.fts.fz,2023-06-23,2460119.810129,36.518960,H,128.000031,1.503634,rejected,3217.000000,1800.000000,0,census rejected; own peak >= cap,11.294623,0.003673,0.002094,0.032934,0.006776,0.033889,,,
68600,rawimage/2023-06-24/xwg17509.fts.fz,2023-06-23,2460119.811441,36.520642,O,64.000015,1.514227,clean,1492.000000,1800.000000,1,,12.007234,0.007097,0.002997,0.043656,0.010176,0.045483,,,
68611,rawimage/2023-06-24/xwg17514.fts.fz,2023-06-23,2460119.811927,36.521452,I,7.999981,1.524061,rejected,2097.000000,1800.000000,0,census rejected; own peak >= cap,11.738434,0.004929,0.008574,0.016324,0.005111,0.019759,0.266648,0,11.735840
68610,rawimage/2023-06-24/xwg17513.fts.fz,2023-06-23,2460119.811975,36.521535,G,2.000016,1.522273,clean,926.000000,1800.000000,1,,12.037185,0.008808,0.017114,0.012740,0.011366,0.025729,0.266655,0,12.093314
68615,rawimage/2023-06-24/xwg17519.fts.fz,2023-06-23,2460119.812594,36.522143,R,4.000032,1.528480,clean,1535.000000,1800.000000,1,,11.664860,0.005272,0.012188,0.012026,0.006433,0.019035,0.266706,0,11.683175
68599,rawimage/2023-06-24/xwg17508.fts.fz,2023-06-23,2460119.820741,36.529572,1,128.000031,1.578929,undetermined,3053.000000,1800.000000,0,census undetermined; own peak >= cap,11.519522,0.004672,0.002280,0.015405,0.006901,0.017662,,,
68601,rawimage/2023-06-24/xwg1750a.fts.fz,2023-06-23,2460119.823209,36.532039,H,128.000031,1.591366,undetermined,3275.000000,1800.000000,0,census undetermined; own peak >= cap,11.299659,0.003715,0.002312,0.032934,0.006788,0.033910,,,
68606,rawimage/2023-06-24/xwg1750f.fts.fz,2023-06-23,2460119.833267,36.542099,1,128.000031,1.674687,rejected,3189.000000,1800.000000,0,census rejected; own peak >= cap,11.537575,0.004651,0.002528,0.015405,0.006796,0.017649,,,
68607,rawimage/2023-06-24/xwg17510.fts.fz,2023-06-23,2460119.835370,36.544572,O,64.000015,1.689232,rejected,2069.000000,1800.000000,0,census rejected; own peak >= cap,11.957303,0.006633,0.003630,0.043656,0.009730,0.045362,,,
68608,rawimage/2023-06-24/xwg17511.fts.fz,2023-06-23,2460119.836387,36.545219,H,128.000031,1.697852,rejected,3306.000000,1800.000000,0,census rejected; own peak >= cap,11.354078,0.003777,0.002590,0.032934,0.006798,0.033939,,,
68612,rawimage/2023-06-24/xwg17516.fts.fz,2023-06-23,2460119.838692,36.547524,1,128.000031,1.714507,rejected,3084.000000,1800.000000,0,census rejected; own peak >= cap,11.577952,0.004765,0.002634,0.015405,0.006684,0.017653,,,
68613,rawimage/2023-06-24/xwg17517.fts.fz,2023-06-23,2460119.840080,36.549282,O,64.000015,1.730011,rejected,1904.000000,1800.000000,0,census rejected; own peak >= cap,11.968141,0.006929,0.003784,0.043656,0.009933,0.045462,,,
68617,rawimage/2023-06-24/xwg1751b.fts.fz,2023-06-23,2460119.840262,36.549788,I,7.999981,1.741128,rejected,2470.000000,1800.000000,0,census rejected; own peak >= cap,11.759369,0.004983,0.010825,0.016324,0.005407,0.020922,0.269013,0,11.756473
68616,rawimage/2023-06-24/xwg1751a.fts.fz,2023-06-23,2460119.840308,36.549869,G,2.000016,1.738620,clean,1163.000000,1800.000000,1,,11.951309,0.008540,0.021594,0.012740,0.011580,0.028908,0.269019,0,12.007231
68619,rawimage/2023-06-24/xwg1751e.fts.fz,2023-06-23,2460119.841335,36.550537,O,64.000015,1.747964,clean,1490.000000,1800.000000,1,,11.974653,0.006938,0.003853,0.043656,0.010729,0.045650,,,
68621,rawimage/2023-06-24/xwg17520.fts.fz,2023-06-23,2460119.842311,36.551860,R,4.000032,1.756785,rejected,2566.000000,1800.000000,0,census rejected; own peak >= cap,11.680069,0.005215,0.015550,0.012026,0.006811,0.021448,0.269185,0,11.697186
68622,rawimage/2023-06-24/xwg17521.fts.fz,2023-06-23,2460119.842643,36.552204,G,2.000016,1.763336,clean,1100.000000,1800.000000,1,,11.968935,0.008832,0.022134,0.012740,0.011431,0.029341,0.269214,0,12.024842
68614,rawimage/2023-06-24/xwg17518.fts.fz,2023-06-23,2460119.846693,36.555525,H,128.000031,1.794936,undetermined,3305.000000,1800.000000,0,census undetermined; own peak >= cap,11.325565,0.003758,0.002854,0.032934,0.007108,0.034022,,,
68618,rawimage/2023-06-24/xwg1751d.fts.fz,2023-06-23,2460119.849788,36.558620,1,128.000031,1.818206,rejected,3093.000000,1800.000000,0,census rejected; own peak >= cap,11.516679,0.004678,0.002919,0.015405,0.007235,0.017890,,,
68629,rawimage/2023-06-24/xwg17529.fts.fz,2023-06-23,2460119.860999,36.570526,I,7.999981,1.955339,rejected,2812.000000,1800.000000,0,census rejected; own peak >= cap,11.753018,0.004997,0.013262,0.016324,0.005649,0.022343,0.270743,0,11.749822
68623,rawimage/2023-06-24/xwg17522.fts.fz,2023-06-23,2460119.861070,36.570597,I,7.999981,1.947616,rejected,2322.000000,1800.000000,0,census rejected; own peak >= cap,11.736092,0.005022,0.013170,0.016324,0.005679,0.022303,0.270749,0,11.732907
68620,rawimage/2023-06-24/xwg1751f.fts.fz,2023-06-23,2460119.861622,36.570454,H,128.000031,1.920382,undetermined,3289.000000,1800.000000,0,census undetermined; own peak >= cap,11.286250,0.003715,0.003212,0.032934,0.006805,0.033987,,,
68628,rawimage/2023-06-24/xwg17528.fts.fz,2023-06-23,2460119.861649,36.571211,G,2.000016,1.963403,clean,919.000000,1800.000000,1,,12.016166,0.009059,0.026715,0.012740,0.012352,0.033326,0.270800,0,12.071945
68627,rawimage/2023-06-24/xwg17527.fts.fz,2023-06-23,2460119.861870,36.571420,R,4.000032,1.965878,rejected,2498.000000,1800.000000,0,census rejected; own peak >= cap,11.679168,0.005310,0.018932,0.012026,0.007299,0.024176,0.270817,0,11.695217
68625,rawimage/2023-06-24/xwg17525.fts.fz,2023-06-23,2460119.862897,36.572100,O,64.000015,1.974036,undetermined,1649.000000,1800.000000,0,census undetermined,11.944229,0.007175,0.004767,0.043656,0.010468,0.045712,,,
68624,rawimage/2023-06-24/xwg17524.fts.fz,2023-06-23,2460119.865008,36.573841,1,128.000031,1.990715,rejected,3172.000000,1800.000000,0,census rejected; own peak >= cap,11.513335,0.004699,0.003421,0.015405,0.006855,0.017835,,,
68626,rawimage/2023-06-24/xwg17526.fts.fz,2023-06-23,2460119.886702,36.595536,H,128.000031,2.304823,undetermined,3008.000000,1800.000000,0,census undetermined; own peak >= cap,11.252069,0.003786,0.004421,0.032934,0.007340,0.034241,,,
68633,rawimage/2023-06-24/xwg17532.fts.fz,2023-06-23,2460119.889798,36.598632,1,128.000031,2.344533,clean,1617.000000,1800.000000,1,,11.519908,0.004967,0.004555,0.015405,0.006862,0.018161,,,
68632,rawimage/2023-06-24/xwg1752d.fts.fz,2023-06-23,2460119.900404,36.609238,H,128.000031,2.548207,undetermined,2128.000000,1800.000000,0,census undetermined; own peak >= cap,11.257379,0.003948,0.005270,0.032934,0.006672,0.034242,,,
68634,rawimage/2023-06-24/xwg17541.fts.fz,2023-06-23,2460119.901272,36.610476,O,64.000015,2.521231,undetermined,800.000000,1800.000000,0,census undetermined; calibration: cloud (>0.5 mag),,,,,,,,,
68631,rawimage/2023-06-24/xwg1752c.fts.fz,2023-06-23,2460119.902754,36.611958,O,64.000015,2.596351,undetermined,631.000000,1800.000000,0,census undetermined; calibration: cloud (>0.5 mag),,,,,,,,,
68630,rawimage/2023-06-24/xwg1752b.fts.fz,2023-06-23,2460119.904114,36.612949,1,128.000031,2.625145,clean,1226.000000,1800.000000,1,,11.500055,0.005090,0.005552,0.015405,0.007022,0.018529,,,
68709,rawimage/2023-06-25/xwg17605.fts.fz,2023-06-24,2460120.683283,37.392886,G,2.000016,1.108665,clean,785.000000,1800.000000,1,,12.079105,0.008938,0.009826,0.012740,0.010728,0.021303,0.339355,1,12.127513
68710,rawimage/2023-06-25/xwg17606.fts.fz,2023-06-24,2460120.683604,37.393172,I,7.999981,1.108981,clean,1698.000000,1800.000000,1,,11.797510,0.005025,0.004916,0.016324,0.005225,0.018526,0.339379,1,11.795790
68708,rawimage/2023-06-25/xwg17604.fts.fz,2023-06-24,2460120.685535,37.395127,R,4.000032,1.107856,clean,1492.000000,1800.000000,1,,11.727540,0.005357,0.006939,0.012026,0.006455,0.016221,0.339542,1,11.745131
68707,rawimage/2023-06-25/xwg17602.fts.fz,2023-06-24,2460120.711485,37.420728,O,64.000015,1.150584,undetermined,1012.000000,1800.000000,0,census undetermined,12.056120,0.007722,0.001854,0.043656,0.010107,0.045509,,,
68713,rawimage/2023-06-25/xwg1760c.fts.fz,2023-06-24,2460120.738653,37.448258,G,2.000016,1.214649,clean,694.000000,1800.000000,1,,12.075352,0.009156,0.011528,0.012740,0.011713,0.022721,0.343975,1,12.123292
68712,rawimage/2023-06-25/xwg1760b.fts.fz,2023-06-24,2460120.738694,37.448287,R,4.000032,1.212690,rejected,1815.000000,1800.000000,0,census rejected; own peak >= cap,11.737029,0.005376,0.008129,0.012026,0.006621,0.016835,0.343977,1,11.754011
68714,rawimage/2023-06-25/xwg1760d.fts.fz,2023-06-24,2460120.738971,37.448541,I,7.999981,1.215425,rejected,1929.000000,1800.000000,0,census rejected; own peak >= cap,11.817037,0.005118,0.005771,0.016324,0.005189,0.018786,0.343998,1,11.815202
68716,rawimage/2023-06-25/xwg17612.fts.fz,2023-06-24,2460120.739636,37.449229,R,4.000032,1.217377,clean,1554.000000,1800.000000,1,,11.742071,0.005445,0.008184,0.012026,0.006554,0.016858,0.344056,1,11.759031
68711,rawimage/2023-06-25/xwg17609.fts.fz,2023-06-24,2460120.768069,37.477315,O,64.000015,1.309310,undetermined,,1800.000000,0,census undetermined; no WCS; no SN flux,,,,,,,,,
68717,rawimage/2023-06-25/xwg17613.fts.fz,2023-06-24,2460120.768774,37.478380,G,2.000016,1.315022,clean,858.000000,1800.000000,1,,12.040116,0.008923,0.013247,0.012740,0.009962,0.022730,0.346488,1,12.087809
68718,rawimage/2023-06-25/xwg17614.fts.fz,2023-06-24,2460120.794397,37.503969,I,7.999981,1.436665,clean,1780.000000,1800.000000,1,,11.797987,0.005149,0.007733,0.016324,0.004921,0.019417,0.346811,1,11.795890
68719,rawimage/2023-06-25/xwg17619.fts.fz,2023-06-24,2460120.795057,37.504653,R,4.000032,1.440387,clean,1530.000000,1800.000000,1,,11.724426,0.005543,0.010985,0.012026,0.005925,0.018197,0.346788,1,11.740356
68720,rawimage/2023-06-25/xwg1761a.fts.fz,2023-06-24,2460120.795754,37.505362,G,2.000016,1.444330,clean,536.000000,1800.000000,1,,12.061780,0.009545,0.015610,0.012740,0.011382,0.025032,0.346763,1,12.109466
68715,rawimage/2023-06-25/xwg17610.fts.fz,2023-06-24,2460120.818458,37.527706,O,64.000015,1.579909,undetermined,,1800.000000,0,census undetermined; no WCS; no SN flux,,,,,,,,,
68721,rawimage/2023-06-25/xwg1761b.fts.fz,2023-06-24,2460120.819062,37.528636,I,7.999981,1.589186,clean,1341.000000,1800.000000,1,,11.757496,0.005134,0.009226,0.016324,0.005148,0.020111,0.345971,1,11.755207
68722,rawimage/2023-06-25/xwg17620.fts.fz,2023-06-24,2460120.837121,37.546718,R,4.000032,1.737987,clean,1718.000000,1800.000000,1,,11.706598,0.005577,0.015260,0.012026,0.006461,0.021221,0.345356,1,11.721337
68723,rawimage/2023-06-25/xwg17621.fts.fz,2023-06-24,2460120.837804,37.547413,G,2.000016,1.744373,clean,679.000000,1800.000000,1,,12.036849,0.009796,0.021720,0.012740,0.011900,0.029523,0.345332,1,12.084736
68725,rawimage/2023-06-25/xwg17628.fts.fz,2023-06-24,2460120.858228,37.567838,G,2.000016,1.955874,clean,502.000000,1800.000000,1,,12.232755,0.010986,0.026536,0.012740,0.012552,0.033833,0.344637,1,12.280751
68726,rawimage/2023-06-25/xwg17629.fts.fz,2023-06-24,2460120.858319,37.567894,I,7.999981,1.947877,clean,1603.000000,1800.000000,1,,11.834795,0.005498,0.013173,0.016324,0.005207,0.022301,0.344636,1,11.832055
68724,rawimage/2023-06-25/xwg17627.fts.fz,2023-06-24,2460120.881469,37.591069,R,4.000032,2.276269,rejected,1843.000000,1800.000000,0,census rejected; own peak >= cap,11.715969,0.005834,0.024469,0.012026,0.007895,0.028978,0.343847,1,11.728504
68728,rawimage/2023-06-25/xwg17630.fts.fz,2023-06-24,2460120.897714,37.607291,I,7.999981,2.571453,clean,640.000000,1800.000000,1,,11.640962,0.006195,0.021417,0.016324,0.006672,0.028427,0.343295,1,11.637439
68727,rawimage/2023-06-25/xwg1762f.fts.fz,2023-06-24,2460120.898353,37.607964,G,2.000016,2.585272,clean,331.000000,1800.000000,0,calibration: cloud (>0.5 mag),,,,,,,,,
68940,rawimage/2023-06-26/xwg17702.fts.fz,2023-06-25,2460121.743929,38.453225,O,64.000015,1.237198,clean,1604.000000,1800.000000,1,,12.033876,0.007675,0.002105,0.043656,0.010228,0.045539,,,
68941,rawimage/2023-06-26/xwg17704.fts.fz,2023-06-25,2460121.745284,38.454927,R,4.000032,1.241360,rejected,2830.000000,1800.000000,0,census rejected; own peak >= cap,11.721818,0.005418,0.008468,0.012026,0.006138,0.016833,0.314452,0,11.739772
68942,rawimage/2023-06-26/xwg17705.fts.fz,2023-06-25,2460121.745621,38.455276,G,2.000016,1.243577,clean,1293.000000,1800.000000,1,,12.047389,0.009270,0.012013,0.012740,0.011017,0.022670,0.314440,1,12.098439
68943,rawimage/2023-06-26/xwg17706.fts.fz,2023-06-25,2460121.745935,38.455555,I,7.999981,1.244455,rejected,3123.000000,1800.000000,0,census rejected; own peak >= cap,11.776152,0.005064,0.006014,0.016324,0.004677,0.018713,0.314430,0,11.774159
68944,rawimage/2023-06-26/xwg1770b.fts.fz,2023-06-25,2460121.746591,38.456234,R,4.000032,1.246625,rejected,3160.000000,1800.000000,0,census rejected; own peak >= cap,11.712371,0.005344,0.008531,0.012026,0.006019,0.016799,0.314407,0,11.730304
68945,rawimage/2023-06-26/xwg1770c.fts.fz,2023-06-25,2460121.747283,38.456938,G,2.000016,1.248888,clean,1427.000000,1800.000000,1,,12.003621,0.008866,0.012103,0.012740,0.010935,0.022516,0.314383,1,12.054679
68948,rawimage/2023-06-26/xwg17712.fts.fz,2023-06-25,2460121.794833,38.504477,R,4.000032,1.454589,clean,1384.000000,1800.000000,1,,11.716552,0.005826,0.011175,0.012026,0.006496,0.018591,0.312856,0,11.733612
68949,rawimage/2023-06-26/xwg17713.fts.fz,2023-06-25,2460121.795528,38.505184,G,2.000016,1.458586,clean,596.000000,1800.000000,1,,12.093329,0.010469,0.015880,0.012740,0.010897,0.025354,0.312889,1,12.144581
68950,rawimage/2023-06-26/xwg17714.fts.fz,2023-06-25,2460121.795851,38.505472,I,7.999981,1.460233,clean,1679.000000,1800.000000,1,,11.787337,0.005357,0.007956,0.016324,0.005100,0.019608,0.312902,0,11.785052
68946,rawimage/2023-06-26/xwg1770d.fts.fz,2023-06-25,2460121.797122,38.506744,I,7.999981,1.450755,clean,1584.000000,1800.000000,1,,11.805938,0.005392,0.007866,0.016324,0.005168,0.019600,0.312961,0,11.803666
68947,rawimage/2023-06-26/xwg17710.fts.fz,2023-06-25,2460121.818175,38.527473,O,64.000015,1.603282,undetermined,1018.000000,1800.000000,0,census undetermined,12.024636,0.008385,0.003313,0.043656,0.010058,0.045698,,,
68952,rawimage/2023-06-26/xwg1771b.fts.fz,2023-06-25,2460121.833273,38.542896,I,7.999981,1.728246,clean,1511.000000,1800.000000,1,,11.800601,0.006244,0.010685,0.016324,0.005654,0.021251,0.314632,0,11.797970
68954,rawimage/2023-06-26/xwg17720.fts.fz,2023-06-25,2460121.833925,38.543571,R,4.000032,1.734340,clean,1312.000000,1800.000000,1,,11.731092,0.006747,0.015204,0.012026,0.006826,0.021631,0.314663,0,11.746843
68955,rawimage/2023-06-26/xwg17721.fts.fz,2023-06-25,2460121.834618,38.544275,G,2.000016,1.740695,clean,470.000000,1800.000000,0,calibration: cloud (>0.5 mag),,,,,,,,,
68951,rawimage/2023-06-26/xwg17717.fts.fz,2023-06-25,2460121.858579,38.567879,O,64.000015,1.980148,undetermined,,1800.000000,0,census undetermined; no WCS; no SN flux,,,,,,,,,
68956,rawimage/2023-06-26/xwg17722.fts.fz,2023-06-25,2460121.859218,38.568842,I,7.999981,1.996369,clean,1629.000000,1800.000000,1,,11.756079,0.005742,0.013752,0.016324,0.005319,0.022735,0.315832,0,11.753102
68957,rawimage/2023-06-26/xwg17727.fts.fz,2023-06-25,2460121.877518,38.587166,R,4.000032,2.257558,clean,1238.000000,1800.000000,1,,11.692010,0.006423,0.024118,0.012026,0.007557,0.028717,0.316679,0,11.705375
68958,rawimage/2023-06-26/xwg17728.fts.fz,2023-06-25,2460121.878210,38.587869,G,2.000016,2.268813,clean,409.000000,1800.000000,0,calibration: cloud (>0.5 mag),,,,,,,,,
68953,rawimage/2023-06-26/xwg1771e.fts.fz,2023-06-25,2460121.898125,38.607427,O,64.000015,2.631534,undetermined,,1800.000000,0,census undetermined; no WCS; no SN flux,,,,,,,,,
68959,rawimage/2023-06-26/xwg17729.fts.fz,2023-06-25,2460121.899444,38.609070,I,7.999981,2.659309,clean,816.000000,1800.000000,0,calibration: cloud (>0.5 mag),,,,,,,,,
68960,rawimage/2023-06-26/xwg17730.fts.fz,2023-06-25,2460121.899744,38.609370,I,7.999981,2.673789,clean,956.000000,1800.000000,1,,11.748008,0.006322,0.022931,0.016324,0.006831,0.029647,0.317706,0,11.744153
69041,rawimage/2023-06-27/xwg17805.fts.fz,2023-06-26,2460122.675002,39.384700,G,2.000016,1.105657,bounded_clean,,1800.000000,0,S2c indeterminate and own PSF check not passed; no WCS; no SN flux,,,,,,,,,
69040,rawimage/2023-06-27/xwg17804.fts.fz,2023-06-26,2460122.675042,39.384728,R,4.000032,1.104923,bounded_clean,,1800.000000,0,S2c indeterminate and own PSF check not passed; no WCS; no SN flux,,,,,,,,,
69042,rawimage/2023-06-27/xwg17806.fts.fz,2023-06-26,2460122.675312,39.384975,I,7.999981,1.105954,undetermined,,1800.000000,0,census undetermined; S2c indeterminate and own PSF check not passed; no WCS; no SN flux,,,,,,,,,
69046,rawimage/2023-06-27/xwg1780b.fts.fz,2023-06-26,2460122.675970,39.385656,R,4.000032,1.106693,bounded_clean,,1800.000000,0,S2c indeterminate and own PSF check not passed; no WCS; no SN flux,,,,,,,,,
69048,rawimage/2023-06-27/xwg1780d.fts.fz,2023-06-26,2460122.686579,39.396242,I,7.999981,1.119681,bounded_clean,,1800.000000,0,S2c indeterminate and own PSF check not passed; no WCS; no SN flux,,,,,,,,,
69047,rawimage/2023-06-27/xwg1780c.fts.fz,2023-06-26,2460122.687009,39.396707,G,2.000016,1.119319,bounded_clean,,1800.000000,0,no WCS; no SN flux,,,,,,,,,
69038,rawimage/2023-06-27/xwg17802.fts.fz,2023-06-26,2460122.712887,39.422228,O,64.000015,1.162983,undetermined,,1800.000000,0,census undetermined; no WCS; no SN flux,,,,,,,,,
69037,rawimage/2023-06-27/xwg17801.fts.fz,2023-06-26,2460122.736115,39.445087,1,128.000031,1.219047,undetermined,,1800.000000,0,census undetermined; S2c indeterminate and own PSF check not passed; no WCS; no SN flux,,,,,,,,,
69053,rawimage/2023-06-27/xwg17813.fts.fz,2023-06-26,2460122.737717,39.447418,G,2.000016,1.227911,bounded_clean,,1800.000000,0,no WCS; no SN flux,,,,,,,,,
69052,rawimage/2023-06-27/xwg17812.fts.fz,2023-06-26,2460122.737763,39.447453,R,4.000032,1.225866,bounded_clean,,1800.000000,0,no WCS; no SN flux,,,,,,,,,
69054,rawimage/2023-06-27/xwg17814.fts.fz,2023-06-26,2460122.738027,39.447695,I,7.999981,1.228734,clean,492.000000,1800.000000,0,calibration: cloud (>0.5 mag),,,,,,,,,
69044,rawimage/2023-06-27/xwg17809.fts.fz,2023-06-26,2460122.764782,39.474125,O,64.000015,1.318424,undetermined,,1800.000000,0,census undetermined; no WCS; no SN flux,,,,,,,,,
69039,rawimage/2023-06-27/xwg17803.fts.fz,2023-06-26,2460122.765025,39.473998,H,128.000031,1.309031,undetermined,3207.000000,1800.000000,0,census undetermined; own peak >= cap,11.333297,0.003972,0.001643,0.032934,0.007517,0.034054,,,
69059,rawimage/2023-06-27/xwg1781b.fts.fz,2023-06-26,2460122.765571,39.475240,I,7.999981,1.324483,rejected,2000.000000,1800.000000,0,census rejected; own peak >= cap,11.796036,0.005335,0.006707,0.016324,0.005160,0.019146,0.357737,1,11.794125
69058,rawimage/2023-06-27/xwg1781a.fts.fz,2023-06-26,2460122.765855,39.475558,G,2.000016,1.327263,clean,859.000000,1800.000000,1,,12.127390,0.010051,0.013463,0.012740,0.011085,0.023822,0.357751,1,12.173900
69057,rawimage/2023-06-27/xwg17819.fts.fz,2023-06-26,2460122.766075,39.475767,R,4.000032,1.328130,rejected,2554.000000,1800.000000,0,census rejected; own peak >= cap,11.721195,0.005646,0.009531,0.012026,0.006365,0.017545,0.357761,1,11.737196
69043,rawimage/2023-06-27/xwg17808.fts.fz,2023-06-26,2460122.784377,39.493351,1,128.000031,1.409513,undetermined,2136.000000,1800.000000,0,census undetermined; own peak >= cap,11.556104,0.005114,0.001870,0.015405,0.006696,0.017657,,,
69045,rawimage/2023-06-27/xwg1780a.fts.fz,2023-06-26,2460122.787519,39.496493,H,128.000031,1.421999,undetermined,3125.000000,1800.000000,0,census undetermined; own peak >= cap,11.257549,0.003896,0.001899,0.032934,0.006567,0.033861,,,
69049,rawimage/2023-06-27/xwg1780f.fts.fz,2023-06-26,2460122.789883,39.498858,1,128.000031,1.434651,clean,1651.000000,1800.000000,1,,11.545769,0.005150,0.001928,0.015405,0.007143,0.017849,,,
69050,rawimage/2023-06-27/xwg17810.fts.fz,2023-06-26,2460122.792140,39.501485,O,64.000015,1.453087,undetermined,,1800.000000,0,census undetermined; no WCS; no SN flux,,,,,,,,,
69051,rawimage/2023-06-27/xwg17811.fts.fz,2023-06-26,2460122.813078,39.522054,H,128.000031,1.583774,undetermined,2547.000000,1800.000000,0,census undetermined; own peak >= cap,11.287204,0.003977,0.002293,0.032934,0.007294,0.034043,,,
69055,rawimage/2023-06-27/xwg17817.fts.fz,2023-06-26,2460122.815802,39.525148,O,64.000015,1.600890,undetermined,,1800.000000,0,census undetermined; no WCS; no SN flux,,,,,,,,,
69062,rawimage/2023-06-27/xwg17820.fts.fz,2023-06-26,2460122.816426,39.526119,R,4.000032,1.610838,clean,1231.000000,1800.000000,1,,11.769177,0.006014,0.013360,0.012026,0.006960,0.020192,0.360089,1,11.783952
69056,rawimage/2023-06-27/xwg17818.fts.fz,2023-06-26,2460122.856548,39.565526,H,128.000031,1.993660,undetermined,,1800.000000,0,census undetermined; no WCS; no SN flux,,,,,,,,,
69060,rawimage/2023-06-27/xwg1781d.fts.fz,2023-06-26,2460122.859647,39.568624,1,128.000031,2.023060,undetermined,1693.000000,1800.000000,0,census undetermined,11.580461,0.005335,0.003519,0.015405,0.006894,0.018047,,,
69067,rawimage/2023-06-27/xwg17827.fts.fz,2023-06-26,2460122.876027,39.585723,R,4.000032,2.278297,clean,842.000000,1800.000000,0,calibration: cloud (>0.5 mag),,,,,,,,,
69063,rawimage/2023-06-27/xwg17821.fts.fz,2023-06-26,2460122.876513,39.586221,G,2.000016,2.274563,clean,347.000000,1800.000000,0,calibration: cloud (>0.5 mag),,,,,,,,,
69061,rawimage/2023-06-27/xwg1781f.fts.fz,2023-06-26,2460122.877079,39.586058,H,128.000031,2.236809,undetermined,,1800.000000,0,census undetermined; no WCS; no SN flux,,,,,,,,,
69064,rawimage/2023-06-27/xwg17824.fts.fz,2023-06-26,2460122.896546,39.605526,1,128.000031,2.649469,undetermined,727.000000,1800.000000,0,census undetermined; calibration: cloud (>0.5 mag),,,,,,,,,
69065,rawimage/2023-06-27/xwg17825.fts.fz,2023-06-26,2460122.899326,39.608676,O,64.000015,2.702922,undetermined,,1800.000000,0,census undetermined; no WCS; no SN flux,,,,,,,,,
69066,rawimage/2023-06-27/xwg17826.fts.fz,2023-06-26,2460122.900631,39.609610,H,128.000031,2.732680,undetermined,,1800.000000,0,census undetermined; no WCS; no SN flux,,,,,,,,,
69141,rawimage/2023-06-28/xwg17904.fts.fz,2023-06-27,2460123.671521,40.381258,R,4.000032,1.104536,clean,1562.000000,1800.000000,1,,11.769063,0.005440,0.006903,0.012026,0.006181,0.016127,0.399624,1,11.784371
69142,rawimage/2023-06-28/xwg17905.fts.fz,2023-06-27,2460123.671877,40.381625,G,2.000016,1.105300,clean,587.000000,1800.000000,1,,12.208656,0.009575,0.009774,0.012740,0.010805,0.021593,0.399641,1,12.250728
69145,rawimage/2023-06-28/xwg1790b.fts.fz,2023-06-27,2460123.672103,40.381839,R,4.000032,1.105521,clean,1521.000000,1800.000000,1,,11.781768,0.005511,0.006914,0.012026,0.006184,0.016156,0.399651,1,11.797071
69140,rawimage/2023-06-28/xwg17902.fts.fz,2023-06-27,2460123.673093,40.382480,O,64.000015,1.103139,undetermined,,1800.000000,0,census undetermined; S2c indeterminate and own PSF check not passed; no WCS; no SN flux,,,,,,,,,
69146,rawimage/2023-06-28/xwg1790c.fts.fz,2023-06-27,2460123.714976,40.424726,G,2.000016,1.174274,clean,591.000000,1800.000000,1,,12.179357,0.009927,0.010866,0.012740,0.012098,0.022919,0.401634,1,12.221230
69143,rawimage/2023-06-28/xwg17906.fts.fz,2023-06-27,2460123.729894,40.439610,I,7.999981,1.211346,rejected,1817.000000,1800.000000,0,census rejected; own peak >= cap,11.843442,0.005422,0.005737,0.016324,0.005563,0.018967,0.402322,1,11.841846
69144,rawimage/2023-06-28/xwg17909.fts.fz,2023-06-27,2460123.730259,40.439648,O,64.000015,1.213485,undetermined,680.000000,1800.000000,0,census undetermined,12.119746,0.009803,0.002035,0.043656,0.011261,0.046183,,,
69147,rawimage/2023-06-28/xwg1790d.fts.fz,2023-06-27,2460123.731589,40.441305,I,7.999981,1.217111,clean,1185.000000,1800.000000,1,,11.797393,0.005401,0.005785,0.016324,0.005503,0.018958,0.402400,1,11.795791
69149,rawimage/2023-06-28/xwg17912.fts.fz,2023-06-27,2460123.731900,40.441639,R,4.000032,1.219078,clean,1652.000000,1800.000000,1,,11.719797,0.005539,0.008204,0.012026,0.006909,0.017039,0.402416,1,11.734580
69151,rawimage/2023-06-28/xwg17914.fts.fz,2023-06-27,2460123.773344,40.483061,I,7.999981,1.372500,clean,1628.000000,1800.000000,1,,11.802335,0.005364,0.007138,0.016324,0.004984,0.019263,0.404039,1,11.800572
69150,rawimage/2023-06-28/xwg17913.fts.fz,2023-06-27,2460123.773758,40.483511,G,2.000016,1.371146,clean,811.000000,1800.000000,1,,12.108360,0.009814,0.014252,0.012740,0.010857,0.024075,0.404042,1,12.150008
69148,rawimage/2023-06-28/xwg17910.fts.fz,2023-06-27,2460123.789361,40.498754,O,64.000015,1.449068,undetermined,,1800.000000,0,census undetermined; no WCS; no SN flux,,,,,,,,,
69155,rawimage/2023-06-28/xwg1791b.fts.fz,2023-06-27,2460123.789983,40.499701,I,7.999981,1.456412,rejected,1839.000000,1800.000000,0,census rejected; own peak >= cap,11.841780,0.005514,0.007920,0.016324,0.005206,0.019665,0.404131,1,11.839927
69154,rawimage/2023-06-28/xwg1791a.fts.fz,2023-06-27,2460123.790289,40.500042,G,2.000016,1.460423,clean,678.000000,1800.000000,1,,12.138751,0.010335,0.015915,0.012740,0.011114,0.025415,0.404132,1,12.180403
69153,rawimage/2023-06-28/xwg17919.fts.fz,2023-06-27,2460123.790519,40.500260,R,4.000032,1.461679,clean,1777.000000,1800.000000,1,,11.745701,0.005762,0.011271,0.012026,0.006319,0.018568,0.404134,1,11.759539
69159,rawimage/2023-06-28/xwg17922.fts.fz,2023-06-27,2460123.819613,40.529331,I,7.999981,1.653920,rejected,1826.000000,1800.000000,0,census rejected; own peak >= cap,11.794639,0.005582,0.009894,0.016324,0.005660,0.020677,0.404293,1,11.792574
69152,rawimage/2023-06-28/xwg17917.fts.fz,2023-06-27,2460123.827229,40.536624,O,64.000015,1.714682,undetermined,763.000000,1800.000000,0,census undetermined; calibration: cloud (>0.5 mag),,,,,,,,,
69157,rawimage/2023-06-28/xwg17920.fts.fz,2023-06-27,2460123.827632,40.537374,R,4.000032,1.727719,clean,1066.000000,1800.000000,1,,11.702120,0.006325,0.015102,0.012026,0.007274,0.021578,0.404337,1,11.714985
69158,rawimage/2023-06-28/xwg17921.fts.fz,2023-06-27,2460123.827765,40.537519,G,2.000016,1.725871,clean,393.000000,1800.000000,1,,12.162773,0.011705,0.021318,0.012740,0.014685,0.031135,0.404338,1,12.204442
69160,rawimage/2023-06-28/xwg17928.fts.fz,2023-06-27,2460123.860441,40.570196,G,2.000016,2.088916,clean,451.000000,1800.000000,1,,12.134667,0.011917,0.029774,0.012740,0.013203,0.036948,0.404518,1,12.176371
69161,rawimage/2023-06-28/xwg17929.fts.fz,2023-06-27,2460123.860515,40.570235,I,7.999981,2.079564,clean,1101.000000,1800.000000,1,,11.797901,0.005906,0.014771,0.016324,0.005839,0.023530,0.404518,1,11.795380
69156,rawimage/2023-06-28/xwg1791e.fts.fz,2023-06-27,2460123.872746,40.582143,O,64.000015,2.264531,undetermined,,1800.000000,0,census undetermined; no WCS; no SN flux,,,,,,,,,
69233,rawimage/2023-06-29/xwg18002.fts.fz,2023-06-28,2460124.666827,41.376262,O,64.000015,1.102596,undetermined,,1800.000000,0,census undetermined; no WCS; no SN flux,,,,,,,,,
69234,rawimage/2023-06-29/xwg18004.fts.fz,2023-06-28,2460124.668226,41.378011,R,4.000032,1.103997,rejected,2908.000000,1800.000000,0,census rejected; own peak >= cap,11.784097,0.005499,0.006897,0.012026,0.006238,0.016166,0.408954,1,11.799050
69235,rawimage/2023-06-29/xwg18005.fts.fz,2023-06-28,2460124.668581,41.378377,G,2.000016,1.104752,clean,1181.000000,1800.000000,1,,12.169991,0.009455,0.009766,0.012740,0.011040,0.021655,0.408956,1,12.211084
69236,rawimage/2023-06-29/xwg18006.fts.fz,2023-06-28,2460124.668905,41.378667,I,7.999981,1.105056,rejected,2809.000000,1800.000000,0,census rejected; own peak >= cap,11.831957,0.005197,0.004885,0.016324,0.004838,0.018460,0.408958,1,11.830501
69239,rawimage/2023-06-29/xwg1800c.fts.fz,2023-06-28,2460124.669568,41.379364,G,2.000016,1.105792,clean,896.000000,1800.000000,1,,12.174346,0.009638,0.009782,0.012740,0.011161,0.021805,0.408961,1,12.215439
69238,rawimage/2023-06-29/xwg1800b.fts.fz,2023-06-28,2460124.669792,41.379577,R,4.000032,1.106028,rejected,1811.000000,1800.000000,0,census rejected; own peak >= cap,11.750655,0.005552,0.006919,0.012026,0.006468,0.016283,0.408963,1,11.765600
69237,rawimage/2023-06-29/xwg18009.fts.fz,2023-06-28,2460124.714070,41.423507,O,64.000015,1.179394,undetermined,,1800.000000,0,census undetermined; no WCS; no SN flux,,,,,,,,,
69240,rawimage/2023-06-29/xwg1800d.fts.fz,2023-06-28,2460124.715263,41.425026,I,7.999981,1.182098,clean,1520.000000,1800.000000,1,,11.795667,0.006699,0.005497,0.016324,0.008380,0.020293,0.409212,1,11.794129
69244,rawimage/2023-06-29/xwg18014.fts.fz,2023-06-28,2460124.715572,41.425336,I,7.999981,1.183686,clean,383.000000,1800.000000,0,calibration: cloud (>0.5 mag),,,,,,,,,
69243,rawimage/2023-06-29/xwg18013.fts.fz,2023-06-28,2460124.716234,41.426032,G,2.000016,1.185344,clean,355.000000,1800.000000,0,calibration: cloud (>0.5 mag),,,,,,,,,
69242,rawimage/2023-06-29/xwg18012.fts.fz,2023-06-28,2460124.728827,41.438612,R,4.000032,1.218222,bounded_clean,,1800.000000,0,no WCS; no SN flux,,,,,,,,,
69246,rawimage/2023-06-29/xwg18019.fts.fz,2023-06-28,2460124.819691,41.529481,R,4.000032,1.677234,clean,928.000000,1800.000000,1,,11.793121,0.006182,0.014339,0.012026,0.007319,0.021024,0.410226,1,11.805975
69248,rawimage/2023-06-29/xwg1801b.fts.fz,2023-06-28,2460124.829087,41.538855,I,7.999981,1.766109,clean,1226.000000,1800.000000,1,,11.826809,0.005607,0.011098,0.016324,0.005929,0.021360,0.410342,1,11.824657
69247,rawimage/2023-06-29/xwg1801a.fts.fz,2023-06-28,2460124.829124,41.538927,G,2.000016,1.763516,clean,606.000000,1800.000000,1,,12.178846,0.010680,0.022138,0.012740,0.011986,0.030169,0.410343,1,12.219888
69241,rawimage/2023-06-29/xwg18010.fts.fz,2023-06-28,2460124.830743,41.540186,O,64.000015,1.751105,undetermined,,1800.000000,0,census undetermined; no WCS; no SN flux,,,,,,,,,
69249,rawimage/2023-06-29/xwg18022.fts.fz,2023-06-28,2460124.859283,41.569052,I,7.999981,2.100561,clean,949.000000,1800.000000,1,,11.788096,0.005706,0.015033,0.016324,0.006377,0.023784,0.410716,1,11.785592
69245,rawimage/2023-06-29/xwg18017.fts.fz,2023-06-28,2460124.870265,41.579710,O,64.000015,2.257704,undetermined,,1800.000000,0,census undetermined; no WCS; no SN flux,,,,,,,,,
69250,rawimage/2023-06-29/xwg18029.fts.fz,2023-06-28,2460124.870765,41.580535,I,7.999981,2.276777,clean,701.000000,1800.000000,1,,11.815499,0.006100,0.017309,0.016324,0.006010,0.025287,0.410858,1,11.812809
69325,rawimage/2023-06-30/xwg18102.fts.fz,2023-06-29,2460125.662880,42.372363,O,64.000015,1.101364,undetermined,1445.000000,1800.000000,0,census undetermined,12.187739,0.007630,0.001717,0.043656,0.011165,0.045735,,,
69326,rawimage/2023-06-30/xwg18104.fts.fz,2023-06-29,2460125.664255,42.374087,R,4.000032,1.102791,rejected,2091.000000,1800.000000,0,census rejected; own peak >= cap,11.806539,0.005381,0.006884,0.012026,0.006541,0.016240,0.420673,1,11.821048
69327,rawimage/2023-06-30/xwg18105.fts.fz,2023-06-29,2460125.664609,42.374453,G,2.000016,1.103524,clean,869.000000,1800.000000,1,,12.255717,0.009307,0.009747,0.012740,0.011599,0.021873,0.420678,1,12.295579
69328,rawimage/2023-06-30/xwg18106.fts.fz,2023-06-29,2460125.664930,42.374739,I,7.999981,1.103819,rejected,2309.000000,1800.000000,0,census rejected; own peak >= cap,11.887440,0.005109,0.004876,0.016324,0.005144,0.018515,0.420681,1,11.886028
69329,rawimage/2023-06-30/xwg18109.fts.fz,2023-06-29,2460125.676684,42.386167,O,64.000015,1.116200,undetermined,1299.000000,1800.000000,0,census undetermined,12.182850,0.007358,0.001758,0.043656,0.011069,0.045668,,,
69330,rawimage/2023-06-30/xwg1810b.fts.fz,2023-06-29,2460125.677386,42.387219,R,4.000032,1.118071,rejected,2329.000000,1800.000000,0,census rejected; own peak >= cap,11.861691,0.005468,0.007052,0.012026,0.006033,0.016144,0.420836,1,11.876141
69331,rawimage/2023-06-30/xwg1810c.fts.fz,2023-06-29,2460125.677737,42.387581,G,2.000016,1.119034,clean,902.000000,1800.000000,1,,12.269427,0.009426,0.009988,0.012740,0.011043,0.021745,0.420840,1,12.309273
69332,rawimage/2023-06-30/xwg1810d.fts.fz,2023-06-29,2460125.678056,42.387866,I,7.999981,1.119427,rejected,1937.000000,1800.000000,0,census rejected; own peak >= cap,11.893054,0.005139,0.004997,0.016324,0.004807,0.018465,0.420844,1,11.891627
69335,rawimage/2023-06-30/xwg18114.fts.fz,2023-06-29,2460125.710824,42.420634,I,7.999981,1.172385,rejected,1991.000000,1800.000000,0,census rejected; own peak >= cap,11.851585,0.005143,0.005418,0.016324,0.004993,0.018634,0.421249,1,11.850105
69333,rawimage/2023-06-30/xwg18112.fts.fz,2023-06-29,2460125.722186,42.432020,R,4.000032,1.207563,rejected,2646.000000,1800.000000,0,census rejected; own peak >= cap,11.748599,0.005225,0.008069,0.012026,0.005840,0.016466,0.421390,1,11.762716
69334,rawimage/2023-06-30/xwg18113.fts.fz,2023-06-29,2460125.722700,42.432546,G,2.000016,1.207002,clean,933.000000,1800.000000,1,,12.252983,0.009504,0.011402,0.012740,0.010781,0.022335,0.421396,1,12.292783
69337,rawimage/2023-06-30/xwg1811a.fts.fz,2023-06-29,2460125.770787,42.480634,G,2.000016,1.386954,clean,652.000000,1800.000000,1,,12.223058,0.009824,0.014541,0.012740,0.010838,0.024243,0.421991,1,12.262820
69338,rawimage/2023-06-30/xwg1811b.fts.fz,2023-06-29,2460125.770857,42.480670,I,7.999981,1.383598,rejected,1858.000000,1800.000000,0,census rejected; own peak >= cap,11.814779,0.005133,0.007240,0.016324,0.004876,0.019210,0.421992,1,11.813085
69336,rawimage/2023-06-30/xwg18119.fts.fz,2023-06-29,2460125.771008,42.480844,R,4.000032,1.387967,rejected,1915.000000,1800.000000,0,census rejected; own peak >= cap,11.748858,0.005397,0.010295,0.012026,0.006161,0.017824,0.421994,1,11.762327
69340,rawimage/2023-06-30/xwg18121.fts.fz,2023-06-29,2460125.807406,42.517255,G,2.000016,1.608493,clean,550.000000,1800.000000,1,,12.213959,0.010011,0.018846,0.012740,0.011865,0.027540,0.422444,1,12.253705
69339,rawimage/2023-06-30/xwg18120.fts.fz,2023-06-29,2460125.807627,42.517465,R,4.000032,1.610045,clean,1517.000000,1800.000000,1,,11.789577,0.005580,0.013349,0.012026,0.006410,0.019875,0.422447,1,11.802261
69341,rawimage/2023-06-30/xwg18122.fts.fz,2023-06-29,2460125.856431,42.566247,I,7.999981,2.069665,rejected,2012.000000,1800.000000,0,census rejected; own peak >= cap,11.838909,0.005376,0.014648,0.016324,0.005389,0.023216,0.423050,1,11.836516
69342,rawimage/2023-06-30/xwg18127.fts.fz,2023-06-29,2460125.863851,42.573691,R,4.000032,2.173586,rejected,1889.000000,1800.000000,0,census rejected; own peak >= cap,11.779931,0.005671,0.022570,0.012026,0.007259,0.027182,0.423142,1,11.790642
69416,rawimage/2023-07-06/xwg18704.fts.fz,2023-07-05,2460131.666829,48.376943,R,4.000032,1.127247,rejected,1951.000000,1800.000000,0,census rejected; own peak >= cap,11.846686,0.005449,0.007153,0.012026,0.005962,0.016156,0.494923,1,11.858287
69417,rawimage/2023-07-06/xwg18705.fts.fz,2023-07-05,2460131.667535,48.377661,G,2.000016,1.128335,clean,871.000000,1800.000000,1,,12.386594,0.010084,0.010133,0.012740,0.010712,0.021941,0.494932,1,12.418654
69418,rawimage/2023-07-06/xwg18706.fts.fz,2023-07-05,2460131.667854,48.377945,I,7.999981,1.128777,rejected,2123.000000,1800.000000,0,census rejected; own peak >= cap,11.892011,0.005190,0.005070,0.016324,0.004782,0.018493,0.494935,1,11.890855
69414,rawimage/2023-07-06/xwg18702.fts.fz,2023-07-05,2460131.702626,48.412395,O,64.000015,1.198073,clean,1156.000000,1800.000000,1,,12.166173,0.007468,0.001990,0.043656,0.009864,0.045419,,,
69420,rawimage/2023-07-06/xwg1870b.fts.fz,2023-07-05,2460131.703278,48.413393,R,4.000032,1.200650,clean,1731.000000,1800.000000,1,,11.799334,0.005471,0.007988,0.012026,0.005982,0.016558,0.495374,1,11.810712
69421,rawimage/2023-07-06/xwg1870c.fts.fz,2023-07-05,2460131.703626,48.413753,G,2.000016,1.202559,clean,686.000000,1800.000000,1,,12.348421,0.010104,0.011328,0.012740,0.010875,0.022605,0.495378,1,12.380443
69426,rawimage/2023-07-06/xwg18714.fts.fz,2023-07-05,2460131.713780,48.423873,I,7.999981,1.230995,rejected,1870.000000,1800.000000,0,census rejected; own peak >= cap,11.900769,0.005301,0.005901,0.016324,0.004810,0.018776,0.495504,1,11.899531
69422,rawimage/2023-07-06/xwg1870d.fts.fz,2023-07-05,2460131.713841,48.423934,I,7.999981,1.228992,rejected,1819.000000,1800.000000,0,census rejected; own peak >= cap,11.895860,0.005265,0.005884,0.016324,0.004852,0.018771,0.495504,1,11.894623
69425,rawimage/2023-07-06/xwg18713.fts.fz,2023-07-05,2460131.714437,48.424564,G,2.000016,1.233085,clean,689.000000,1800.000000,1,,12.381396,0.010248,0.011836,0.012740,0.010992,0.022984,0.495512,1,12.413408
69424,rawimage/2023-07-06/xwg18712.fts.fz,2023-07-05,2460131.714656,48.424772,R,4.000032,1.233681,clean,1782.000000,1800.000000,1,,11.866653,0.005659,0.008377,0.012026,0.006105,0.016855,0.495515,1,11.877933
69419,rawimage/2023-07-06/xwg18709.fts.fz,2023-07-05,2460131.752301,48.462071,O,64.000015,1.373072,undetermined,,1800.000000,0,census undetermined; no WCS; no SN flux,,,,,,,,,
69429,rawimage/2023-07-06/xwg1871a.fts.fz,2023-07-05,2460131.760741,48.470870,G,2.000016,1.420326,clean,376.000000,1800.000000,1,,12.356768,0.010999,0.015159,0.012740,0.011340,0.025331,0.496076,1,12.388741
69430,rawimage/2023-07-06/xwg1871b.fts.fz,2023-07-05,2460131.760808,48.470902,I,7.999981,1.416702,clean,907.000000,1800.000000,1,,11.909667,0.005641,0.007546,0.016324,0.005178,0.019546,0.496076,1,11.908277
69428,rawimage/2023-07-06/xwg18719.fts.fz,2023-07-05,2460131.760959,48.471077,R,4.000032,1.421419,clean,1022.000000,1800.000000,1,,11.837231,0.005932,0.010733,0.012026,0.006368,0.018318,0.496078,1,11.847968
69423,rawimage/2023-07-06/xwg18710.fts.fz,2023-07-05,2460131.800770,48.510542,O,64.000015,1.684793,undetermined,,1800.000000,0,census undetermined; no WCS; no SN flux,,,,,,,,,
69427,rawimage/2023-07-06/xwg18717.fts.fz,2023-07-05,2460131.806372,48.516145,O,64.000015,1.733240,undetermined,,1800.000000,0,census undetermined; no WCS; no SN flux,,,,,,,,,
69434,rawimage/2023-07-06/xwg18722.fts.fz,2023-07-05,2460131.807657,48.517753,I,7.999981,1.744511,clean,1259.000000,1800.000000,1,,11.893990,0.005612,0.010861,0.016324,0.005246,0.021059,0.496608,1,11.892332
69433,rawimage/2023-07-06/xwg18721.fts.fz,2023-07-05,2460131.807953,48.518084,G,2.000016,1.750848,clean,518.000000,1800.000000,1,,12.340005,0.011387,0.021861,0.012740,0.012240,0.030326,0.496612,1,12.371959
69432,rawimage/2023-07-06/xwg18720.fts.fz,2023-07-05,2460131.808175,48.518294,R,4.000032,1.752759,clean,1293.000000,1800.000000,1,,11.839847,0.006002,0.015488,0.012026,0.006677,0.021566,0.496615,1,11.849642
69413,rawimage/2023-07-06/xwg18701.fts.fz,2023-07-05,2460131.845214,48.554617,1,128.000031,2.177440,rejected,1966.000000,1800.000000,0,census rejected; own peak >= cap,11.631671,0.005289,0.004002,0.015405,0.007215,0.018258,,,
69431,rawimage/2023-07-06/xwg1871e.fts.fz,2023-07-05,2460131.847749,48.557524,O,64.000015,2.210005,undetermined,,1800.000000,0,census undetermined; no WCS; no SN flux,,,,,,,,,
69435,rawimage/2023-07-06/xwg18745.fts.fz,2023-07-05,2460131.848415,48.558513,I,7.999981,2.230956,rejected,2208.000000,1800.000000,0,census rejected; own peak >= cap,11.899986,0.005782,0.016704,0.016324,0.005567,0.024697,0.497072,1,11.897930
69415,rawimage/2023-07-06/xwg18703.fts.fz,2023-07-05,2460131.852634,48.562038,H,128.000031,2.280811,undetermined,,1800.000000,0,census undetermined; no WCS; no SN flux,,,,,,,,,
70887,rawimage/2023-07-07/xwg18805.fts.fz,2023-07-06,2460132.689093,49.399267,G,2.000016,1.173949,clean,496.000000,1800.000000,1,,12.442157,0.010472,0.010861,0.012740,0.010379,0.022308,0.506624,1,12.472994
70886,rawimage/2023-07-07/xwg18804.fts.fz,2023-07-06,2460132.689116,49.399278,R,4.000032,1.172350,clean,1276.000000,1800.000000,1,,11.881434,0.005685,0.007662,0.012026,0.006111,0.016522,0.506625,1,11.892468
70888,rawimage/2023-07-07/xwg18806.fts.fz,2023-07-06,2460132.689411,49.399550,I,7.999981,1.174573,clean,1354.000000,1800.000000,1,,11.973531,0.005486,0.005436,0.016324,0.004852,0.018699,0.506628,1,11.972383
70892,rawimage/2023-07-07/xwg1880b.fts.fz,2023-07-06,2460132.690085,49.400247,R,4.000032,1.176143,clean,1453.000000,1800.000000,1,,11.913548,0.005741,0.007705,0.012026,0.006103,0.016559,0.506636,1,11.924571
70883,rawimage/2023-07-07/xwg18801.fts.fz,2023-07-06,2460132.705483,49.414928,1,128.000031,1.213084,rejected,2263.000000,1800.000000,0,census rejected; own peak >= cap,11.656392,0.004985,0.001438,0.015405,0.006798,0.017619,,,
70894,rawimage/2023-07-07/xwg1880d.fts.fz,2023-07-06,2460132.706763,49.416903,I,7.999981,1.218634,clean,1731.000000,1800.000000,1,,11.920828,0.005404,0.005797,0.016324,0.004909,0.018799,0.506825,1,11.919645
70893,rawimage/2023-07-07/xwg1880c.fts.fz,2023-07-06,2460132.707175,49.417350,G,2.000016,1.217813,clean,783.000000,1800.000000,1,,12.435241,0.010594,0.011581,0.012740,0.010842,0.022939,0.506830,1,12.466062
70884,rawimage/2023-07-07/xwg18802.fts.fz,2023-07-06,2460132.712300,49.422114,O,64.000015,1.233924,undetermined,1129.000000,1800.000000,0,census undetermined,12.279563,0.007802,0.002095,0.043656,0.010469,0.045615,,,
70900,rawimage/2023-07-07/xwg18814.fts.fz,2023-07-06,2460132.713735,49.423875,I,7.999981,1.238210,rejected,2111.000000,1800.000000,0,census rejected; own peak >= cap,11.932454,0.005449,0.005961,0.016324,0.005209,0.018943,0.506904,1,11.931257
70890,rawimage/2023-07-07/xwg18809.fts.fz,2023-07-06,2460132.727243,49.437059,O,64.000015,1.281046,clean,787.000000,1800.000000,1,,12.273234,0.008153,0.002237,0.043656,0.010483,0.045686,,,
70885,rawimage/2023-07-07/xwg18803.fts.fz,2023-07-06,2460132.727485,49.436929,H,128.000031,1.272683,undetermined,2705.000000,1800.000000,0,census undetermined; own peak >= cap,11.223327,0.003614,0.001564,0.032934,0.007154,0.033932,,,
70889,rawimage/2023-07-07/xwg18808.fts.fz,2023-07-06,2460132.730921,49.440367,1,128.000031,1.293236,rejected,2170.000000,1800.000000,0,census rejected; own peak >= cap,11.657243,0.005047,0.001608,0.015405,0.006957,0.017713,,,
70899,rawimage/2023-07-07/xwg18813.fts.fz,2023-07-06,2460132.731877,49.442053,G,2.000016,1.302453,clean,696.000000,1800.000000,1,,12.391254,0.010638,0.013026,0.012740,0.011104,0.023842,0.507111,1,12.422054
70898,rawimage/2023-07-07/xwg18812.fts.fz,2023-07-06,2460132.731900,49.442063,R,4.000032,1.299691,rejected,1985.000000,1800.000000,0,census rejected; own peak >= cap,11.852864,0.005720,0.009177,0.012026,0.006091,0.017282,0.507111,1,11.863538
70891,rawimage/2023-07-07/xwg1880a.fts.fz,2023-07-06,2460132.747576,49.457022,H,128.000031,1.365696,undetermined,3329.000000,1800.000000,0,census undetermined; own peak >= cap,11.339799,0.004015,0.001769,0.032934,0.006724,0.033899,,,
70896,rawimage/2023-07-07/xwg18810.fts.fz,2023-07-06,2460132.750291,49.460108,O,64.000015,1.376668,clean,1080.000000,1800.000000,1,,12.141108,0.009263,0.002537,0.043656,0.012185,0.046331,,,
70902,rawimage/2023-07-07/xwg18817.fts.fz,2023-07-06,2460132.765973,49.475790,O,64.000015,1.458148,undetermined,1157.000000,1800.000000,0,census undetermined,12.223350,0.008609,0.002806,0.043656,0.009472,0.045580,,,
70895,rawimage/2023-07-07/xwg1880f.fts.fz,2023-07-06,2460132.766129,49.475576,1,128.000031,1.444475,clean,1661.000000,1800.000000,1,,11.662863,0.005887,0.001952,0.015405,0.007035,0.018035,,,
70897,rawimage/2023-07-07/xwg18811.fts.fz,2023-07-06,2460132.772518,49.481964,H,128.000031,1.498928,undetermined,3164.000000,1800.000000,0,census undetermined; own peak >= cap,11.247939,0.003796,0.002082,0.032934,0.006584,0.033864,,,
70905,rawimage/2023-07-07/xwg1881a.fts.fz,2023-07-06,2460132.774848,49.485025,G,2.000016,1.518066,clean,617.000000,1800.000000,1,,12.391020,0.011650,0.017031,0.012740,0.011084,0.026663,0.507156,1,12.421838
70906,rawimage/2023-07-07/xwg1881b.fts.fz,2023-07-06,2460132.774928,49.485071,I,7.999981,1.513729,rejected,2257.000000,1800.000000,0,census rejected; own peak >= cap,11.924641,0.005657,0.008473,0.016324,0.004795,0.019831,0.507156,1,11.923224
70904,rawimage/2023-07-07/xwg18819.fts.fz,2023-07-06,2460132.775069,49.485235,R,4.000032,1.519395,clean,370.000000,1800.000000,0,calibration: cloud (>0.5 mag),,,,,,,,,
70907,rawimage/2023-07-07/xwg1881e.fts.fz,2023-07-06,2460132.816937,49.526756,O,64.000015,1.855422,undetermined,,1800.000000,0,census undetermined; no WCS; no SN flux,,,,,,,,,
70901,rawimage/2023-07-07/xwg18816.fts.fz,2023-07-06,2460132.817780,49.527229,1,128.000031,1.837322,clean,1532.000000,1800.000000,1,,11.645724,0.005581,0.002973,0.015405,0.007214,0.018148,,,
70903,rawimage/2023-07-07/xwg18818.fts.fz,2023-07-06,2460132.818227,49.527676,H,128.000031,1.868985,undetermined,2087.000000,1800.000000,0,census undetermined; own peak >= cap,11.261073,0.004149,0.003063,0.032934,0.007199,0.034104,,,
70909,rawimage/2023-07-07/xwg18820.fts.fz,2023-07-06,2460132.819750,49.529917,R,4.000032,1.897169,clean,1382.000000,1800.000000,1,,11.835975,0.006496,0.017789,0.012026,0.007097,0.023529,0.507156,1,11.845041
70910,rawimage/2023-07-07/xwg18821.fts.fz,2023-07-06,2460132.820256,49.530435,G,2.000016,1.894880,clean,378.000000,1800.000000,0,calibration: cloud (>0.5 mag),,,,,,,,,
70911,rawimage/2023-07-07/xwg18822.fts.fz,2023-07-06,2460132.852894,49.563039,I,7.999981,2.257611,clean,1019.000000,1800.000000,1,,11.926696,0.006361,0.017055,0.016324,0.005823,0.025134,0.507156,1,11.924687
70912,rawimage/2023-07-07/xwg18825.fts.fz,2023-07-06,2460132.861581,49.571402,O,64.000015,2.452603,undetermined,,1800.000000,0,census undetermined; no WCS; no SN flux,,,,,,,,,
70914,rawimage/2023-07-07/xwg18828.fts.fz,2023-07-06,2460132.871278,49.581458,G,2.000016,2.721376,clean,386.000000,1800.000000,0,calibration: cloud (>0.5 mag),,,,,,,,,
70915,rawimage/2023-07-07/xwg18829.fts.fz,2023-07-06,2460132.871346,49.581492,I,7.999981,2.705622,clean,1005.000000,1800.000000,1,,11.937226,0.006567,0.023411,0.016324,0.006930,0.030095,0.507156,1,11.934860
70913,rawimage/2023-07-07/xwg18827.fts.fz,2023-07-06,2460132.871496,49.581665,R,4.000032,2.726136,clean,1043.000000,1800.000000,1,,11.874823,0.007237,0.033549,0.012026,0.008801,0.037416,0.507156,1,11.881661
70908,rawimage/2023-07-07/xwg1881f.fts.fz,2023-07-06,2460132.871887,49.581339,H,128.000031,2.653074,undetermined,,1800.000000,0,census undetermined; no WCS; no SN flux,,,,,,,,,
